tw_id,market,origin,vehicle_class,powertrain,issue_year_ce,issue_date,make,model,transmission,doors,displacement_cc,reference_mass_kg,applicant,source_file
77757ba35a8a39ba,TW,import,passenger,ice,2017,2017-02-21,ABARTH,595,A5,3D,1368.0,1209.0,新北市公會,進口小客車車型耗能證明106年2月核發資料.csv
0dbf138532ae0b7d,TW,import,passenger,ice,2017,2017-01-12,ASTON MARTIN,DB11,A8,2D,5204,1993,永三汽車,進口小客車車型耗能證明106年1月核發資料.csv
9fd7793d64878539,TW,import,passenger,ice,2017,2017-12-14,ASTON MARTIN,DB11 V12,A8,2D,5204.0,2020.0,永三汽車,進口小客車車型耗能證明106年12月核發資料.csv
da503164ad35a61d,TW,import,passenger,ice,2017,2017-12-07,ASTON MARTIN,DB11 V8,A8,2D,3982.0,1846.0,永三汽車,進口小客車車型耗能證明106年12月核發資料.csv
4608838d4173eeb6,TW,import,passenger,ice,2017,2017-11-08,ASTON MARTIN,RAPIDE S (421.3kW),A8,5D,5935.0,2113.0,永三汽車,進口小客車車型耗能證明106年11月核發資料.csv
12623aa95c402282,TW,import,passenger,ice,2017,2017-04-11,ASTON MARTIN,V12 VANTAGE S ROADSTER,A7,2D,5935.0,1864.0,永三汽車,進口小客車車型耗能證明106年4月核發資料.csv
9895199d732b2b0d,TW,import,passenger,ice,2017,2017-06-07,ASTON MARTIN,V12 VANTAGE S SPORT-PLUS,M7,2D,5935.0,1790.0,永三汽車,進口小客車車型耗能證明106年6月核發資料.csv
a3e8ca7711a554b4,TW,import,passenger,ice,2017,2017-03-31,ASTON MARTIN,V8 VANTAGE S,A7,2D,4735.0,1732.0,永三汽車,進口小客車車型耗能證明106年3月核發資料.csv
22b512fa60926f79,TW,import,passenger,ice,2017,2017-03-27,ASTON MARTIN,V8 VANTAGE S ROADSTER,A7,2D,4735.0,1815.0,永三汽車,進口小客車車型耗能證明106年3月核發資料.csv
cb37caa5b7c26571,TW,import,passenger,ice,2017,2017-07-13,ASTON MARTIN,VANQUISH S,A8,2D,5935.0,1899.0,永三汽車,進口小客車車型耗能證明106年7月核發資料.csv
4ddd4db206f2a0b4,TW,import,passenger,ice,2017,2017-10-06,ASTON MARTIN,VANQUISH ZAGATO,A8,2D,5935.0,1926.0,永三汽車,進口小客車車型耗能證明106年10月核發資料.csv
544b2d4e57d5590b,TW,import,passenger,ice,2017,2017-03-27,ASTON MARTIN,VANTAGE GT8,M6,2D,4735.0,1641.0,永三汽車,進口小客車車型耗能證明106年3月核發資料.csv
9699433a6f146ad8,TW,import,passenger,ice,2017,2017-08-03,AUDI,A3 35 TFSI,A7,4D,1498.0,1436.0,奧迪福斯,進口小客車車型耗能證明106年8月核發資料.csv
80921c46229e7b38,TW,import,passenger,ice,2017,2017-07-20,AUDI,A3 35 TFSI HATCHBACK,A7,4D,1498.0,1425.0,奧迪福斯,進口小客車車型耗能證明106年7月核發資料.csv
ffb08950aa16a257,TW,import,passenger,ice,2017,2017-08-03,AUDI,A3 40 TFSI HATCHBACK,A7,4D,1984.0,1488.0,奧迪福斯,進口小客車車型耗能證明106年8月核發資料.csv
7dc48708b463de7a,TW,import,passenger,ice,2017,2017-09-20,AUDI,A4 45 TFSI quattro,A7,4D,1984.0,1701.0,奧迪福斯,進口小客車車型耗能證明106年9月核發資料.csv
46455bcee640d200,TW,import,passenger,ice,2017,2017-08-31,AUDI,A4 45 TFSI quattro,A7,5D,1984.0,1771.0,奧迪福斯,進口小客車車型耗能證明106年8月核發資料.csv
62bdd41ad3bf653a,TW,import,passenger,ice,2017,2017-04-19,AUDI,A5 40 TFSI,A7,2D,1984.0,1572.0,奧迪福斯,進口小客車車型耗能證明106年4月核發資料.csv
d0c2c95c18d5f1ca,TW,import,passenger,ice,2017,2017-04-19,AUDI,A5 40 TFSI,A7,4D,1984.0,1612.0,奧迪福斯,進口小客車車型耗能證明106年4月核發資料.csv
f3f426c0eb52a4f8,TW,import,passenger,ice,2017,2017-05-09,AUDI,A5 45 TFSI quattro,A7,2D,1984.0,1683.0,奧迪福斯,進口小客車車型耗能證明106年5月核發資料.csv
4646af975ed6512f,TW,import,passenger,ice,2017,2017-09-20,AUDI,A5 45 TFSI quattro,A7,2D,1984.0,1693.0,奧迪福斯,進口小客車車型耗能證明106年9月核發資料.csv
9d6c80bf63bc30a7,TW,import,passenger,ice,2017,2017-05-03,AUDI,A5 45 TFSI quattro,A7,4D,1984.0,1725.0,奧迪福斯,進口小客車車型耗能證明106年5月核發資料.csv
ad15b73b9ce0b3b8,TW,import,passenger,ice,2017,2017-09-20,AUDI,A5 45 TFSI quattro,A7,4D,1984.0,1740.0,奧迪福斯,進口小客車車型耗能證明106年9月核發資料.csv
6015e1380b5ea819,TW,import,passenger,ice,2017,2017-08-03,AUDI,Q2 35 TFSI HATCHBACK,A7,4D,1395.0,1422.0,奧迪福斯,進口小客車車型耗能證明106年8月核發資料.csv
1275265fd48a429c,TW,import,passenger,ice,2017,2017-07-04,AUDI,Q5 35 TDI quattro,A7,5D,1968.0,1977.0,奧迪福斯,進口小客車車型耗能證明106年7月核發資料.csv
012c3e6634e994dc,TW,import,passenger,ice,2017,2017-06-26,AUDI,Q5 45 TFSI quattro,A7,5D,1984.0,1913.0,奧迪福斯,進口小客車車型耗能證明106年6月核發資料.csv
86aa6228bd639f6b,TW,import,passenger,ice,2017,2017-12-20,AUDI,S3,A7,4D,1984.0,1630.0,奧迪福斯,進口小客車車型耗能證明106年12月核發資料.csv
7756ea48ef0dd2a3,TW,import,passenger,ice,2017,2017-12-20,AUDI,S3 HATCHBACK,A7,4D,1984.0,1639.0,奧迪福斯,進口小客車車型耗能證明106年12月核發資料.csv
4942ae7004bcc7d1,TW,import,passenger,ice,2017,2017-08-14,AUDI,S5,A8,2D,2995.0,1798.0,奧迪福斯,進口小客車車型耗能證明106年8月核發資料.csv
794bd848f0d1f0b3,TW,import,passenger,ice,2017,2017-06-26,AUDI,S5,A8,4D,2995.0,1819.0,奧迪福斯,進口小客車車型耗能證明106年6月核發資料.csv
7b1319fed539357e,TW,import,passenger,ice,2017,2017-09-14,AUDI,SQ5,A8,5D,2995.0,2024.0,奧迪福斯,進口小客車車型耗能證明106年9月核發資料.csv
520979a17916be7d,TW,import,passenger,ice,2017,2017-01-12,AUDI(註一),A6 35 TDI,A7,5D,1968,1838,奧迪福斯,進口小客車車型耗能證明106年1月核發資料.csv
ccf61d71cf062685,TW,import,passenger,ice,2017,2017-03-16,BENTLEY,CONTINENTAL GT SPEED,A8,2D,5998.0,2449.0,永三汽車,進口小客車車型耗能證明106年3月核發資料.csv
49d84f61304af0bd,TW,import,passenger,ice,2017,2017-07-13,BENTLEY,CONTINENTAL SUPERSPORTS,A8,2D,5998.0,2335.0,永三汽車,進口小客車車型耗能證明106年7月核發資料.csv
513ac7ed65ab0e34,TW,import,passenger,ice,2017,2017-12-20,BENTLEY,CONTINENTAL SUPERSPORTS CONVERTIBLE,A8,2D,5998.0,2595.0,永三汽車,進口小客車車型耗能證明106年12月核發資料.csv
d29c7124e932a217,TW,import,passenger,ice,2017,2017-03-03,BENTLEY,FLYING SPUR V8 S,A8,4D,3993.0,2585.0,永三汽車,進口小客車車型耗能證明106年3月核發資料.csv
51acace525d43dec,TW,import,passenger,ice,2017,2017-04-28,BMW,420I GRAN COUPE (德國),A8,5D,1998.0,1712.0,汎德公司,進口小客車車型耗能證明106年4月核發資料.csv
95019fc69a7ac54b,TW,import,passenger,ice,2017,2017-03-20,BMW,430I GRAN COUPE,A8,4D,1998.0,1754.0,新北市公會,進口小客車車型耗能證明106年3月核發資料.csv
c034f49718781dc3,TW,import,passenger,ice,2017,2017-04-24,BMW,430I GRAN COUPE (德國),A8,5D,1998.0,1769.0,汎德公司,進口小客車車型耗能證明106年4月核發資料.csv
0cb558641e26f08f,TW,import,passenger,ice,2017,2017-06-08,BMW,440I GRAN COUPE,A8,5D,2998.0,1810.0,汎德公司,進口小客車車型耗能證明106年6月核發資料.csv
7ea8759ca0b9a6d4,TW,import,passenger,ice,2017,2017-02-24,BMW,520D SEDAN,A8,4D,1995.0,1757.0,汎德公司,進口小客車車型耗能證明106年2月核發資料.csv
b8828db0153b34a8,TW,import,passenger,ice,2017,2017-07-21,BMW,520D SEDAN,M6,4D,1995.0,1731.0,汎德公司,進口小客車車型耗能證明106年7月核發資料.csv
edae98ec90850bbc,TW,import,passenger,ice,2017,2017-06-15,BMW,520D TOURING,A8,5D,1995.0,1881.0,汎德公司,進口小客車車型耗能證明106年6月核發資料.csv
48e28d7f6af230d9,TW,import,passenger,ice,2017,2017-09-04,BMW,520I SEDAN (德國),A8,4D,1998.0,1717.0,汎德公司,進口小客車車型耗能證明106年9月核發資料.csv
07e11ddf3b8e1ed4,TW,import,passenger,ice,2017,2017-09-25,BMW,520I TOURING (德國),A8,5D,1998.0,1817.0,汎德公司,進口小客車車型耗能證明106年9月核發資料.csv
b46bf91ffe3b9a84,TW,import,passenger,ice,2017,2017-05-24,BMW,530D SEDAN,A8,4D,2993.0,1880.0,汎德公司,進口小客車車型耗能證明106年5月核發資料.csv
15e1b9fa5d3bfbe6,TW,import,passenger,ice,2017,2017-08-14,BMW,530I,A8,4D,1998.0,1710.0,新北市公會,進口小客車車型耗能證明106年8月核發資料.csv
18d8a0b5378a370f,TW,import,passenger,ice,2017,2017-02-08,BMW,530I SEDAN (7S2)(德國),A8,4D,1998.0,1740.0,汎德公司,進口小客車車型耗能證明106年2月核發資料.csv
8d750364f119ad2a,TW,import,passenger,ice,2017,2017-01-26,BMW,530I SEDAN (德國),A8,4D,1998,1771,汎德公司,進口小客車車型耗能證明106年1月核發資料.csv
ce80533c20a67b35,TW,import,passenger,ice,2017,2017-05-23,BMW,530I TOURING (德國),A8,5D,1998.0,1874.0,汎德公司,進口小客車車型耗能證明106年5月核發資料.csv
ed623538ca27fd8d,TW,import,passenger,ice,2017,2017-04-24,BMW,540I SEDAN,A8,4D,2998.0,1824.0,汎德公司,進口小客車車型耗能證明106年4月核發資料.csv
6856d6153cb6f682,TW,import,passenger,ice,2017,2017-10-16,BMW,630I GRAN TURISMO (德國),A8,4D,1998.0,1973.0,汎德公司,進口小客車車型耗能證明106年10月核發資料.csv
ee2811737a3da4de,TW,import,passenger,ice,2017,2017-10-26,BMW,640I GRAN TURISMO,A8,4D,2998.0,2042.0,汎德公司,進口小客車車型耗能證明106年10月核發資料.csv
04744554cc799fb8,TW,import,passenger,ice,2017,2017-04-11,BMW,750I XDRIVE SEDAN,A8,4D,4395.0,2102.0,汎德公司,進口小客車車型耗能證明106年4月核發資料.csv
406c9adc3f7f8368,TW,import,passenger,ice,2017,2017-04-11,BMW,750LD XDRIVE SEDAN,A8,4D,2993.0,2221.0,汎德公司,進口小客車車型耗能證明106年4月核發資料.csv
bd0419395e8e054b,TW,import,passenger,ice,2017,2017-01-10,BMW,M240I CONVERTIBLE,A8,2D,2998,1788,汎德公司,進口小客車車型耗能證明106年1月核發資料.csv
731bfed19db3afff,TW,import,passenger,ice,2017,2017-05-02,BMW,M3 SEDAN,A7,4D,2979.0,1751.0,汎德公司,進口小客車車型耗能證明106年5月核發資料.csv
b7257daf2e0bd06e,TW,import,passenger,ice,2017,2017-05-23,BMW,M4 COUPE,A7,2D,2979.0,1756.0,汎德公司,進口小客車車型耗能證明106年5月核發資料.csv
3dc09e0e3180c14b,TW,import,passenger,ice,2017,2017-04-24,BMW,M550I XDRIVE SEDAN,A8,4D,4395.0,2005.0,汎德公司,進口小客車車型耗能證明106年4月核發資料.csv
491dda0908c51831,TW,import,passenger,ice,2017,2017-06-28,BMW,M6 COUPE,A7,2D,4395.0,2019.0,汎德公司,進口小客車車型耗能證明106年6月核發資料.csv
5e44c66cd657f115,TW,import,passenger,ice,2017,2017-03-16,BMW,M760LI XDRIVE SEDAN,A8,4D,6592.0,2383.0,汎德公司,進口小客車車型耗能證明106年3月核發資料.csv
26c9d6832f85f7a7,TW,import,passenger,ice,2017,2017-10-20,BMW,X1 SDRIVE18I,A7,5D,1499.0,1586.0,汎德公司,進口小客車車型耗能證明106年10月核發資料.csv
fe802b508647b0ed,TW,import,passenger,ice,2017,2017-10-20,BMW,X1 SDRIVE20I,A7,5D,1998.0,1617.0,汎德公司,進口小客車車型耗能證明106年10月核發資料.csv
d781397619f2a514,TW,import,passenger,ice,2017,2017-03-03,CITROEN,DS3 PureTech (HATCHBACK),A6,2D,1199.0,1235.0,寶嘉聯合,進口小客車車型耗能證明106年3月核發資料.csv
702001c9f4a03b60,TW,import,passenger,ice,2017,2017-09-20,CITROEN,DS5 THP,A6,5D,1598.0,1661.0,寶嘉聯合,進口小客車車型耗能證明106年9月核發資料.csv
31bb8c016155b0b7,TW,import,passenger,ice,2017,2017-10-05,FERRARI,812 SUPERFAST,A7,3D,6496.0,1892.0,臺灣蒙地拿,進口小客車車型耗能證明106年10月核發資料.csv
657ddd26f43060ab,TW,import,passenger,ice,2017,2017-06-08,FERRARI,GTC4LUSSO T,A7,3D,3855.0,2030.0,臺灣蒙地拿,進口小客車車型耗能證明106年6月核發資料.csv
c74a9fc5c2c99fd2,TW,import,passenger,ice,2017,2017-01-24,FIAT,500 X,A6,5D,1368,1475,新北市公會,進口小客車車型耗能證明106年1月核發資料.csv
d889e4a5f99a019c,TW,import,passenger,ice,2017,2017-10-26,FORD,MONDEO WAGON,A6,5D,1999.0,1793.0,福特六和,進口小客車車型耗能證明106年10月核發資料.csv
9559bc43650aa537,TW,import,passenger,ice,2017,2017-01-10,HONDA,ODYSSEY 2.4 APEX (8人座),CVT,5D,2356,1901,本田公司,進口小客車車型耗能證明106年1月核發資料.csv
ec92cec24b7a64e1,TW,import,passenger,ice,2017,2017-08-17,HYUNDAI,Elantra,A7,4D,1591.0,1503.0,三陽工業,進口小客車車型耗能證明106年8月核發資料.csv
33b5d5cee1d484a0,TW,import,passenger,ice,2017,2017-04-19,HYUNDAI,Ioniq,A6,4D,1580.0,1517.0,三陽工業,進口小客車車型耗能證明106年4月核發資料.csv
af7c56a5ce189e05,TW,import,passenger,ice,2017,2017-01-26,INFINITI,Q60,A7,2D,1991,1804,裕隆汽車,進口小客車車型耗能證明106年1月核發資料.csv
844f26b88ec887b3,TW,import,passenger,ice,2017,2017-01-26,INFINITI,Q60,A7,2D,2997,1856,裕隆汽車,進口小客車車型耗能證明106年1月核發資料.csv
bb05fd47168195ff,TW,import,passenger,ice,2017,2017-12-07,INFINITI,QX30,A7,5D,1991.0,1690.0,裕隆汽車,進口小客車車型耗能證明106年12月核發資料.csv
64a7504f565e43fe,TW,import,passenger,ice,2017,2017-08-03,JAGUAR,F-PACE,A8,5D,1997.0,1978.0,九和汽車,進口小客車車型耗能證明106年8月核發資料.csv
8b3fc920badcd046,TW,import,passenger,ice,2017,2017-06-29,JAGUAR,F-PACE,A8,5D,1999.0,2018.0,九和汽車,進口小客車車型耗能證明106年6月核發資料.csv
c245370a6de10cca,TW,import,passenger,ice,2017,2017-02-14,JAGUAR,F-TYPE 423kW,A8,2D,5000.0,1909.0,九和汽車,進口小客車車型耗能證明106年2月核發資料.csv
e123f3fa73c89b9e,TW,import,passenger,ice,2017,2017-09-07,JAGUAR,XE 147kW,A8,4D,1997.0,1739.0,九和汽車,進口小客車車型耗能證明106年9月核發資料.csv
3083b41e86caf686,TW,import,passenger,ice,2017,2017-09-13,JAGUAR,XE 184kW,A8,4D,1997.0,1773.0,九和汽車,進口小客車車型耗能證明106年9月核發資料.csv
921dfeed3c220567,TW,import,passenger,ice,2017,2017-08-15,JAGUAR,XF 147kW,A8,4D,1997.0,1841.0,九和汽車,進口小客車車型耗能證明106年8月核發資料.csv
7574986ac67fbcf0,TW,import,passenger,ice,2017,2017-08-15,JAGUAR,XF 184kW,A8,4D,1997.0,1869.0,九和汽車,進口小客車車型耗能證明106年8月核發資料.csv
18b9916b73434500,TW,import,passenger,ice,2017,2017-02-15,KIA,SOUL CRDI A,A7,5D,1582.0,1492.0,台灣森那美,進口小客車車型耗能證明106年2月核發資料.csv
97bdbd8ce2b6871d,TW,import,passenger,ice,2017,2017-04-11,KIA,SPORTAGE GT LINE 2WD,A6,5D,1995.0,1781.0,台灣森那美,進口小客車車型耗能證明106年4月核發資料.csv
5bc21f9407a83c6d,TW,import,passenger,ice,2017,2017-01-10,KIA(註一),SOUL CRDI B,A7,5D,1582,1495,台灣森那美,進口小客車車型耗能證明106年1月核發資料.csv
c6d5522a1d3b953d,TW,import,passenger,ice,2017,2017-01-10,KIA(註一),SOUL CRDI C,A7,5D,1582,1524,台灣森那美,進口小客車車型耗能證明106年1月核發資料.csv
098d2a5f3517c946,TW,import,passenger,ice,2017,2017-03-31,LAMBORGHINI,AVENTADOR S,A7,2D,6498.0,1920.0,嘉鎷興業,進口小客車車型耗能證明106年3月核發資料.csv
1df5bccd7880415f,TW,import,passenger,ice,2017,2017-07-20,LAMBORGHINI,CENTENARIO,A7,2D,6498.0,1865.0,嘉鎷興業,進口小客車車型耗能證明106年7月核發資料.csv
4ed2f5bf2cb4b18d,TW,import,passenger,ice,2017,2017-12-04,LAMBORGHINI,HURACAN COUPE,A7,2D,5204.0,1690.0,嘉鎷興業,進口小客車車型耗能證明106年12月核發資料.csv
be0dd5f8d9464928,TW,import,passenger,ice,2017,2017-08-31,LAMBORGHINI,HURACAN PERFORMANTE,A7,2D,5204.0,1675.0,嘉鎷興業,進口小客車車型耗能證明106年8月核發資料.csv
022328c691c928f0,TW,import,passenger,ice,2017,2017-03-22,LAMBORGHINI,HURACAN RWD SPYDER,A7,2D,5204.0,1802.0,嘉鎷興業,進口小客車車型耗能證明106年3月核發資料.csv
3fbff699c0c2b0d4,TW,import,passenger,ice,2017,2017-11-08,LAMBORGHINI,HURACAN SPYDER,A7,2D,5204.0,1810.0,嘉鎷興業,進口小客車車型耗能證明106年11月核發資料.csv
acd31fc84ba8dac9,TW,import,passenger,ice,2017,2017-08-17,LAND ROVER,DISCOVERY SPORT 4WD 5S,A9,5D,1999.0,2084.0,九和汽車,進口小客車車型耗能證明106年8月核發資料.csv
5d2a9ef5162e45da,TW,import,passenger,ice,2017,2017-07-25,LAND ROVER,DISCOVERY SPORT 4WD 7S,A9,5D,1999.0,2147.0,九和汽車,進口小客車車型耗能證明106年7月核發資料.csv
e2a9f9217e072c12,TW,import,passenger,ice,2017,2017-11-21,LAND ROVER,RANGE ROVER EVOQUE 4WD,A9,5D,1997.0,1985.0,九和汽車,進口小客車車型耗能證明106年11月核發資料.csv
c0108fc15b107cb6,TW,import,passenger,ice,2017,2017-06-06,LAND ROVER,RANGE ROVER EVOQUE 4WD,A9,5D,1999.0,1942.0,九和汽車,進口小客車車型耗能證明106年6月核發資料.csv
7cae2fbf591dc447,TW,import,passenger,ice,2017,2017-12-01,LAND ROVER,RANGE ROVER EVOQUE 4WD CONVERTIBLE,A9,2D,1997.0,2169.0,九和汽車,進口小客車車型耗能證明106年12月核發資料.csv
3d93b4409923aa12,TW,import,passenger,ice,2017,2017-10-27,LAND ROVER,RANGE ROVER VELAR,A8,5D,1997.0,2039.0,九和汽車,進口小客車車型耗能證明106年10月核發資料.csv
1e64b204631d7234,TW,import,passenger,ice,2017,2017-09-29,LAND ROVER,RANGE ROVER VELAR,A8,5D,2993.0,2232.0,九和汽車,進口小客車車型耗能證明106年9月核發資料.csv
124c21aaa151cd55,TW,import,passenger,ice,2017,2017-10-24,LAND ROVER,RANGE ROVER VELAR,A8,5D,2995.0,2152.0,九和汽車,進口小客車車型耗能證明106年10月核發資料.csv
053253b969fa7164,TW,import,passenger,ice,2017,2017-10-24,LAND ROVER,RANGE ROVER VELAR 132kW,A8,5D,1999.0,2088.0,九和汽車,進口小客車車型耗能證明106年10月核發資料.csv
b74af81066bb0867,TW,import,passenger,ice,2017,2017-10-24,LAND ROVER,RANGE ROVER VELAR 177kW,A8,5D,1999.0,2105.0,九和汽車,進口小客車車型耗能證明106年10月核發資料.csv
ecc4e20b560d891d,TW,import,passenger,ice,2017,2017-10-20,LEXUS,GS300,A8,4D,1998.0,1833.0,和泰汽車,進口小客車車型耗能證明106年10月核發資料.csv
d184ed208cb44ac3,TW,import,passenger,ice,2017,2017-10-20,LEXUS,IS300,A8,4D,1998.0,1777.0,和泰汽車,進口小客車車型耗能證明106年10月核發資料.csv
45bd24d430db0ac3,TW,import,passenger,ice,2017,2017-05-02,LEXUS,LC500,A10,2D,4969.0,2079.0,和泰汽車,進口小客車車型耗能證明106年5月核發資料.csv
8a1a83098a892918,TW,import,passenger,ice,2017,2017-05-02,LEXUS,LC500h HYBRID,CVT,2D,3456.0,2143.0,和泰汽車,進口小客車車型耗能證明106年5月核發資料.csv
189b7989c7aac761,TW,import,passenger,ice,2017,2017-11-28,LEXUS,LS350,A10,4D,3456.0,2141.0,和泰汽車,進口小客車車型耗能證明106年11月核發資料.csv
271290ef30767009,TW,import,passenger,ice,2017,2017-12-22,LEXUS,LS500,A10,4D,3445.0,2334.0,和泰汽車,進口小客車車型耗能證明106年12月核發資料.csv
44e05d420e871e85,TW,import,passenger,ice,2017,2017-08-07,LEXUS,LS500h HYBRID,CVT,4D,3456.0,2388.0,和泰汽車,進口小客車車型耗能證明106年8月核發資料.csv
64be62b781e53b6d,TW,import,passenger,ice,2017,2017-09-20,LEXUS,NX200,CVT,5D,1987.0,1778.0,和泰汽車,進口小客車車型耗能證明106年9月核發資料.csv
c38a979d378bc909,TW,import,passenger,ice,2017,2017-09-15,LEXUS,NX300 4WD TURBO,A6,5D,1998.0,1924.0,和泰汽車,進口小客車車型耗能證明106年9月核發資料.csv
04460805712e6dc8,TW,import,passenger,ice,2017,2017-10-19,LEXUS,NX300 TURBO,A6,5D,1998.0,1839.0,和泰汽車,進口小客車車型耗能證明106年10月核發資料.csv
593e646dfa3d1ca9,TW,import,passenger,ice,2017,2017-11-24,LEXUS,RX300,A6,5D,1998.0,2096.0,和泰汽車,進口小客車車型耗能證明106年11月核發資料.csv
0553c71db93b067c,TW,import,passenger,ice,2017,2017-04-10,LOTUS,ELISE CUP 250,M6,2D,1798.0,1031.0,嘉鎷興業,進口小客車車型耗能證明106年4月核發資料.csv
4d15817678e2b42d,TW,import,passenger,ice,2017,2017-02-24,LOTUS,EVORA SPORT 410,M6,2D,3456.0,1425.0,嘉鎷興業,進口小客車車型耗能證明106年2月核發資料.csv
0f1f99fff5a8acec,TW,import,passenger,ice,2017,2017-05-23,LOTUS,EXIGE SPORT 380,M6,2D,3456.0,1214.0,嘉鎷興業,進口小客車車型耗能證明106年5月核發資料.csv
afeb0ebaf3c431cf,TW,import,passenger,ice,2017,2017-11-24,MASERATI,GHIBLI GRANSPORT,A8,4D,2979.0,2126.0,臺灣蒙地拿,進口小客車車型耗能證明106年11月核發資料.csv
f031b099b7e6e764,TW,import,passenger,ice,2017,2017-11-24,MASERATI,GHIBLI GRANSPORT S Q4,A8,4D,2979.0,2188.0,臺灣蒙地拿,進口小客車車型耗能證明106年11月核發資料.csv
f1d6f7e8e5ce3cdc,TW,import,passenger,ice,2017,2017-12-14,MASERATI,LEVANTE,A8,4D,2979.0,2394.0,臺灣蒙地拿,進口小客車車型耗能證明106年12月核發資料.csv
700a89f185035093,TW,import,passenger,ice,2017,2017-02-07,MASERATI,LEVANTE DIESEL,A8,4D,2987.0,2441.0,臺灣蒙地拿,進口小客車車型耗能證明106年2月核發資料.csv
781492562655eac2,TW,import,passenger,ice,2017,2017-11-17,MASERATI,LEVANTE GRANLUSSO,A8,4D,2979.0,2395.0,臺灣蒙地拿,進口小客車車型耗能證明106年11月核發資料.csv
45dffa98335b36ab,TW,import,passenger,ice,2017,2017-11-17,MASERATI,LEVANTE GRANLUSSO S,A8,4D,2979.0,2388.0,臺灣蒙地拿,進口小客車車型耗能證明106年11月核發資料.csv
764a1751303a7d26,TW,import,passenger,ice,2017,2017-11-20,MASERATI,LEVANTE GRANSPORT,A8,4D,2979.0,2394.0,臺灣蒙地拿,進口小客車車型耗能證明106年11月核發資料.csv
3bb4e5e02fe23dde,TW,import,passenger,ice,2017,2017-11-24,MASERATI,LEVANTE GRANSPORT S,A8,4D,2979.0,2384.0,臺灣蒙地拿,進口小客車車型耗能證明106年11月核發資料.csv
cbbdf7f502762e64,TW,import,passenger,ice,2017,2017-03-20,MASERATI,QUATTROPORTE GRANSPORT,A8,4D,2979.0,2145.0,臺灣蒙地拿,進口小客車車型耗能證明106年3月核發資料.csv
407d9ea9e239e892,TW,import,passenger,ice,2017,2017-03-20,MASERATI,QUATTROPORTE GRANSPORT GTS,A8,4D,3799.0,2229.0,臺灣蒙地拿,進口小客車車型耗能證明106年3月核發資料.csv
67fd591ce8099f91,TW,import,passenger,ice,2017,2017-03-10,MASERATI,QUATTROPORTE GRANSPORT S Q4,A8,4D,2979.0,2227.0,臺灣蒙地拿,進口小客車車型耗能證明106年3月核發資料.csv
e6f14b8ab56ba636,TW,import,passenger,ice,2017,2017-08-01,MAZDA,CX-3 2WD(P),A6,5D,1998.0,1306.0,台灣馬自達,進口小客車車型耗能證明106年8月核發資料.csv
b0b1420a4e9097eb,TW,import,passenger,ice,2017,2017-03-10,MAZDA,MX-5 CONVERTIBLE,A6,2D,1998.0,1185.0,台灣馬自達,進口小客車車型耗能證明106年3月核發資料.csv
f56239ebab32eb01,TW,import,passenger,ice,2017,2017-03-08,MAZDA,MX-5 RF CONVERTIBLE,A6,2D,1998.0,1238.0,台灣馬自達,進口小客車車型耗能證明106年3月核發資料.csv
f097a8d871b2115b,TW,import,passenger,ice,2017,2017-12-28,MERCEDES-BENZ,AMG E63,A9,4D,3982.0,2148.0,台灣賓士,進口小客車車型耗能證明106年12月核發資料.csv
5b74b8b0452b677b,TW,import,passenger,ice,2017,2017-04-11,MERCEDES-BENZ,AMG GLA45,A7,5D,1991.0,1728.0,台灣賓士,進口小客車車型耗能證明106年4月核發資料.csv
2bb189353db38914,TW,import,passenger,ice,2017,2017-05-02,MERCEDES-BENZ,AMG GLC43,A9,5D,2996.0,2024.0,台灣賓士,進口小客車車型耗能證明106年5月核發資料.csv
dd55aaab000a1d40,TW,import,passenger,ice,2017,2017-02-21,MERCEDES-BENZ,C180 (PACKAGE 德國),A9,2D,1595.0,1609.0,台灣賓士,進口小客車車型耗能證明106年2月核發資料.csv
99dcbfea3065f632,TW,import,passenger,ice,2017,2017-03-10,MERCEDES-BENZ,C180 (南非),A9,4D,1595.0,1553.0,台灣賓士,進口小客車車型耗能證明106年3月核發資料.csv
f5529f64324f6cb0,TW,import,passenger,ice,2017,2017-03-16,MERCEDES-BENZ,C180 (德國),A9,2D,1595.0,1595.0,台灣賓士,進口小客車車型耗能證明106年3月核發資料.csv
b7da41dea873b8d8,TW,import,passenger,ice,2017,2017-03-27,MERCEDES-BENZ,C200 (PACKAGE 南非),A9,4D,1991.0,1657.0,台灣賓士,進口小客車車型耗能證明106年3月核發資料.csv
acbeb40c6776acda,TW,import,passenger,ice,2017,2017-02-21,MERCEDES-BENZ,C200 (PACKAGE 德國),A9,5D,1991.0,1693.0,台灣賓士,進口小客車車型耗能證明106年2月核發資料.csv
3e4ea750afa1a45b,TW,import,passenger,ice,2017,2017-03-10,MERCEDES-BENZ,C200 (南非),A9,4D,1991.0,1596.0,台灣賓士,進口小客車車型耗能證明106年3月核發資料.csv
a7f6543f0d020260,TW,import,passenger,ice,2017,2017-02-09,MERCEDES-BENZ,C200 (德國),A9,5D,1991.0,1654.0,台灣賓士,進口小客車車型耗能證明106年2月核發資料.csv
4733c84a8ba43d11,TW,import,passenger,ice,2017,2017-07-07,MERCEDES-BENZ,C250,A9,4D,1991.0,1664.0,新北市公會,進口小客車車型耗能證明106年7月核發資料.csv
73060d7033062920,TW,import,passenger,ice,2017,2017-06-28,MERCEDES-BENZ,C250,A9,5D,1991.0,1711.0,基隆市公會,進口小客車車型耗能證明106年6月核發資料.csv
86c0d15c0c80ed35,TW,import,passenger,ice,2017,2017-03-27,MERCEDES-BENZ,C250 (PACKAGE 南非),A9,4D,1991.0,1654.0,台灣賓士,進口小客車車型耗能證明106年3月核發資料.csv
907cc6b674dac005,TW,import,passenger,ice,2017,2017-03-16,MERCEDES-BENZ,C250 (PACKAGE 德國),A9,2D,1991.0,1680.0,台灣賓士,進口小客車車型耗能證明106年3月核發資料.csv
035f6efc385d7323,TW,import,passenger,ice,2017,2017-02-09,MERCEDES-BENZ,C250 (PACKAGE 德國),A9,5D,1991.0,1725.0,台灣賓士,進口小客車車型耗能證明106年2月核發資料.csv
fc5abb62fee0e27d,TW,import,passenger,ice,2017,2017-07-31,MERCEDES-BENZ,E200 (PACKAGE 德國),A9,2D,1991.0,1817.0,台灣賓士,進口小客車車型耗能證明106年7月核發資料.csv
d586a5cb38cf1dbb,TW,import,passenger,ice,2017,2017-05-31,MERCEDES-BENZ,E200 (德國),A9,2D,1991.0,1790.0,台灣賓士,進口小客車車型耗能證明106年5月核發資料.csv
0951a4ee55116ea4,TW,import,passenger,ice,2017,2017-01-24,MERCEDES-BENZ,E250,A9,4D,1991,1821,新北市公會,進口小客車車型耗能證明106年1月核發資料.csv
ea0bda390f994e84,TW,import,passenger,ice,2017,2017-05-31,MERCEDES-BENZ,E300,A9,2D,1991.0,1858.0,台灣賓士,進口小客車車型耗能證明106年5月核發資料.csv
39664b7fa6c32967,TW,import,passenger,ice,2017,2017-05-02,MERCEDES-BENZ,E400 4MATIC,A9,2D,2996.0,1991.0,台灣賓士,進口小客車車型耗能證明106年5月核發資料.csv
0789900132e82c74,TW,import,passenger,ice,2017,2017-04-11,MERCEDES-BENZ,GLA180,A7,5D,1595.0,1554.0,台灣賓士,進口小客車車型耗能證明106年4月核發資料.csv
2e0930426e1a8f7c,TW,import,passenger,ice,2017,2017-04-13,MERCEDES-BENZ,GLA180 (PACKAGE),A7,5D,1595.0,1557.0,台灣賓士,進口小客車車型耗能證明106年4月核發資料.csv
7936192deb152880,TW,import,passenger,ice,2017,2017-03-27,MERCEDES-BENZ,GLA200 (PACKAGE),A7,5D,1595.0,1593.0,台灣賓士,進口小客車車型耗能證明106年3月核發資料.csv
4af34a1426d3afed,TW,import,passenger,ice,2017,2017-04-11,MERCEDES-BENZ,GLA200 d (PACKAGE),A7,5D,2143.0,1661.0,台灣賓士,進口小客車車型耗能證明106年4月核發資料.csv
8f79ba2ba807390e,TW,import,passenger,ice,2017,2017-05-09,MERCEDES-BENZ,GLA200 d (PACKAGE),A7,5D,2143.0,1637.0,台灣賓士,進口小客車車型耗能證明106年5月核發資料.csv
b30e1717439ab2dc,TW,import,passenger,ice,2017,2017-07-27,MERCEDES-BENZ,GLA250,A7,5D,1991.0,1590.0,基隆公會,進口小客車車型耗能證明106年7月核發資料.csv
0670fb2c0a2e0d5f,TW,import,passenger,ice,2017,2017-07-19,MERCEDES-BENZ,GLC250 4MATIC,A9,5D,1991.0,1910.0,新北市公會,進口小客車車型耗能證明106年7月核發資料.csv
a6e74d98736336fa,TW,import,passenger,ice,2017,2017-10-20,MERCEDES-BENZ,S350 d (LWB),A9,4D,2925.0,2205.0,台灣賓士,進口小客車車型耗能證明106年10月核發資料.csv
e0b25c9c7d5a6a02,TW,import,passenger,ice,2017,2017-10-18,MERCEDES-BENZ,S350 d (SWB),A9,4D,2925.0,2122.0,台灣賓士,進口小客車車型耗能證明106年10月核發資料.csv
69f4bfd4dc3ecd78,TW,import,passenger,ice,2017,2017-08-25,MERCEDES-BENZ,S450 (LWB),A9,4D,2996.0,2179.0,台灣賓士,進口小客車車型耗能證明106年8月核發資料.csv
e168c2790c873da8,TW,import,passenger,ice,2017,2017-11-08,MERCEDES-BENZ,S560 (LWB),A9,4D,3982.0,2303.0,台灣賓士,進口小客車車型耗能證明106年11月核發資料.csv
86befe1678150691,TW,import,passenger,ice,2017,2017-11-08,MERCEDES-BENZ,S560 MAYBACH,A9,4D,3982.0,2377.0,台灣賓士,進口小客車車型耗能證明106年11月核發資料.csv
c7ce558f2399b42b,TW,import,passenger,ice,2017,2017-10-31,MERCEDES-BENZ,S650 MAYBACH,A7,4D,5980.0,2471.0,台灣賓士,進口小客車車型耗能證明106年10月核發資料.csv
e2ce7255d540a8a1,TW,import,passenger,ice,2017,2017-01-10,MERCEDES-BENZ(註一),C200 d (南非),A7,4D,1598,1700,台灣賓士,進口小客車車型耗能證明106年1月核發資料.csv
51dd58e44fbe1b63,TW,import,passenger,ice,2017,2017-01-12,MINI,MINI COOPER COUNTRYMAN,A6,5D,1499,1583,汎德公司,進口小客車車型耗能證明106年1月核發資料.csv
32af133b600f7b46,TW,import,passenger,ice,2017,2017-02-08,MINI,MINI COOPER S COUNTRYMAN,A8,5D,1998.0,1652.0,汎德公司,進口小客車車型耗能證明106年2月核發資料.csv
6b6264486bb39c0f,TW,import,passenger,ice,2017,2017-03-23,MINI,MINI COOPER SD COUNTRYMAN,A8,5D,1995.0,1646.0,汎德公司,進口小客車車型耗能證明106年3月核發資料.csv
575ecd0d26f62dfb,TW,import,passenger,ice,2017,2017-06-26,MINI,MINI JOHN COOPER WORKS ALL4,A8,5D,1998.0,1714.0,汎德公司,進口小客車車型耗能證明106年6月核發資料.csv
d8baaa7725ec98f8,TW,import,passenger,ice,2017,2017-02-07,MINI,MINI JOHN COOPER WORKS ALL4 CLUBMAN (英國),A8,5D,1998.0,1646.0,汎德公司,進口小客車車型耗能證明106年2月核發資料.csv
a5ebe16041d38fd0,TW,import,passenger,ice,2017,2017-11-10,MITSUBISHI,ECLIPSE CROSS,CVT,4D,1499.0,1624.0,華菱汽車,進口小客車車型耗能證明106年11月核發資料.csv
d6a249932f369d6e,TW,import,passenger,ice,2017,2017-11-10,MITSUBISHI,ECLIPSE CROSS 4WD,CVT,4D,1499.0,1718.0,華菱汽車,進口小客車車型耗能證明106年11月核發資料.csv
3bd8222fa4147a99,TW,import,passenger,ice,2017,2017-10-26,McLaren,570S Spider,A7,2D,3799.0,1639.0,永三汽車,進口小客車車型耗能證明106年10月核發資料.csv
41d8200c0d5d210c,TW,import,passenger,ice,2017,2017-07-24,McLaren,720S Coupe,A7,2D,3994.0,1552.0,永三汽車,進口小客車車型耗能證明106年7月核發資料.csv
7ddac586226703d2,TW,import,passenger,ice,2017,2017-10-25,Mercedes-AMG,AMG GT,A7,3D,3982.0,1716.0,台灣賓士,進口小客車車型耗能證明106年10月核發資料.csv
51eb3f8c9a088c2b,TW,import,passenger,ice,2017,2017-11-30,Mercedes-AMG,AMG GT C,A7,3D,3982.0,1743.0,台灣賓士,進口小客車車型耗能證明106年11月核發資料.csv
522f90050f12c8cd,TW,import,passenger,ice,2017,2017-08-10,Mercedes-AMG,AMG GT R,A7,3D,3982.0,1717.0,台灣賓士,進口小客車車型耗能證明106年8月核發資料.csv
45b0f0c2362af72f,TW,import,passenger,ice,2017,2017-11-28,Mercedes-AMG,AMG GT ROADSTER,A7,2D,3982.0,1796.0,台灣賓士,進口小客車車型耗能證明106年11月核發資料.csv
ae2bd37d8dd2bbc0,TW,import,passenger,ice,2017,2017-04-17,PEUGEOT,208 PureTech (HATCHBACK),M5,2D,1199.0,1222.0,寶嘉聯合,進口小客車車型耗能證明106年4月核發資料.csv
80d3c30339c58ef3,TW,import,passenger,ice,2017,2017-09-29,PEUGEOT,3008 BLUEHDi,A6,5D,1560.0,1610.0,寶嘉聯合,進口小客車車型耗能證明106年9月核發資料.csv
b77bd7b8ebdd1e17,TW,import,passenger,ice,2017,2017-10-03,PEUGEOT,3008 BLUEHDi,A6,5D,1997.0,1714.0,寶嘉聯合,進口小客車車型耗能證明106年10月核發資料.csv
60406db86ae18537,TW,import,passenger,ice,2017,2017-09-28,PEUGEOT,301 VTi,A6,4D,1587.0,1250.0,寶嘉聯合,進口小客車車型耗能證明106年9月核發資料.csv
b24f68579dfd0533,TW,import,passenger,ice,2017,2017-12-15,PEUGEOT,308 PureTech (HATCHBACK),A6,4D,1199.0,1380.0,寶嘉聯合,進口小客車車型耗能證明106年12月核發資料.csv
0c5d001cb759a412,TW,import,passenger,ice,2017,2017-11-21,PEUGEOT,308 SW PureTech,A6,5D,1199.0,1450.0,寶嘉聯合,進口小客車車型耗能證明106年11月核發資料.csv
980bbcef0657bc64,TW,import,passenger,ice,2017,2017-06-06,PORSCHE,911 CARRERA 4 GTS,A7,2D,2981.0,1625.0,永業公司,進口小客車車型耗能證明106年6月核發資料.csv
18a4c8973efb4a1e,TW,import,passenger,ice,2017,2017-09-27,PORSCHE,911 CARRERA 4 GTS CABRIOLET,A7,2D,2981.0,1711.0,永業公司,進口小客車車型耗能證明106年9月核發資料.csv
e8d2bdeb47b902f5,TW,import,passenger,ice,2017,2017-06-06,PORSCHE,911 CARRERA GTS,A7,2D,2981.0,1581.0,永業公司,進口小客車車型耗能證明106年6月核發資料.csv
06aa11fd1a4998bd,TW,import,passenger,ice,2017,2017-06-27,PORSCHE,911 TARGA 4 GTS,A7,2D,2981.0,1724.0,永業公司,進口小客車車型耗能證明106年6月核發資料.csv
101e769f23284c53,TW,import,passenger,ice,2017,2017-05-16,PORSCHE,MACAN TURBO WITH PERFORMANCE PACKAGE,A7,5D,3604.0,2117.0,永業公司,進口小客車車型耗能證明106年5月核發資料.csv
01f6e63ad6e24ce2,TW,import,passenger,ice,2017,2017-03-27,PORSCHE,PANAMERA,A8,4D,2995.0,1965.0,永業公司,進口小客車車型耗能證明106年3月核發資料.csv
6ff474c9268b452a,TW,import,passenger,ice,2017,2017-04-24,PORSCHE,PANAMERA 4,A8,4D,2995.0,2009.0,永業公司,進口小客車車型耗能證明106年4月核發資料.csv
e788c0c033953f03,TW,import,passenger,ice,2017,2017-07-07,PORSCHE,PANAMERA 4 EXECUTIVE,A8,4D,2995.0,2073.0,永業公司,進口小客車車型耗能證明106年7月核發資料.csv
38f452992c655bb8,TW,import,passenger,ice,2017,2017-03-03,PORSCHE,PANAMERA 4S,A8,4D,2894.0,2040.0,永業公司,進口小客車車型耗能證明106年3月核發資料.csv
33da350e417e20ba,TW,import,passenger,ice,2017,2017-03-22,PORSCHE,PANAMERA 4S DIESEL,A8,4D,3956.0,2209.0,永業公司,進口小客車車型耗能證明106年3月核發資料.csv
4d768882edfcedbe,TW,import,passenger,ice,2017,2017-06-27,PORSCHE,PANAMERA 4S EXECUTIVE,A8,4D,2894.0,2128.0,永業公司,進口小客車車型耗能證明106年6月核發資料.csv
e98729cc3b053f31,TW,import,passenger,ice,2017,2017-03-03,PORSCHE,PANAMERA TURBO,A8,4D,3996.0,2148.0,永業公司,進口小客車車型耗能證明106年3月核發資料.csv
a62b4458862f5bd0,TW,import,passenger,ice,2017,2017-01-12,ROLLS-ROYCE,DAWN,A8,2D,6592,2380,盛惟公司,進口小客車車型耗能證明106年1月核發資料.csv
94f9d5429bf95319,TW,import,passenger,ice,2017,2017-02-24,ROLLS-ROYCE,GHOST,A8,4D,6592.0,2610.0,盛惟公司,進口小客車車型耗能證明106年2月核發資料.csv
975ad156f09087d5,TW,import,passenger,ice,2017,2017-03-23,ROLLS-ROYCE,GHOST (450kW),A8,4D,6592.0,2610.0,盛惟公司,進口小客車車型耗能證明106年3月核發資料.csv
b871efc383b3c570,TW,import,passenger,ice,2017,2017-05-16,ROLLS-ROYCE,GHOST EWB,A8,4D,6592.0,2610.0,盛惟公司,進口小客車車型耗能證明106年5月核發資料.csv
6da7472909b14b39,TW,import,passenger,ice,2017,2017-02-24,ROLLS-ROYCE,PHANTOM DROPHEAD COUPE,A8,2D,6749.0,2730.0,盛惟公司,進口小客車車型耗能證明106年2月核發資料.csv
745dd0662c1b8754,TW,import,passenger,ice,2017,2017-12-27,ROLLS-ROYCE,PHANTOM EWB,A8,4D,6749.0,2380.0,盛惟公司,進口小客車車型耗能證明106年12月核發資料.csv
bd40a7b72577193b,TW,import,passenger,ice,2017,2017-09-20,SKODA,FABIA 1.0 TSI HATCHBACK,A7,4D,999.0,1212.0,奧迪福斯,進口小客車車型耗能證明106年9月核發資料.csv
f99f30df27f668fd,TW,import,passenger,ice,2017,2017-09-27,SKODA,FABIA COMBI 1.0 TSI HATCHBACK,A7,4D,999.0,1241.0,奧迪福斯,進口小客車車型耗能證明106年9月核發資料.csv
f47e0a032aa04580,TW,import,passenger,ice,2017,2017-05-11,SKODA,KODIAQ 1.4 TSI HATCHBACK,A6,4D,1395.0,1707.0,奧迪福斯,進口小客車車型耗能證明106年5月核發資料.csv
a282005d2be0ab8e,TW,import,passenger,ice,2017,2017-07-06,SKODA,KODIAQ 2.0 TDI HATCHBACK,A7,4D,1968.0,1872.0,奧迪福斯,進口小客車車型耗能證明106年7月核發資料.csv
1c9e8f541fb201fb,TW,import,passenger,ice,2017,2017-07-06,SKODA,KODIAQ 2.0 TDI HATCHBACK 4WD,A7,4D,1968.0,1987.0,奧迪福斯,進口小客車車型耗能證明106年7月核發資料.csv
4cbad1c4593ff195,TW,import,passenger,ice,2017,2017-05-11,SKODA,KODIAQ 2.0 TSI HATCHBACK,A7,4D,1984.0,1881.0,奧迪福斯,進口小客車車型耗能證明106年5月核發資料.csv
1495c42df14e5c26,TW,import,passenger,ice,2017,2017-05-16,SKODA,OCTAVIA 1.0 TSI,A7,4D,999.0,1335.0,奧迪福斯,進口小客車車型耗能證明106年5月核發資料.csv
e3430d4c9aba445b,TW,import,passenger,ice,2017,2017-05-16,SKODA,OCTAVIA 1.4 TSI,A7,4D,1395.0,1369.0,奧迪福斯,進口小客車車型耗能證明106年5月核發資料.csv
09a24d010f87d1c3,TW,import,passenger,ice,2017,2017-05-16,SKODA,OCTAVIA COMBI 1.0 TSI HATCHBACK,A7,4D,999.0,1366.0,奧迪福斯,進口小客車車型耗能證明106年5月核發資料.csv
277dc3acb2ac8225,TW,import,passenger,ice,2017,2017-05-16,SKODA,OCTAVIA COMBI 1.4 TSI (WITH HATCHBACK),A7,4D,1395.0,1391.0,奧迪福斯,進口小客車車型耗能證明106年5月核發資料.csv
a7683740e081f3b0,TW,import,passenger,ice,2017,2017-05-16,SKODA,OCTAVIA COMBI 1.8 TSI (WITH HATCHBACK),A6,4D,1798.0,1557.0,奧迪福斯,進口小客車車型耗能證明106年5月核發資料.csv
e2129103a1d4a9f3,TW,import,passenger,ice,2017,2017-06-30,SKODA,OCTAVIA COMBI RS 2.0 TSI HATCHBACK,A6,4D,1984.0,1539.0,奧迪福斯,進口小客車車型耗能證明106年6月核發資料.csv
9011c4ed995760db,TW,import,passenger,ice,2017,2017-08-25,SKODA,OCTAVIA RS 2.0 TSI,A6,4D,1984.0,1506.0,奧迪福斯,進口小客車車型耗能證明106年8月核發資料.csv
71ac945864950d63,TW,import,passenger,ice,2017,2017-01-05,SKODA,SUPERB 2.0 TSI 162kW,A6,4D,1984,1633,奧迪福斯,進口小客車車型耗能證明106年1月核發資料.csv
2cf3ffd574f78a2f,TW,import,passenger,ice,2017,2017-01-12,SKODA,SUPERB COMBI 2.0 TSI WITH HATCHBACK 162kW,A6,4D,1984,1668,奧迪福斯,進口小客車車型耗能證明106年1月核發資料.csv
f3549d737bac612d,TW,import,passenger,ice,2017,2017-01-05,SKODA(註一),SUPERB 2.0 TDI 140kW,A6,4D,1968,1679,奧迪福斯,進口小客車車型耗能證明106年1月核發資料.csv
5ec7da6175fa54fc,TW,import,passenger,ice,2017,2017-01-10,SKODA(註一),SUPERB COMBI 2.0 TDI (WITH HATCHBACK) 140kW,A6,4D,1968,1722,奧迪福斯,進口小客車車型耗能證明106年1月核發資料.csv
6522d730ca5fe9ac,TW,import,passenger,ice,2017,2017-09-22,SSANGYONG,TIVOLI D16DTF XLV AWD,A6,5D,1597.0,1635.0,永嘉雙龍,進口小客車車型耗能證明106年9月核發資料.csv
2e3a7166621d68f4,TW,import,passenger,ice,2017,2017-01-24,SUBARU,IMPREZA 4D 1.6i AWD CVT,CVT,4D,1600,1462,台灣速霸陸,進口小客車車型耗能證明106年1月核發資料.csv
94a7509597ec8e2c,TW,import,passenger,ice,2017,2017-01-04,SUBARU,IMPREZA 4D 1.6i-S AWD CVT,CVT,4D,1600,1511,台灣速霸陸,進口小客車車型耗能證明106年1月核發資料.csv
98889d8fe1fd9e98,TW,import,passenger,ice,2017,2017-09-27,SUBARU,IMPREZA 4D 1.6i-S AWD CVT,CVT,4D,1600.0,1507.0,台灣速霸陸,進口小客車車型耗能證明106年9月核發資料.csv
b7c7500fdf207d64,TW,import,passenger,ice,2017,2017-11-15,SUBARU,IMPREZA 4D 1.6i-S EyeSight AWD CVT,CVT,4D,1600.0,1512.0,台灣速霸陸,進口小客車車型耗能證明106年11月核發資料.csv
63d4639028145713,TW,import,passenger,ice,2017,2017-01-18,SUBARU,IMPREZA 5D 1.6i AWD CVT,CVT,5D,1600,1452,台灣速霸陸,進口小客車車型耗能證明106年1月核發資料.csv
c2930bf27f34b1b7,TW,import,passenger,ice,2017,2017-01-10,SUBARU,IMPREZA 5D 1.6i-S AWD CVT,CVT,5D,1600,1500,台灣速霸陸,進口小客車車型耗能證明106年1月核發資料.csv
c00f16b3bad10281,TW,import,passenger,ice,2017,2017-09-27,SUBARU,IMPREZA 5D 1.6i-S AWD CVT,CVT,5D,1600.0,1508.0,台灣速霸陸,進口小客車車型耗能證明106年9月核發資料.csv
fd2ef9d26f5ff4f4,TW,import,passenger,ice,2017,2017-11-15,SUBARU,IMPREZA 5D 1.6i-S EyeSight AWD CVT,CVT,5D,1600.0,1501.0,台灣速霸陸,進口小客車車型耗能證明106年11月核發資料.csv
640ef5f65da8efa1,TW,import,passenger,ice,2017,2017-11-20,SUBARU,LEGACY 2.5i-S AWD CVT,CVT,4D,2498.0,1666.0,台灣速霸陸,進口小客車車型耗能證明106年11月核發資料.csv
325398e031ea920c,TW,import,passenger,ice,2017,2017-11-24,SUBARU,LEGACY 2.5i-S EyeSight AWD CVT,CVT,4D,2498.0,1664.0,台灣速霸陸,進口小客車車型耗能證明106年11月核發資料.csv
6597de0a6086a26f,TW,import,passenger,ice,2017,2017-11-03,SUBARU,LEVORG 1.6GT-S EyeSight AWD CVT,CVT,5D,1600.0,1702.0,台灣速霸陸,進口小客車車型耗能證明106年11月核發資料.csv
667495168cb427b3,TW,import,passenger,ice,2017,2017-11-16,SUBARU,OUTBACK 2.5i-S AWD CVT,CVT,5D,2498.0,1720.0,台灣速霸陸,進口小客車車型耗能證明106年11月核發資料.csv
b75d77576b141e53,TW,import,passenger,ice,2017,2017-11-24,SUBARU,OUTBACK 2.5i-S EyeSight AWD CVT,CVT,5D,2498.0,1730.0,台灣速霸陸,進口小客車車型耗能證明106年11月核發資料.csv
5730274d9b3c6d6e,TW,import,passenger,ice,2017,2017-05-19,SUBARU,SUBARU XV 2.0i AWD CVT,CVT,5D,1995.0,1516.0,台灣速霸陸,進口小客車車型耗能證明106年5月核發資料.csv
cb7376dcb2db705c,TW,import,passenger,ice,2017,2017-05-19,SUBARU,SUBARU XV 2.0i-S AWD CVT,CVT,5D,1995.0,1557.0,台灣速霸陸,進口小客車車型耗能證明106年5月核發資料.csv
675e71cf99e4a0b7,TW,import,passenger,ice,2017,2017-11-03,SUBARU,SUBARU XV 2.0i-S EyeSight AWD CVT,CVT,5D,1995.0,1566.0,台灣速霸陸,進口小客車車型耗能證明106年11月核發資料.csv
4eb492fadfdcf7e0,TW,import,passenger,ice,2017,2017-06-06,SUZUKI,SWIFT GLX,A6,5D,998.0,1031.0,金鈴汽車,進口小客車車型耗能證明106年6月核發資料.csv
d7686a016b625015,TW,import,passenger,ice,2017,2017-01-12,SUZUKI,SX4 GLX,A6,5D,1373,1291,金鈴汽車,進口小客車車型耗能證明106年1月核發資料.csv
35cd12facba54120,TW,import,passenger,ice,2017,2017-02-09,TOYOTA,C-HR,CVT,5D,1197.0,1531.0,和泰汽車,進口小客車車型耗能證明106年2月核發資料.csv
a5aad158fafc9c63,TW,import,passenger,ice,2017,2017-02-09,TOYOTA,C-HR 4WD,CVT,5D,1197.0,1591.0,和泰汽車,進口小客車車型耗能證明106年2月核發資料.csv
f124ee733c07f3da,TW,import,passenger,ice,2017,2017-09-14,TOYOTA,SIENNA LIMITED PREMIUM,A8,5D,3456.0,2246.0,連江公會,進口小客車車型耗能證明106年9月核發資料.csv
28af3669249ce131,TW,import,passenger,ice,2017,2017-09-06,TOYOTA,SIENNA XLE,A8,5D,3456.0,2193.0,新北市公會,進口小客車車型耗能證明106年9月核發資料.csv
cab7ffbe7db525c0,TW,import,passenger,ice,2017,2017-05-11,VOLKSWAGEN,GOLF 230 TSI HATCHBACK,A7,4D,999.0,1345.0,奧迪福斯,進口小客車車型耗能證明106年5月核發資料.csv
eb8796593c2aa79d,TW,import,passenger,ice,2017,2017-05-16,VOLKSWAGEN,GOLF 280 TSI (WITH HATCHBACK),A7,4D,1395.0,1429.0,奧迪福斯,進口小客車車型耗能證明106年5月核發資料.csv
d3dd0f334d602694,TW,import,passenger,ice,2017,2017-06-30,VOLKSWAGEN,GOLF GTI PERFORMANCE HATCHBACK,A7,4D,1984.0,1553.0,奧迪福斯,進口小客車車型耗能證明106年6月核發資料.csv
496e13cb57a6623a,TW,import,passenger,ice,2017,2017-05-19,VOLKSWAGEN,GOLF GTI WITH HATCHBACK,A6,4D,1984.0,1499.0,奧迪福斯,進口小客車車型耗能證明106年5月核發資料.csv
6742425ef9fb5909,TW,import,passenger,ice,2017,2017-06-26,VOLKSWAGEN,GOLF R WITH HATCHBACK,A7,4D,1984.0,1615.0,奧迪福斯,進口小客車車型耗能證明106年6月核發資料.csv
939c2bffbb0abdf1,TW,import,passenger,ice,2017,2017-02-09,VOLKSWAGEN,GOLF SPORTSVAN 280 TDI HATCHBACK,A7,4D,1598.0,1509.0,奧迪福斯,進口小客車車型耗能證明106年2月核發資料.csv
8eacd182712650f9,TW,import,passenger,ice,2017,2017-05-16,VOLKSWAGEN,GOLF VARIANT 280 TSI (WITH HATCHBACK),A7,4D,1395.0,1488.0,奧迪福斯,進口小客車車型耗能證明106年5月核發資料.csv
1bb9e64224b47a9f,TW,import,passenger,ice,2017,2017-01-05,VOLKSWAGEN,NEW BEETLE 1.2 TSI WITH HATCHBACK,A7,2D,1197,1397,奧迪福斯,進口小客車車型耗能證明106年1月核發資料.csv
f908ef9139fdea3f,TW,import,passenger,ice,2017,2017-01-10,VOLKSWAGEN,NEW BEETLE 1.4 TSI WITH HATCHBACK,A7,2D,1390,1483,奧迪福斯,進口小客車車型耗能證明106年1月核發資料.csv
5cfc102a7010e2b4,TW,import,passenger,ice,2017,2017-01-05,VOLKSWAGEN,PASSAT 280 TSI,A7,4D,1395,1512,奧迪福斯,進口小客車車型耗能證明106年1月核發資料.csv
f2448341e15d93a5,TW,import,passenger,ice,2017,2017-06-26,VOLKSWAGEN,PASSAT 380 TSI,A6,4D,1984.0,1765.0,奧迪福斯,進口小客車車型耗能證明106年6月核發資料.csv
9a332509acbbb996,TW,import,passenger,ice,2017,2017-06-30,VOLKSWAGEN,PASSAT VARIANT 380 TSI HATCHBACK,A6,4D,1984.0,1838.0,奧迪福斯,進口小客車車型耗能證明106年6月核發資料.csv
1e28437ff1d2182b,TW,import,passenger,ice,2017,2017-03-31,VOLKSWAGEN,TIGUAN 380 TSI HATCHBACK,A7,4D,1984.0,1846.0,奧迪福斯,進口小客車車型耗能證明106年3月核發資料.csv
73a7ce65429f2a0d,TW,import,passenger,ice,2017,2017-11-03,VOLKSWAGEN,TIGUAN ALLSPACE 280 TSI HATCHBACK,A6,4D,1395.0,1754.0,奧迪福斯,進口小客車車型耗能證明106年11月核發資料.csv
5334d45b07215a11,TW,import,passenger,ice,2017,2017-11-09,VOLKSWAGEN,TIGUAN ALLSPACE 400 TDI HATCHBACK,A7,4D,1968.0,1963.0,奧迪福斯,進口小客車車型耗能證明106年11月核發資料.csv
a639b642523107eb,TW,import,passenger,ice,2017,2017-10-27,VOLKSWAGEN,TOURAN 330 TDI HATCHBACK,A6,4D,1968.0,1773.0,奧迪福斯,進口小客車車型耗能證明106年10月核發資料.csv
b8fec36016a86179,TW,import,passenger,ice,2017,2017-08-09,VOLVO,S90 D4 (馬來西亞),A8,4D,1969.0,1827.0,國際富豪,進口小客車車型耗能證明106年8月核發資料.csv
7895b1a395b1258c,TW,import,passenger,ice,2017,2017-08-09,VOLVO,S90 T5 (馬來西亞),A8,4D,1969.0,1807.0,國際富豪,進口小客車車型耗能證明106年8月核發資料.csv
83aafa65831add7e,TW,import,passenger,ice,2017,2017-02-15,VOLVO,V40 Cross Country T4 AWD,A8,5D,1969.0,1697.0,國際富豪,進口小客車車型耗能證明106年2月核發資料.csv
bd75569304944ffd,TW,import,passenger,ice,2017,2017-09-22,VOLVO,V60 Cross Country D4,A8,5D,1969.0,1823.0,國際富豪,進口小客車車型耗能證明106年9月核發資料.csv
34184742323d4243,TW,import,passenger,ice,2017,2017-08-25,VOLVO,V60 D3,A6,5D,1969.0,1735.0,國際富豪,進口小客車車型耗能證明106年8月核發資料.csv
a7296ec4209ddfb9,TW,import,passenger,ice,2017,2017-08-25,VOLVO,V60 D4,A8,5D,1969.0,1782.0,國際富豪,進口小客車車型耗能證明106年8月核發資料.csv
e46e4da6ed73ffad,TW,import,passenger,ice,2017,2017-12-07,VOLVO,V60 Polestar,A8,5D,1969.0,1873.0,國際富豪,進口小客車車型耗能證明106年12月核發資料.csv
e53b75957fdbdc5d,TW,import,passenger,ice,2017,2017-07-28,VOLVO,V60 T4,A6,5D,1969.0,1743.0,國際富豪,進口小客車車型耗能證明106年7月核發資料.csv
4ea8d971dd54f2ec,TW,import,passenger,ice,2017,2017-08-28,VOLVO,V60 T5 TURBO,A8,5D,1969.0,1767.0,國際富豪,進口小客車車型耗能證明106年8月核發資料.csv
fa00ce1c3041c135,TW,import,passenger,ice,2017,2017-08-09,VOLVO,V60 T6 AWD,A8,5D,1969.0,1880.0,國際富豪,進口小客車車型耗能證明106年8月核發資料.csv
4c521979b690f669,TW,import,passenger,ice,2017,2017-06-07,VOLVO,V90 Cross Country D5 AWD,A8,5D,1969.0,2085.0,國際富豪,進口小客車車型耗能證明106年6月核發資料.csv
aa5b2234feb2b646,TW,import,passenger,ice,2017,2017-06-07,VOLVO,V90 Cross Country T6 AWD,A8,5D,1969.0,2033.0,國際富豪,進口小客車車型耗能證明106年6月核發資料.csv
0145ecf7fe387ea8,TW,import,passenger,ice,2017,2017-07-07,VOLVO,V90 D4 (瑞典),A8,5D,1969.0,1856.0,國際富豪,進口小客車車型耗能證明106年7月核發資料.csv
0be7b32c1da1d695,TW,import,passenger,ice,2017,2017-07-04,VOLVO,V90 T5 (瑞典),A8,5D,1969.0,1874.0,國際富豪,進口小客車車型耗能證明106年7月核發資料.csv
4f87a9f699257c17,TW,import,passenger,ice,2017,2017-08-31,VOLVO,XC60 D4 AWD,A8,5D,1969.0,1938.0,國際富豪,進口小客車車型耗能證明106年8月核發資料.csv
62a2f25e28f11f07,TW,import,passenger,ice,2017,2017-08-28,VOLVO,XC60 T5 AWD,A8,5D,1969.0,2011.0,國際富豪,進口小客車車型耗能證明106年8月核發資料.csv
9271172f3efacca3,TW,import,passenger,ice,2017,2017-08-30,VOLVO,XC60 T6 AWD,A8,5D,1969.0,2037.0,國際富豪,進口小客車車型耗能證明106年8月核發資料.csv
82ff3323686be447,TW,import,passenger,ice,2017,2017-12-14,VOLVO,XC90 D4,A8,5D,1969.0,2043.0,國際富豪,進口小客車車型耗能證明106年12月核發資料.csv
639fa466404172cd,TW,import,passenger,ice,2017,2017-07-06,VOLVO,XC90 T5 AWD,A8,5D,1969.0,2141.0,國際富豪,進口小客車車型耗能證明106年7月核發資料.csv
67e7f9c250b2b830,TW,domestic,passenger,ice,2017,2017-01-26,三陽,ELANTRA ADG-A,A6,4D,1591,1352,三陽工業,國產小客車車型耗能證明106年1月核發資料.csv
8a3e918b71cab635,TW,domestic,passenger,ice,2017,2017-02-24,三陽,ELANTRA ADG-B,A6,4D,1999,1433,三陽工業,國產小客車車型耗能證明106年2月核發資料.csv
d8631dd7cab40c02,TW,domestic,passenger,ice,2017,2017-02-24,三陽,ELANTRA ADG-C,A6,4D,1999,1437,三陽工業,國產小客車車型耗能證明106年2月核發資料.csv
6d5c147e228c275c,TW,domestic,passenger,ice,2017,2017-02-16,三陽,ELANTRA ADG-D,A6,4D,1999,1431,三陽工業,國產小客車車型耗能證明106年2月核發資料.csv
8c8eba298005f504,TW,domestic,passenger,ice,2017,2017-08-14,三陽,ELANTRA ADG-E,A6,4D,1591.0,1365.0,三陽工業,國產小客車車型耗能證明106年8月核發資料.csv
3c19c27974a01b3b,TW,domestic,passenger,ice,2017,2017-07-04,三陽,SANTA FE 4WD,A6,5D,2199.0,2084.0,三陽工業,國產小客車車型耗能證明106年7月核發資料.csv
e21b9de8ff1d5332,TW,domestic,passenger,ice,2017,2017-01-18,三陽(註一),ELANTRA ADD-A,A7,4D,1582,1465,三陽工業,國產小客車車型耗能證明106年1月核發資料.csv
777bfaf30488acf3,TW,domestic,passenger,ice,2017,2017-01-26,中華,LANCER LC182SDA,CVT,4D,1798,1517,中華汽車,國產小客車車型耗能證明106年1月核發資料.csv
296234d7fd92cef6,TW,domestic,passenger,ice,2017,2017-01-26,中華,LANCER LC183SDA,CVT,4D,1798,1516,中華汽車,國產小客車車型耗能證明106年1月核發資料.csv
ca226a95d40256cd,TW,domestic,passenger,ice,2017,2017-12-11,中華,OUTLANDER RE241HB5A,CVT,5D,2359.0,1617.0,中華汽車,國產小客車車型耗能證明106年12月核發資料.csv
d86d975548a14942,TW,domestic,passenger,ice,2017,2017-05-23,國瑞,COROLLA X ZRE172L-GEXGKR,CVT,4D,1798.0,1376.0,國瑞汽車,國產小客車車型耗能證明106年5月核發資料.csv
274955f18e285312,TW,domestic,passenger,ice,2017,2017-05-23,本田,FIT 1.5 S T5SV,CVT,5D,1497.0,1191.0,台灣本田,國產小客車車型耗能證明106年5月核發資料.csv
10de80b12463830b,TW,domestic,passenger,ice,2017,2017-10-31,福特六和,ESCORT C490-1C,A6,4D,1498.0,1371.0,福特六和,國產小客車車型耗能證明106年10月核發資料.csv
38cfc95bbd04daaa,TW,domestic,passenger,ice,2017,2017-10-25,福特六和,ESCORT C490-2C,A6,4D,1498.0,1402.0,福特六和,國產小客車車型耗能證明106年10月核發資料.csv
41c56be8181a56ff,TW,domestic,passenger,ice,2017,2017-08-07,福特六和,FOCUS C346-BX,A6,4D,1499.0,1479.0,福特六和,國產小客車車型耗能證明106年8月核發資料.csv
2ce9a8a5e5441e01,TW,domestic,passenger,ice,2017,2017-07-31,納智捷,LUXGEN U5 H61FPA,CVT,5D,1556.0,1415.0,裕隆汽車,國產小客車車型耗能證明106年7月核發資料.csv
9be2e9822856367b,TW,domestic,passenger,ice,2017,2017-11-21,起亞,CARENS RPD17-B30,A7,5D,1685.0,1681.0,三陽工業,國產小客車車型耗能證明106年11月核發資料.csv
3ccf8181fe0c699e,TW,domestic,passenger,ice,2017,2017-05-31,起亞,CARENS RPD17-F3,A7,5D,1685.0,1708.0,三陽工業,國產小客車車型耗能證明106年5月核發資料.csv
5347cd33d35bdbbf,TW,domestic,passenger,ice,2017,2017-10-26,起亞,CARENS RPG20-B20,A6,5D,1999.0,1638.0,三陽工業,國產小客車車型耗能證明106年10月核發資料.csv
ac33e11681973bb2,TW,domestic,passenger,ice,2017,2017-11-28,起亞,CARENS RPG20-B21,A6,5D,1999.0,1583.0,三陽工業,國產小客車車型耗能證明106年11月核發資料.csv
c35e3d7b31918600,TW,domestic,passenger,ice,2017,2017-06-13,起亞,CARENS RPG20-F2,A6,5D,1999.0,1686.0,三陽工業,國產小客車車型耗能證明106年6月核發資料.csv
6106e0990c64439e,TW,import,passenger,ice,2018,2018-10-01,ASTON MARTIN,DB11 AMR,A8,2D,5204.0,1996.0,永三汽車,進口小客車車型耗能證明107年10月核發資料.csv
8ce3a45682ec2a9b,TW,import,passenger,ice,2018,2018-07-02,ASTON MARTIN,DB11 V8 VOLANTE,A8,2D,3982.0,2040.0,永三汽車,進口小客車車型耗能證明107年7月核發資料.csv
1b21884ae3b7daf3,TW,import,passenger,ice,2018,2018-12-14,ASTON MARTIN,DBS,A8,2D,5204.0,1992.0,永三汽車,進口小客車車型耗能證明107年12月核發資料.csv
f9d7c29968ad6008,TW,import,passenger,ice,2018,2018-10-31,ASTON MARTIN,RAPIDE S (412kW),A8,5D,5935.0,2120.0,永三汽車,進口小客車車型耗能證明107年10月核發資料.csv
dbbeac2f759a9c6c,TW,import,passenger,ice,2018,2018-03-27,ASTON MARTIN,V12 VANTAGE AMR,A7,2D,5935.0,1775.0,永三汽車,進口小客車車型耗能證明107年3月核發資料.csv
0989dcd0d91abbe9,TW,import,passenger,ice,2018,2018-06-13,ASTON MARTIN,V12 VANTAGE AMR ROADSTER,A7,2D,5935.0,1858.0,永三汽車,進口小客車車型耗能證明107年6月核發資料.csv
3b5227c2bc4766c9,TW,import,passenger,ice,2018,2018-03-31,ASTON MARTIN,V8 VANTAGE AMR,A7,2D,4735.0,1712.0,永三汽車,進口小客車車型耗能證明107年3月核發資料.csv
e042b39067ef8329,TW,import,passenger,ice,2018,2018-05-17,ASTON MARTIN,VANQUISH S ULTIMATE VOLANTE,A8,2D,5935.0,1987.0,永三汽車,進口小客車車型耗能證明107年5月核發資料.csv
fcad203260381190,TW,import,passenger,ice,2018,2018-07-09,ASTON MARTIN,VANQUISH ZAGATO SPEEDSTER,A8,2D,5935.0,1964.0,永三汽車,進口小客車車型耗能證明107年7月核發資料.csv
713f948fca3cb343,TW,import,passenger,ice,2018,2018-07-18,ASTON MARTIN,VANTAGE,A8,2D,3982.0,1816.0,永三汽車,進口小客車車型耗能證明107年7月核發資料.csv
016991fd4df7c648,TW,import,passenger,ice,2018,2018-02-13,AUDI,RS 5,A8,2D,2894.0,1872.0,奧迪福斯,進口小客車車型耗能證明107年2月核發資料.csv
0dfcc649401c3de9,TW,import,passenger,ice,2018,2018-07-18,BENTLEY,CONTINENTAL GT,A8,2D,5950.0,2389.0,永三汽車,進口小客車車型耗能證明107年7月核發資料.csv
5f617d7def6e38d9,TW,import,passenger,ice,2018,2018-03-30,BENTLEY,FLYING SPUR W12 S,A8,4D,5998.0,2629.0,永三汽車,進口小客車車型耗能證明107年3月核發資料.csv
5b7a74764b8010a2,TW,import,passenger,ice,2018,2018-06-05,BMW,218I ACTIVE TOURER,A7,5D,1499.0,1542.0,汎德公司,進口小客車車型耗能證明107年6月核發資料.csv
24def2180326e007,TW,import,passenger,ice,2018,2018-06-04,BMW,218I GRAN TOURER,A7,5D,1499.0,1655.0,汎德公司,進口小客車車型耗能證明107年6月核發資料.csv
b71cae2983c2cd0e,TW,import,passenger,ice,2018,2018-06-06,BMW,220I ACTIVE TOURER,A7,5D,1998.0,1591.0,汎德公司,進口小客車車型耗能證明107年6月核發資料.csv
01195f49545fc6ad,TW,import,passenger,ice,2018,2018-06-05,BMW,220I GRAN TOURER,A7,5D,1998.0,1681.0,汎德公司,進口小客車車型耗能證明107年6月核發資料.csv
c3c49860b76a6393,TW,import,passenger,ice,2018,2018-04-13,BMW,318I SEDAN (德國),A8,4D,1499.0,1599.0,汎德公司,進口小客車車型耗能證明107年4月核發資料.csv
72a1010c05047dbb,TW,import,passenger,ice,2018,2018-06-05,BMW,318I TOURING (德國),A8,5D,1499.0,1689.0,汎德公司,進口小客車車型耗能證明107年6月核發資料.csv
48aef48ca36b2dfe,TW,import,passenger,ice,2018,2018-05-21,BMW,320I SEDAN (德國),A8,4D,1998.0,1642.0,汎德公司,進口小客車車型耗能證明107年5月核發資料.csv
27d59f81c6d312f5,TW,import,passenger,ice,2018,2018-07-05,BMW,330I SEDAN (德國),A8,4D,1998.0,1690.0,汎德公司,進口小客車車型耗能證明107年7月核發資料.csv
6a667b455d843ad5,TW,import,passenger,ice,2018,2018-11-13,BMW,520D TOURING,A8,5D,1995.0,1862.0,汎德公司,進口小客車車型耗能證明107年11月核發資料.csv
3256fd517ba0e913,TW,import,passenger,ice,2018,2018-02-26,BMW,520I SEDAN,A8,4D,1998.0,1702.0,汎德公司,進口小客車車型耗能證明107年2月核發資料.csv
076fdc29db8df586,TW,import,passenger,ice,2018,2018-09-20,BMW,M2 COMPETITION COUPE,A7,2D,2979.0,1717.0,汎德公司,進口小客車車型耗能證明107年9月核發資料.csv
1b324ef7b114d3f7,TW,import,passenger,ice,2018,2018-08-22,BMW,M3 SEDAN (CS),A7,4D,2979.0,1726.0,汎德公司,進口小客車車型耗能證明107年8月核發資料.csv
2a0dcbbce04af1d1,TW,import,passenger,ice,2018,2018-07-20,BMW,M3 SEDAN (PURE),A7,4D,2979.0,1734.0,汎德公司,進口小客車車型耗能證明107年7月核發資料.csv
f8de403c67292160,TW,import,passenger,ice,2018,2018-07-20,BMW,M4 COUPE (PURE),A7,2D,2979.0,1733.0,汎德公司,進口小客車車型耗能證明107年7月核發資料.csv
9646711333adef1b,TW,import,passenger,ice,2018,2018-01-29,BMW,M4 CS COUPE,A7,2D,2979.0,1721.0,汎德公司,進口小客車車型耗能證明107年1月核發資料.csv
8b080dbcff52be3d,TW,import,passenger,ice,2018,2018-03-01,BMW,M5 SEDAN,A8,4D,4395.0,2026.0,汎德公司,進口小客車車型耗能證明107年3月核發資料.csv
7f52dec580b255f0,TW,import,passenger,ice,2018,2018-08-23,BMW,M5 SEDAN (460kW),A8,4D,4395.0,2011.0,汎德公司,進口小客車車型耗能證明107年8月核發資料.csv
7836b24b06903c27,TW,import,passenger,ice,2018,2018-05-25,BMW,M550D XDRIVE TOURING,A8,5D,2993.0,2148.0,汎德公司,進口小客車車型耗能證明107年5月核發資料.csv
c06528428741c3c4,TW,import,passenger,ice,2018,2018-08-03,BMW,X2 SDRIVE18I,A7,5D,1499.0,1580.0,汎德公司,進口小客車車型耗能證明107年8月核發資料.csv
9a61ed883867e208,TW,import,passenger,ice,2018,2018-02-06,BMW,X2 SDRIVE20I,A7,5D,1998.0,1646.0,汎德公司,進口小客車車型耗能證明107年2月核發資料.csv
95d6fad2b4ab1d0f,TW,import,passenger,ice,2018,2018-11-29,FERRARI,488 PISTA,A7,2D,3902.0,1646.0,臺灣蒙地拿,進口小客車車型耗能證明107年11月核發資料.csv
0403273645c638fe,TW,import,passenger,ice,2018,2018-05-24,FERRARI,PORTOFINO,A7,2D,3855.0,1856.0,臺灣蒙地拿,進口小客車車型耗能證明107年5月核發資料.csv
c70019b506033790,TW,import,passenger,ice,2018,2018-05-31,FORD,ECOSPORT,A6,5D,1496.0,1431.0,福特六和,進口小客車車型耗能證明107年5月核發資料.csv
74f764e73ee3756b,TW,import,passenger,ice,2018,2018-05-31,FORD,ECOSPORT,A6,5D,998.0,1429.0,福特六和,進口小客車車型耗能證明107年5月核發資料.csv
86588a56308d3b8c,TW,import,passenger,ice,2018,2018-01-02,FORD,MUSTANG,A10,2D,2261.0,1766.0,福特六和,進口小客車車型耗能證明107年1月核發資料.csv
1181a984de57d5ff,TW,import,passenger,ice,2018,2018-02-02,FORD,MUSTANG GT,A10,2D,5038.0,1862.0,福特六和,進口小客車車型耗能證明107年2月核發資料.csv
89a66def8821ac6d,TW,import,passenger,ice,2018,2018-10-03,HYUNDAI,KONA-A,A7,5D,1591.0,1524.0,三陽工業,進口小客車車型耗能證明107年10月核發資料.csv
cf3b426dd6b55624,TW,import,passenger,ice,2018,2018-10-03,HYUNDAI,KONA-B,A7,5D,1591.0,1548.0,三陽工業,進口小客車車型耗能證明107年10月核發資料.csv
96327392d5a79b17,TW,import,passenger,ice,2018,2018-07-25,INFINITI,QX50 AWD,CVT,5D,1997.0,1959.0,裕隆汽車,進口小客車車型耗能證明107年7月核發資料.csv
7dd7336e5cb0727c,TW,import,passenger,ice,2018,2018-07-25,INFINITI,QX50 FWD,CVT,5D,1997.0,1852.0,裕隆汽車,進口小客車車型耗能證明107年7月核發資料.csv
fb328196fb6763a3,TW,import,passenger,ice,2018,2018-10-30,JAGUAR,E-PACE,A9,5D,1997.0,1999.0,台灣捷豹,進口小客車車型耗能證明107年10月核發資料.csv
a30731c114afc890,TW,import,passenger,ice,2018,2018-12-14,JAGUAR,E-PACE 110kW,A9,5D,1999.0,1958.0,捷豹路虎,進口小客車車型耗能證明107年12月核發資料.csv
baa294df2fe04ffe,TW,import,passenger,ice,2018,2018-11-07,JAGUAR,E-PACE 221kW,A9,5D,1997.0,2022.0,台灣捷豹,進口小客車車型耗能證明107年11月核發資料.csv
86e4ec0694a9a2d5,TW,import,passenger,ice,2018,2018-08-21,JAGUAR,F-PACE 184kW,A8,5D,1997.0,1868.0,台灣捷豹,進口小客車車型耗能證明107年8月核發資料.csv
18533b46f6247ba4,TW,import,passenger,ice,2018,2018-11-07,JAGUAR,XE 221kW,A8,4D,1997.0,1795.0,台灣捷豹,進口小客車車型耗能證明107年11月核發資料.csv
5e823b61c09e22e5,TW,import,passenger,ice,2018,2018-11-21,KIA,CK 2.0T EX,A8,5D,1998.0,1782.0,台灣森那美,進口小客車車型耗能證明107年11月核發資料.csv
0aac8fe4f189b45e,TW,import,passenger,ice,2018,2018-05-15,KIA,PICANTO A,A4,5D,1248.0,1082.0,台灣森那美,進口小客車車型耗能證明107年5月核發資料.csv
ca438fb5c7925b31,TW,import,passenger,ice,2018,2018-10-05,KIA,PICANTO B,A4,5D,1248.0,1096.0,台灣森那美,進口小客車車型耗能證明107年10月核發資料.csv
948fb5c27ab4cb65,TW,import,passenger,ice,2018,2018-10-05,KIA,PICANTO C,A4,5D,1248.0,1108.0,台灣森那美,進口小客車車型耗能證明107年10月核發資料.csv
2be76c0f5ced65be,TW,import,passenger,ice,2018,2018-10-05,KIA,PICANTO GT LINE,A4,5D,1248.0,1104.0,台灣森那美,進口小客車車型耗能證明107年10月核發資料.csv
7d56ef6339b3addf,TW,import,passenger,ice,2018,2018-06-01,KIA,PICANTO X,A4,5D,1248.0,1122.0,台灣森那美,進口小客車車型耗能證明107年6月核發資料.csv
4b416555ac443a0c,TW,import,passenger,ice,2018,2018-04-13,KIA,STINGER-CK GT AWD,A8,5D,3342.0,1975.0,台灣森那美,進口小客車車型耗能證明107年4月核發資料.csv
bd0ee1e88e7d7b69,TW,import,passenger,ice,2018,2018-04-13,KIA,STINGER-CK GT LINE,A8,5D,1998.0,1838.0,台灣森那美,進口小客車車型耗能證明107年4月核發資料.csv
b753a830c8e331d1,TW,import,passenger,ice,2018,2018-01-29,LAMBORGHINI,AVENTADOR S ROADSTER,A7,2D,6498.0,1940.0,嘉鎷興業,進口小客車車型耗能證明107年1月核發資料.csv
9a520d705a7be3d6,TW,import,passenger,ice,2018,2018-06-11,LAMBORGHINI,HURACAN PERFORMANTE SPYDER,A7,2D,5204.0,1795.0,嘉鎷興業,進口小客車車型耗能證明107年6月核發資料.csv
854de1ff087227dd,TW,import,passenger,ice,2018,2018-08-03,LAMBORGHINI,URUS,A8,5D,3996.0,2420.0,嘉鎷興業,進口小客車車型耗能證明107年8月核發資料.csv
8cd718a635516ac4,TW,import,passenger,ice,2018,2018-08-17,LAND ROVER,DISCOVERY SPORT 4WD 7S,A9,5D,1997.0,1978.0,台灣捷豹,進口小客車車型耗能證明107年8月核發資料.csv
ac58ffc19d2e0ffe,TW,import,passenger,ice,2018,2018-09-06,LAND ROVER,RANGE ROVER VELAR 221kW,A8,5D,1997.0,1977.0,台灣捷豹,進口小客車車型耗能證明107年9月核發資料.csv
5e8987cd694e2589,TW,import,passenger,ice,2018,2018-06-28,LEXUS,ES200,A6,4D,1998,1717.0,和泰汽車,進口小客車車型耗能證明107年6月核發資料.csv
dc86eb2eaff96c73,TW,import,passenger,ice,2018,2018-06-27,LEXUS,ES250,A8,4D,2487,1764.0,和泰汽車,進口小客車車型耗能證明107年6月核發資料.csv
e1fcd035c33fadce,TW,import,passenger,ice,2018,2018-09-06,LEXUS,ES300h,CVT,4D,2487.0,1850.0,和泰汽車,進口小客車車型耗能證明107年9月核發資料.csv
694c0fd0d019bdb2,TW,import,passenger,ice,2018,2018-11-01,LEXUS,GS300h HYBRID,CVT,4D,2494.0,1897.0,和泰汽車,進口小客車車型耗能證明107年11月核發資料.csv
dde50ae13ca7bd24,TW,import,passenger,ice,2018,2018-02-01,LEXUS,RC300 TURBO,A8,2D,1998.0,1830.0,和泰汽車,進口小客車車型耗能證明107年2月核發資料.csv
ac23db5e3d0d32e0,TW,import,passenger,ice,2018,2018-03-09,LEXUS,RC350,A8,2D,3456.0,1845.0,和泰汽車,進口小客車車型耗能證明107年3月核發資料.csv
0a0389455770a7aa,TW,import,passenger,ice,2018,2018-01-08,LEXUS,RX350L,A8,5D,3456.0,2231.0,和泰汽車,進口小客車車型耗能證明107年1月核發資料.csv
bdb4925886f7f5f8,TW,import,passenger,ice,2018,2018-11-01,LEXUS,RX450h 4WD HYBRID,CVT,5D,3456.0,2313.0,和泰汽車,進口小客車車型耗能證明107年11月核發資料.csv
da51b130d11a37f0,TW,import,passenger,ice,2018,2018-01-08,LEXUS,RX450hL HYBRID,CVT,5D,3456.0,2354.0,和泰汽車,進口小客車車型耗能證明107年1月核發資料.csv
6d77bb9941276e49,TW,import,passenger,ice,2018,2018-11-14,LEXUS,UX200,CVT,5D,1987.0,1568.0,和泰汽車,進口小客車車型耗能證明107年11月核發資料.csv
e9cd9599b3df212c,TW,import,passenger,ice,2018,2018-12-26,LEXUS,UX250h HYBRID,CVT,5D,1987.0,1644.0,和泰汽車,進口小客車車型耗能證明107年12月核發資料.csv
92f79701f61cf659,TW,import,passenger,ice,2018,2018-03-08,LOTUS,EVORA GT430,M6,2D,3456.0,1431.0,嘉鎷興業,進口小客車車型耗能證明107年3月核發資料.csv
58f3910ae44d3821,TW,import,passenger,ice,2018,2018-03-22,MASERATI,GHIBLI GRANLUSSO,A8,4D,2979.0,2113.0,臺灣蒙地拿,進口小客車車型耗能證明107年3月核發資料.csv
c94bd01c2a1c9329,TW,import,passenger,ice,2018,2018-03-22,MASERATI,GRANTURISMO MC,A6,2D,4691.0,2040.0,臺灣蒙地拿,進口小客車車型耗能證明107年3月核發資料.csv
448a2d0e4b1c948d,TW,import,passenger,ice,2018,2018-12-27,MASERATI,LEVANTE TROFEO,A8,4D,3799.0,2406.0,臺灣蒙地拿,進口小客車車型耗能證明107年12月核發資料.csv
9b1374671d8981fb,TW,import,passenger,ice,2018,2018-03-22,MASERATI,QUATTROPORTE GRANLUSSO,A8,4D,2979.0,2155.0,臺灣蒙地拿,進口小客車車型耗能證明107年3月核發資料.csv
9c48d55e1a83adb3,TW,import,passenger,ice,2018,2018-04-27,MASERATI,QUATTROPORTE GRANSPORT S Q4,A8,4D,2979.0,2230.0,臺灣蒙地拿,進口小客車車型耗能證明107年4月核發資料.csv
62ca1fe6c5237967,TW,import,passenger,ice,2018,2018-07-30,MAZDA,CX-3,A6,5D,1759.0,1401.0,台灣馬自達,進口小客車車型耗能證明107年7月核發資料.csv
4302a60b2d2063bb,TW,import,passenger,ice,2018,2018-04-27,MAZDA,CX-3,A6,5D,1998.0,1351.0,台灣馬自達,進口小客車車型耗能證明107年4月核發資料.csv
207794457ef05945,TW,import,passenger,ice,2018,2018-06-05,MAZDA,Mazda6,A6,4D,1998.0,1615.0,台灣馬自達,進口小客車車型耗能證明107年6月核發資料.csv
bc043628a41e0bf4,TW,import,passenger,ice,2018,2018-06-05,MAZDA,Mazda6,A6,5D,1998.0,1630.0,台灣馬自達,進口小客車車型耗能證明107年6月核發資料.csv
7cfee1cdc8860985,TW,import,passenger,ice,2018,2018-11-27,MAZDA,Mazda6,A6,5D,2191.0,1737.0,台灣馬自達,進口小客車車型耗能證明107年11月核發資料.csv
da0bfa7167daba05,TW,import,passenger,ice,2018,2018-06-05,MAZDA,Mazda6,A6,5D,2191.0,1724.0,台灣馬自達,進口小客車車型耗能證明107年6月核發資料.csv
6b981b267c8c01de,TW,import,passenger,ice,2018,2018-11-13,MERCEDES-BENZ,A180,A7,5D,1332.0,1455.0,台灣賓士,進口小客車車型耗能證明107年11月核發資料.csv
ae35cb37de4fbed6,TW,import,passenger,ice,2018,2018-09-18,MERCEDES-BENZ,A200,A7,5D,1332.0,1483.0,台灣賓士,進口小客車車型耗能證明107年9月核發資料.csv
bbbed48814b6bbfe,TW,import,passenger,ice,2018,2018-09-11,MERCEDES-BENZ,A250,A7,5D,1991.0,1609.0,台灣賓士,進口小客車車型耗能證明107年9月核發資料.csv
d99c20a16b5d07ee,TW,import,passenger,ice,2018,2018-03-05,MERCEDES-BENZ,AMG C43 (南非),A9,4D,2996.0,1812.0,台灣賓士,進口小客車車型耗能證明107年3月核發資料.csv
5bbf2d312ee4a83f,TW,import,passenger,ice,2018,2018-08-14,MERCEDES-BENZ,AMG C43 (南非),A9,4D,2996.0,1846.0,台灣賓士,進口小客車車型耗能證明107年8月核發資料.csv
b0e3e750b45ff3ce,TW,import,passenger,ice,2018,2018-12-18,MERCEDES-BENZ,AMG C43 (德國),A9,2D,2996.0,1864.0,台灣賓士,進口小客車車型耗能證明107年12月核發資料.csv
9c090640573758aa,TW,import,passenger,ice,2018,2018-09-06,MERCEDES-BENZ,AMG C43 (德國),A9,5D,2996.0,1882.0,台灣賓士,進口小客車車型耗能證明107年9月核發資料.csv
1ef1d15cd5931500,TW,import,passenger,ice,2018,2018-02-14,MERCEDES-BENZ,AMG S63 4MATIC,A9,2D,3982.0,2234.0,台灣賓士,進口小客車車型耗能證明107年2月核發資料.csv
60c89755f2e66b35,TW,import,passenger,ice,2018,2018-09-06,MERCEDES-BENZ,C180,A9,2D,1595.0,1628.0,台灣賓士,進口小客車車型耗能證明107年9月核發資料.csv
423f0609a768da7f,TW,import,passenger,ice,2018,2018-08-27,MERCEDES-BENZ,C180,A9,4D,1595.0,1585.0,台灣賓士,進口小客車車型耗能證明107年8月核發資料.csv
dee99ff77cf677e4,TW,import,passenger,ice,2018,2018-08-27,MERCEDES-BENZ,C180,A9,5D,1595.0,1629.0,台灣賓士,進口小客車車型耗能證明107年8月核發資料.csv
5b4d35ee0ba01f7c,TW,import,passenger,ice,2018,2018-11-29,MERCEDES-BENZ,C200,A9,4D,1497.0,1630.0,台灣賓士,進口小客車車型耗能證明107年11月核發資料.csv
a970354122ba28d7,TW,import,passenger,ice,2018,2018-08-27,MERCEDES-BENZ,C200,A9,4D,1497.0,1660.0,台灣賓士,進口小客車車型耗能證明107年8月核發資料.csv
1dca0c0be4779901,TW,import,passenger,ice,2018,2018-12-13,MERCEDES-BENZ,C200 Cabriolet,A9,2D,1497.0,1804.0,台灣賓士,進口小客車車型耗能證明107年12月核發資料.csv
ad59b77ca5521ddf,TW,import,passenger,ice,2018,2018-10-15,MERCEDES-BENZ,C300,A9,2D,1991.0,1702.0,台灣賓士,進口小客車車型耗能證明107年10月核發資料.csv
d956acdec7a4c99b,TW,import,passenger,ice,2018,2018-08-27,MERCEDES-BENZ,C300,A9,4D,1991.0,1689.0,台灣賓士,進口小客車車型耗能證明107年8月核發資料.csv
3dc55f3ca8c17997,TW,import,passenger,ice,2018,2018-08-27,MERCEDES-BENZ,C300,A9,5D,1991.0,1757.0,台灣賓士,進口小客車車型耗能證明107年8月核發資料.csv
548482b6edd98c28,TW,import,passenger,ice,2018,2018-09-07,MERCEDES-BENZ,CLS350,A9,4D,1991.0,1894.0,台灣賓士,進口小客車車型耗能證明107年9月核發資料.csv
a75da08007725873,TW,import,passenger,ice,2018,2018-11-15,MERCEDES-BENZ,E220 d,A9,4D,1950.0,1830.0,台灣賓士,進口小客車車型耗能證明107年11月核發資料.csv
e2fe4491cf07af3d,TW,import,passenger,ice,2018,2018-10-12,MERCEDES-BENZ,E220 d,A9,5D,1950.0,1928.0,台灣賓士,進口小客車車型耗能證明107年10月核發資料.csv
5f35a98808ab09cd,TW,import,passenger,ice,2018,2018-06-11,MERCEDES-BENZ,E300,A9,2D,1991.0,1873.0,新北市公會,進口小客車車型耗能證明107年6月核發資料.csv
26d9e410b97f2286,TW,import,passenger,ice,2018,2018-05-31,MERCEDES-BENZ,GLA200 d (PACKAGE),A7,5D,2143.0,1659.0,台灣賓士,進口小客車車型耗能證明107年5月核發資料.csv
4abb924f7c7f7b64,TW,import,passenger,ice,2018,2018-05-31,MERCEDES-BENZ,GLC200 (COUPE),A9,5D,1991.0,1823.0,台灣賓士,進口小客車車型耗能證明107年5月核發資料.csv
471b67c9bf5e3ffb,TW,import,passenger,ice,2018,2018-05-31,MERCEDES-BENZ,GLC200 (德國),A9,5D,1991.0,1820.0,台灣賓士,進口小客車車型耗能證明107年5月核發資料.csv
eb51630dd79f7742,TW,import,passenger,ice,2018,2018-12-04,MERCEDES-BENZ,GLC220 d 4MATIC,A9,5D,2143.0,1985.0,台灣賓士,進口小客車車型耗能證明107年12月核發資料.csv
4e651b9d3fe0e7b1,TW,import,passenger,ice,2018,2018-02-08,MERCEDES-BENZ,GLC250 4MATIC COUPE,A9,5D,1991.0,1894.0,新北市公會,進口小客車車型耗能證明107年2月核發資料.csv
4d0a53507d5c7f60,TW,import,passenger,ice,2018,2018-02-23,MERCEDES-BENZ,S560,A9,2D,3982.0,2219.0,台灣賓士,進口小客車車型耗能證明107年2月核發資料.csv
5b3b913dfa820ace,TW,import,passenger,ice,2018,2018-05-24,MINI,MINI COOPER 5-DOORS,A7,5D,1499.0,1354.0,汎德公司,進口小客車車型耗能證明107年5月核發資料.csv
6e12858f0d9e0dd4,TW,import,passenger,ice,2018,2018-07-06,MINI,MINI COOPER CONVERTIBLE,A7,2D,1499.0,1401.0,汎德公司,進口小客車車型耗能證明107年7月核發資料.csv
4a8e0c382171c234,TW,import,passenger,ice,2018,2018-06-05,MINI,MINI COOPER HATCH,A7,3D,1499.0,1292.0,汎德公司,進口小客車車型耗能證明107年6月核發資料.csv
1427a4a7b42f17d1,TW,import,passenger,ice,2018,2018-06-05,MINI,MINI COOPER S 5-DOORS,A7,5D,1998.0,1398.0,汎德公司,進口小客車車型耗能證明107年6月核發資料.csv
04e73190b3e88bb8,TW,import,passenger,ice,2018,2018-07-06,MINI,MINI COOPER S CONVERTIBLE,A7,2D,1998.0,1440.0,汎德公司,進口小客車車型耗能證明107年7月核發資料.csv
0c0c146cff253c36,TW,import,passenger,ice,2018,2018-02-08,MINI,MINI COOPER S COUNTRYMAN,A8,5D,1998.0,1640.0,汎德公司,進口小客車車型耗能證明107年2月核發資料.csv
3748fc6062835fe7,TW,import,passenger,ice,2018,2018-06-05,MINI,MINI COOPER S HATCH,A7,3D,1998.0,1346.0,汎德公司,進口小客車車型耗能證明107年6月核發資料.csv
902d8933749f3e91,TW,import,passenger,ice,2018,2018-07-06,MINI,MINI JOHN COOPER WORKS,A8,3D,1998.0,1376.0,汎德公司,進口小客車車型耗能證明107年7月核發資料.csv
8ce8cf0ca5002e25,TW,import,passenger,ice,2018,2018-06-05,MINI,MINI ONE,A7,3D,1499.0,1256.0,汎德公司,進口小客車車型耗能證明107年6月核發資料.csv
5ef05b1cdf5f590d,TW,import,passenger,ice,2018,2018-05-24,MINI,MINI ONE 5-DOORS,A7,5D,1499.0,1313.0,汎德公司,進口小客車車型耗能證明107年5月核發資料.csv
c00ff55b4e010a52,TW,import,passenger,ice,2018,2018-12-14,McLaren,600LT Coupe,A7,2D,3799.0,1506.0,永三汽車,進口小客車車型耗能證明107年12月核發資料.csv
193e062e2f465104,TW,import,passenger,ice,2018,2018-01-17,Mercedes-AMG,AMG GT S (PACKAGE),A7,3D,3982.0,1738.0,台灣賓士,進口小客車車型耗能證明107年1月核發資料.csv
7aa7cd6f82ea5f99,TW,import,passenger,ice,2018,2018-12-28,PEUGEOT,208 PureTech (HATCHBACK),M5,4D,1199.0,1206.0,寶嘉聯合,進口小客車車型耗能證明107年12月核發資料.csv
f4d36060f3e72c82,TW,import,passenger,ice,2018,2018-12-10,PEUGEOT,3008 BLUEHDi,A8,5D,1997.0,1713.0,寶嘉聯合,進口小客車車型耗能證明107年12月核發資料.csv
82cb1889df876aba,TW,import,passenger,ice,2018,2018-06-15,PEUGEOT,3008 BLUEHDi,M6,5D,1560.0,1566.0,寶嘉聯合,進口小客車車型耗能證明107年6月核發資料.csv
ebed4d0584ba1884,TW,import,passenger,ice,2018,2018-06-04,PEUGEOT,3008 PureTech,A6,5D,1199.0,1538.0,寶嘉聯合,進口小客車車型耗能證明107年6月核發資料.csv
1559f7063c105a48,TW,import,passenger,ice,2018,2018-05-25,PEUGEOT,5008 BLUEHDi,A6,5D,1560.0,1719.0,寶嘉聯合,進口小客車車型耗能證明107年5月核發資料.csv
d92d67d26f719a38,TW,import,passenger,ice,2018,2018-11-27,PEUGEOT,5008 BLUEHDi,A8,5D,1997.0,1826.0,寶嘉聯合,進口小客車車型耗能證明107年11月核發資料.csv
6e9605f898a9baef,TW,import,passenger,ice,2018,2018-03-16,PEUGEOT(註一),5008 BLUEHDi,A6,5D,1997.0,1819.0,寶嘉聯合,進口小客車車型耗能證明107年3月核發資料.csv
930629322b2d74aa,TW,import,passenger,ice,2018,2018-05-22,PORSCHE,718 BOXSTER GTS,A7,2D,2497.0,1529.0,台灣保時捷,進口小客車車型耗能證明107年5月核發資料.csv
e7f9badf73d9e684,TW,import,passenger,ice,2018,2018-05-22,PORSCHE,718 CAYMAN GTS,A7,2D,2497.0,1526.0,台灣保時捷,進口小客車車型耗能證明107年5月核發資料.csv
1bb5c1ac7d8b35c0,TW,import,passenger,ice,2018,2018-06-15,PORSCHE,911 CARRERA GTS CABRIOLET,A7,2D,2981.0,1668.0,台灣保時捷,進口小客車車型耗能證明107年6月核發資料.csv
2c81ef82bf061d0b,TW,import,passenger,ice,2018,2018-05-02,PORSCHE,911 CARRERA T,A7,2D,2981.0,1581.0,台灣保時捷,進口小客車車型耗能證明107年5月核發資料.csv
897a7f4d476b237e,TW,import,passenger,ice,2018,2018-07-04,PORSCHE,911 GT2 RS,A7,2D,3800.0,1615.0,台灣保時捷,進口小客車車型耗能證明107年7月核發資料.csv
30d1f25d0191739f,TW,import,passenger,ice,2018,2018-06-06,PORSCHE,911 GT3,A7,2D,3996.0,1583.0,台灣保時捷,進口小客車車型耗能證明107年6月核發資料.csv
32389085bf42febe,TW,import,passenger,ice,2018,2018-10-25,PORSCHE,911 GT3 RS,A7,2D,3996.0,1603.0,台灣保時捷,進口小客車車型耗能證明107年10月核發資料.csv
d3a45bf5d24e69aa,TW,import,passenger,ice,2018,2018-03-30,PORSCHE,911 TURBO S CABRIOLET,A7,2D,3800.0,1786.0,台灣保時捷,進口小客車車型耗能證明107年3月核發資料.csv
4916b1d5e1502cb2,TW,import,passenger,ice,2018,2018-05-22,PORSCHE,911 TURBO S EXCLUSIVE SERIES,A7,2D,3800.0,1721.0,台灣保時捷,進口小客車車型耗能證明107年5月核發資料.csv
1f7dca061e394f5f,TW,import,passenger,ice,2018,2018-03-30,PORSCHE,PANAMERA 4 SPORT TURISMO,A8,5D,2995.0,2043.0,台灣保時捷,進口小客車車型耗能證明107年3月核發資料.csv
eaa04ccd04c17b34,TW,import,passenger,ice,2018,2018-04-24,PORSCHE,PANAMERA 4S,A8,4D,2894.0,2049.0,台灣保時捷,進口小客車車型耗能證明107年4月核發資料.csv
0c3efc3b99e490d9,TW,import,passenger,ice,2018,2018-08-30,PORSCHE,PANAMERA 4S EXECUTIVE,A8,4D,2894.0,2210.0,台灣保時捷,進口小客車車型耗能證明107年8月核發資料.csv
ff376f06296a8168,TW,import,passenger,ice,2018,2018-04-24,PORSCHE,PANAMERA 4S SPORT TURISMO,A8,5D,2894.0,2089.0,台灣保時捷,進口小客車車型耗能證明107年4月核發資料.csv
3e8aae07135f6124,TW,import,passenger,ice,2018,2018-07-25,PORSCHE,PANAMERA TURBO EXECUTIVE,A8,4D,3996.0,2299.0,台灣保時捷,進口小客車車型耗能證明107年7月核發資料.csv
9ab80b29026671bd,TW,import,passenger,ice,2018,2018-06-06,PORSCHE,PANAMERA TURBO SPORT TURISMO,A8,5D,3996.0,2197.0,台灣保時捷,進口小客車車型耗能證明107年6月核發資料.csv
8409c1e2d0b2c2d7,TW,import,passenger,ice,2018,2018-12-14,ROLLS-ROYCE,CULLINAN,A8,5D,6749.0,2860.0,盛惟公司,進口小客車車型耗能證明107年12月核發資料.csv
f1afb783b56aa42c,TW,import,passenger,ice,2018,2018-10-25,SKODA,FABIA 1.0 TSI HATCHBACK,A7,4D,999.0,1229.0,奧迪福斯,進口小客車車型耗能證明107年10月核發資料.csv
aec064eab2d80cbb,TW,import,passenger,ice,2018,2018-10-25,SKODA,FABIA COMBI 1.0 TSI HATCHBACK,A7,4D,999.0,1256.0,奧迪福斯,進口小客車車型耗能證明107年10月核發資料.csv
529c917e9244ae67,TW,import,passenger,ice,2018,2018-03-21,SKODA,KAROQ 1.5 TSI HATCHBACK,A7,4D,1498.0,1510.0,奧迪福斯,進口小客車車型耗能證明107年3月核發資料.csv
3868418e512cc849,TW,import,passenger,ice,2018,2018-10-17,SKODA,KODIAQ 1.4 TSI HATCHBACK,A6,4D,1395.0,1711.0,奧迪福斯,進口小客車車型耗能證明107年10月核發資料.csv
f40775bbd6ec6fa9,TW,import,passenger,ice,2018,2018-02-13,SKODA,SUPERB 1.4 TSI,A7,4D,1395.0,1524.0,奧迪福斯,進口小客車車型耗能證明107年2月核發資料.csv
5d2c0389a995362a,TW,import,passenger,ice,2018,2018-02-01,SKODA,SUPERB COMBI 2.0 TDI HATCHBACK,A7,4D,1968.0,1726.0,奧迪福斯,進口小客車車型耗能證明107年2月核發資料.csv
6352654e6ba889ff,TW,import,passenger,ice,2018,2018-03-21,SKODA(註一),KAROQ 2.0 TDI HATCHBACK,A7,4D,1968.0,1704.0,奧迪福斯,進口小客車車型耗能證明107年3月核發資料.csv
ad50d1fbf65e13c3,TW,import,passenger,ice,2018,2018-03-09,SKODA(註一),SUPERB 2.0 TDI,A7,4D,1968.0,1682.0,奧迪福斯,進口小客車車型耗能證明107年3月核發資料.csv
2322a8ec0b430ae9,TW,import,passenger,ice,2018,2018-05-31,SUBARU,LEVORG 1.6GT-S EyeSight AWD CVT,CVT,5D,1600.0,1710.0,台灣速霸陸,進口小客車車型耗能證明107年5月核發資料.csv
ed88bf07737f37aa,TW,import,passenger,ice,2018,2018-06-01,SUBARU,LEVORG 2.0GT-S EyeSight AWD CVT,CVT,5D,1998.0,1738.0,台灣速霸陸,進口小客車車型耗能證明107年6月核發資料.csv
f1f42690e83d9625,TW,import,passenger,ice,2018,2018-10-17,SUBARU,SUBARU XV 2.0i-S AWD CVT,CVT,5D,1995.0,1562.0,台灣速霸陸,進口小客車車型耗能證明107年10月核發資料.csv
137f47b14790f84c,TW,import,passenger,ice,2018,2018-05-31,SUBARU,WRX 4D 2.0 EyeSight AWD CVT,CVT,4D,1998.0,1647.0,台灣速霸陸,進口小客車車型耗能證明107年5月核發資料.csv
e4c9f70e3187afc4,TW,import,passenger,ice,2018,2018-02-01,SUZUKI,SWIFT SPORT,A6,5D,1373.0,1086.0,金鈴汽車,進口小客車車型耗能證明107年2月核發資料.csv
9f2e93edbb000b48,TW,import,passenger,ice,2018,2018-08-17,TOYOTA,AURIS,CVT,5D,1987.0,1488.0,和泰汽車,進口小客車車型耗能證明107年8月核發資料.csv
d019b636b7ecf28a,TW,import,passenger,ice,2018,2018-10-17,TOYOTA,CAMRY,A6,4D,2494.0,1619.0,和泰汽車,進口小客車車型耗能證明107年10月核發資料.csv
1918ec405909bf73,TW,import,passenger,ice,2018,2018-10-17,TOYOTA,CAMRY HYBRID,CVT,4D,2487.0,1778.0,和泰汽車,進口小客車車型耗能證明107年10月核發資料.csv
f30c8c102b6dfd86,TW,import,passenger,ice,2018,2018-03-22,TOYOTA,SIENNA LE,A8,5D,3456.0,2125.0,金門公會,進口小客車車型耗能證明107年3月核發資料.csv
71fcc3b81c572d1a,TW,import,passenger,ice,2018,2018-02-23,TOYOTA,SIENNA LIMITED,A8,5D,3456.0,2247.0,金門公會,進口小客車車型耗能證明107年2月核發資料.csv
480c2f53d4ab9bcc,TW,import,passenger,ice,2018,2018-03-16,TOYOTA,SIENNA LIMITED PREMIUM,A8,5D,3456.0,2252.0,金門公會,進口小客車車型耗能證明107年3月核發資料.csv
45513141d8200348,TW,import,passenger,ice,2018,2018-03-16,TOYOTA,SIENNA SE PREMIUM,A8,5D,3456.0,2228.0,金門公會,進口小客車車型耗能證明107年3月核發資料.csv
f936daaab3a682d8,TW,import,passenger,ice,2018,2018-02-02,TOYOTA,SIENNA XLE,A8,5D,3456.0,2189.0,金門公會,進口小客車車型耗能證明107年2月核發資料.csv
5a5af421341386a4,TW,import,passenger,ice,2018,2018-05-24,VOLKSWAGEN,GOLF SPORTSVAN 230 TSI HATCHBACK,A7,4D,999.0,1471.0,奧迪福斯,進口小客車車型耗能證明107年5月核發資料.csv
b3eff25ebe3a82bc,TW,import,passenger,ice,2018,2018-05-28,VOLKSWAGEN,GOLF SPORTSVAN 280 TSI HATCHBACK,A7,4D,1498.0,1525.0,奧迪福斯,進口小客車車型耗能證明107年5月核發資料.csv
c722fc3b5cc6d2ba,TW,import,passenger,ice,2018,2018-03-09,VOLKSWAGEN,POLO 230 TSI HATCHBACK,A7,4D,999.0,1298.0,奧迪福斯,進口小客車車型耗能證明107年3月核發資料.csv
91f1b2e07dcd190e,TW,import,passenger,ice,2018,2018-05-28,VOLKSWAGEN,POLO GTI HATCHBACK,A6,4D,1984.0,1403.0,奧迪福斯,進口小客車車型耗能證明107年5月核發資料.csv
b5b15aea6e85e3f9,TW,import,passenger,ice,2018,2018-07-02,VOLKSWAGEN,SHARAN 280 TSI (WITH HATCHBACK),A6,4D,1395.0,1897.0,奧迪福斯,進口小客車車型耗能證明107年7月核發資料.csv
cdcb0d206d0dcc08,TW,import,passenger,ice,2018,2018-02-27,VOLKSWAGEN,TIGUAN ALLSPACE 330 TSI HATCHBACK,A7,4D,1984.0,1906.0,奧迪福斯,進口小客車車型耗能證明107年2月核發資料.csv
5f907713e078abff,TW,import,passenger,ice,2018,2018-11-21,VOLKSWAGEN,TIGUAN ALLSPACE 380 TSI HATCHBACK,A7,4D,1984.0,1925.0,奧迪福斯,進口小客車車型耗能證明107年11月核發資料.csv
75909489335146f9,TW,import,passenger,ice,2018,2018-11-08,VOLVO,S90 T4,A8,4D,1969.0,1806.0,國際富豪,進口小客車車型耗能證明107年11月核發資料.csv
3a2ed0df834f3314,TW,import,passenger,ice,2018,2018-12-13,VOLVO,S90 T6 AWD (馬來西亞),A8,4D,1969.0,1966.0,國際富豪,進口小客車車型耗能證明107年12月核發資料.csv
f84d27d2a87909b6,TW,import,passenger,ice,2018,2018-06-13,VOLVO,XC40 T4,A8,5D,1969.0,1742.0,國際富豪,進口小客車車型耗能證明107年6月核發資料.csv
d23e9a9d198806f6,TW,import,passenger,ice,2018,2018-02-23,VOLVO,XC40 T5 AWD,A8,5D,1969.0,1812.0,國際富豪,進口小客車車型耗能證明107年2月核發資料.csv
11b9165ffccf23fe,TW,domestic,passenger,ice,2018,2018-09-04,三陽,ELANTRA ADG-F,A7,4D,1591.0,1504.0,三陽,國產小客車車型耗能證明107年9月核發資料.csv
225d86aa9bb90360,TW,domestic,passenger,ice,2018,2018-10-01,三陽,ELANTRA ADG-H,A6,4D,1591.0,1389.0,三陽工業,國產小客車車型耗能證明107年10月核發資料.csv
c695a522d4474d73,TW,domestic,passenger,ice,2018,2018-03-22,三陽,TUCSON TLG-A10,A6,5D,1999.0,1588.0,三陽工業,國產小客車車型耗能證明107年3月核發資料.csv
17375be48337371c,TW,domestic,passenger,ice,2018,2018-03-30,三陽(註一),SANTA FE DMD-I10,A6,5D,2199.0,1935.0,三陽工業,國產小客車車型耗能證明107年3月核發資料.csv
a7c36e484a670c83,TW,domestic,passenger,ice,2018,2018-11-21,中華,OUTLANDER RE241HB7A,CVT,5D,2359.0,1615.0,中華汽車,國產小客車車型耗能證明107年11月核發資料.csv
2a79f65d5b88027b,TW,domestic,passenger,ice,2018,2018-10-18,中華,OUTLANDER RE241HB7DA,CVT,5D,2359.0,1637.0,中華汽車,國產小客車車型耗能證明107年10月核發資料.csv
b19cce711f65c688,TW,domestic,passenger,ice,2018,2018-01-04,國瑞,VIOS NSP151L-FEXDKR,CVT,4D,1496.0,1183.0,國瑞汽車,國產小客車車型耗能證明107年1月核發資料.csv
12a831aa0c9def02,TW,domestic,passenger,ice,2018,2018-01-15,國瑞,VIOS NSP151L-FEXRKR,CVT,4D,1496.0,1195.0,國瑞汽車,國產小客車車型耗能證明107年1月核發資料.csv
7c12ff5166a1d0dd,TW,domestic,passenger,ice,2018,2018-01-04,國瑞,VIOS NSP151L-FEXVKR,CVT,4D,1496.0,1205.0,國瑞汽車,國產小客車車型耗能證明107年1月核發資料.csv
af6e9e64cdd4d163,TW,domestic,passenger,ice,2018,2018-01-22,國瑞,YARIS NSP151L-FHXGKR,CVT,4D,1496.0,1196.0,國瑞汽車,國產小客車車型耗能證明107年1月核發資料.csv
2646b951f4995550,TW,domestic,passenger,ice,2018,2018-01-15,國瑞,YARIS NSP151L-FHXRKR,CVT,4D,1496.0,1179.0,國瑞汽車,國產小客車車型耗能證明107年1月核發資料.csv
4a89997aa9d49f45,TW,domestic,passenger,ice,2018,2018-01-15,國瑞,YARIS NSP151L-FHXVKR,CVT,4D,1496.0,1219.0,國瑞汽車,國產小客車車型耗能證明107年1月核發資料.csv
5adbeda858739398,TW,domestic,passenger,ice,2018,2018-08-28,日產,KICKS P15 FVA,CVT,5D,1498.0,1267.0,裕隆汽車,國產小客車車型耗能證明107年8月核發資料.csv
5b83d4330e96dae9,TW,domestic,passenger,ice,2018,2018-05-15,福特六和,FOCUS C346-8X,A6,5D,1499.0,1514.0,福特六和,國產小客車車型耗能證明107年5月核發資料.csv
bff4d6d3bf1bdbce,TW,domestic,passenger,ice,2018,2018-12-05,福特六和,FOCUS C519-FF,A8,4D,1497.0,1439.0,福特六和,國產小客車車型耗能證明107年12月核發資料.csv
2c14f300a1edca9f,TW,domestic,passenger,ice,2018,2018-12-05,福特六和,FOCUS C519-GF,A6,5D,1497.0,1382.0,福特六和,國產小客車車型耗能證明107年12月核發資料.csv
c7c702a89caf98ba,TW,domestic,passenger,ice,2018,2018-12-05,福特六和,FOCUS C519-HF,A8,5D,1497.0,1430.0,福特六和,國產小客車車型耗能證明107年12月核發資料.csv
6a871d40b7bde3cd,TW,domestic,passenger,ice,2018,2018-12-05,福特六和,FOCUS C519-NF,A8,5D,1497.0,1466.0,福特六和,國產小客車車型耗能證明107年12月核發資料.csv
0231146d931cce47,TW,domestic,passenger,ice,2018,2018-04-24,納智捷,LUXGEN S3 S61FLA,CVT,4D,1556.0,1314.0,裕隆汽車,國產小客車車型耗能證明107年4月核發資料.csv
248225ddd681857a,TW,domestic,passenger,ice,2018,2018-04-24,納智捷,LUXGEN S3 S61FPA,CVT,4D,1556.0,1330.0,裕隆汽車,國產小客車車型耗能證明107年4月核發資料.csv
abb5b44b5f4b00df,TW,domestic,passenger,ice,2018,2018-11-09,納智捷,LUXGEN U5 H61FHA,CVT,5D,1556.0,1440.0,裕隆汽車,國產小客車車型耗能證明107年11月核發資料.csv
2c34d870350d709c,TW,domestic,passenger,ice,2018,2018-04-24,納智捷,LUXGEN U5 H61FPA,CVT,5D,1556.0,1393.0,裕隆汽車,國產小客車車型耗能證明107年4月核發資料.csv
6906b175872c8c8a,TW,domestic,passenger,ice,2018,2018-02-13,起亞,CARENS RPD17-H1,A7,5D,1685.0,1672.0,三陽工業,國產小客車車型耗能證明107年2月核發資料.csv
a5b0c9036905a988,TW,domestic,passenger,ice,2018,2018-01-12,起亞,CARENS RPG20-G1,A6,5D,1999.0,1570.0,三陽工業,國產小客車車型耗能證明107年1月核發資料.csv
50a69840fe66ee5d,TW,domestic,passenger,ice,2018,2018-01-12,起亞,CARENS RPG20-H1,A6,5D,1999.0,1615.0,三陽工業,國產小客車車型耗能證明107年1月核發資料.csv
bc9f8934b80fa82c,TW,import,passenger,ice,2019,2019-06-05,ALFA ROMEO,STELVIO,A8,5D,1995.0,1856.0,新北市公會,進口小客車車型耗能證明108年6月核發資料.csv
016baf9abfae932a,TW,import,passenger,ice,2019,2019-02-15,ASTON MARTIN,RAPIDE AMR,A8,5D,5935.0,2090.0,永三汽車,進口小客車車型耗能證明108年2月核發資料.csv
774bc2ae680633a3,TW,import,passenger,ice,2019,2019-02-15,ASTON MARTIN,VANQUISH ZAGATO SHOOTING BRAKE,A8,3D,5935.0,1949.0,永三汽車,進口小客車車型耗能證明108年2月核發資料.csv
c59764b426608d7a,TW,import,passenger,ice,2019,2019-04-02,AUDI,A3 35 TFSI HATCHBACK,A7,4D,1395.0,1406.0,奧迪福斯,進口小客車車型耗能證明108年4月核發資料.csv
ccc178e6e3e6aefa,TW,import,passenger,ice,2019,2019-06-19,AUDI,A6 40 TDI,A7,4D,1968.0,1790.0,奧迪福斯,進口小客車車型耗能證明108年6月核發資料.csv
40ce6b1bb421cfac,TW,import,passenger,ice,2019,2019-07-17,AUDI,A6 AVANT 40 TDI HATCHBACK,A7,4D,1968.0,1823.0,奧迪福斯,進口小客車車型耗能證明108年7月核發資料.csv
1938cd3dede5db45,TW,import,passenger,ice,2019,2019-05-23,AUDI,A6 AVANT 45 TFSI quattro HATCHBACK,A7,4D,1984,1948,奧迪福斯,進口小客車車型耗能證明108年5月核發資料.csv
24250f67cdb4b935,TW,import,passenger,ice,2019,2019-05-28,AUDI,A7 45 TFSI quattro,A7,4D,1984,1917,奧迪福斯,進口小客車車型耗能證明108年5月核發資料.csv
d75cde106e9c1d8f,TW,import,passenger,ice,2019,2019-05-28,AUDI,A8 50 TDI quattro,A8,4D,2967,2114,奧迪福斯,進口小客車車型耗能證明108年5月核發資料.csv
b298c58346ee299e,TW,import,passenger,ice,2019,2019-05-28,AUDI,A8 L 55 TFSI quattro,A8,4D,2995,2105,奧迪福斯,進口小客車車型耗能證明108年5月核發資料.csv
a3960fac04d9a47f,TW,import,passenger,ice,2019,2019-10-25,BENTLEY,BENTAYGA SPEED,A8,5D,5950.0,2595.0,永三汽車,進口小客車車型耗能證明108年10月核發資料.csv
208d7a94532f33fc,TW,import,passenger,ice,2019,2019-07-09,BENTLEY,CONTINENTAL GT CONVERTIBLE,A8,2D,5950.0,2557.0,永三汽車,進口小客車車型耗能證明108年7月核發資料.csv
c4cfbb62025b424b,TW,import,passenger,ice,2019,2019-10-08,BMW,118I HATCH,A7,5D,1499.0,1505.0,汎德公司,進口小客車車型耗能證明108年10月核發資料.csv
62509a8f9af96112,TW,import,passenger,ice,2019,2019-09-24,BMW,320I SEDAN,A8,4D,1998.0,1646.0,汎德公司,進口小客車車型耗能證明108年9月核發資料.csv
c84e5b17523bb473,TW,import,passenger,ice,2019,2019-01-31,BMW,330I SEDAN,A8,4D,1998.0,1697.0,汎德公司,進口小客車車型耗能證明108年1月核發資料.csv
0d8ef3a54095a3e7,TW,import,passenger,ice,2019,2019-07-09,BMW,520D SEDAN,A8,4D,1995.0,1739.0,汎德公司,進口小客車車型耗能證明108年7月核發資料.csv
f11a6dc063c05316,TW,import,passenger,ice,2019,2019-10-24,BMW,520I SEDAN,A8,4D,1998.0,1698.0,汎德公司,進口小客車車型耗能證明108年10月核發資料.csv
e29d8a3d8f90deb6,TW,import,passenger,ice,2019,2019-07-02,BMW,730D SEDAN,A8,4D,2993.0,2003.0,汎德公司,進口小客車車型耗能證明108年7月核發資料.csv
c5c35f0687272251,TW,import,passenger,ice,2019,2019-06-25,BMW,730I SEDAN,A8,4D,1998.0,1880.0,汎德公司,進口小客車車型耗能證明108年6月核發資料.csv
de477e5208234c0a,TW,import,passenger,ice,2019,2019-07-09,BMW,730LD SEDAN,A8,4D,2993.0,2046.0,汎德公司,進口小客車車型耗能證明108年7月核發資料.csv
5b019ef7bc428c8d,TW,import,passenger,ice,2019,2019-07-02,BMW,740I SEDAN,A8,4D,2998.0,1963.0,汎德公司,進口小客車車型耗能證明108年7月核發資料.csv
dea454b6ea325f2e,TW,import,passenger,ice,2019,2019-07-02,BMW,740LI SEDAN,A8,4D,2998.0,2025.0,汎德公司,進口小客車車型耗能證明108年7月核發資料.csv
7ab46e5b48cba85d,TW,import,passenger,ice,2019,2019-06-25,BMW,750LI XDRIVE SEDAN,A8,4D,4395.0,2225.0,汎德公司,進口小客車車型耗能證明108年6月核發資料.csv
deeb38d5f14f3f7c,TW,import,passenger,ice,2019,2019-11-19,BMW,M135I XDRIVE HATCH,A8,5D,1998.0,1678.0,汎德公司,進口小客車車型耗能證明108年11月核發資料.csv
06fc951c126188aa,TW,import,passenger,ice,2019,2019-06-25,BMW,M2 COMPETITION COUPE,M6,2D,2979.0,1688.0,汎德公司,進口小客車車型耗能證明108年6月核發資料.csv
0ea9424b97df3373,TW,import,passenger,ice,2019,2019-11-22,BMW,M5 SEDAN,A8,4D,4395.0,2015.0,汎德公司,進口小客車車型耗能證明108年11月核發資料.csv
aa591a7ff1390942,TW,import,passenger,ice,2019,2019-07-09,BMW,M760LI XDRIVE SEDAN,A8,4D,6592.0,2400.0,汎德公司,進口小客車車型耗能證明108年7月核發資料.csv
1b5fe04b321240fc,TW,import,passenger,ice,2019,2019-07-08,BMW,M850I XDRIVE CONVERTIBLE,A8,2D,4395.0,2147.0,汎德公司,進口小客車車型耗能證明108年7月核發資料.csv
e2106d040d805c5c,TW,import,passenger,ice,2019,2019-03-07,BMW,M850I XDRIVE COUPE,A8,2D,4395.0,2024.0,汎德公司,進口小客車車型耗能證明108年3月核發資料.csv
e7398b435426badb,TW,import,passenger,ice,2019,2019-10-09,BMW,X1 SDRIVE18I,A7,5D,1499.0,1596.0,汎德公司,進口小客車車型耗能證明108年10月核發資料.csv
8631a9e12be222b7,TW,import,passenger,ice,2019,2019-09-24,BMW,X1 SDRIVE20I,A7,5D,1998.0,1656.0,汎德公司,進口小客車車型耗能證明108年9月核發資料.csv
e0cf414a0f619410,TW,import,passenger,ice,2019,2019-05-28,BMW,X2 M35I,A8,5D,1998,1765,汎德公司,進口小客車車型耗能證明108年5月核發資料.csv
d418a5c5182fba67,TW,import,passenger,ice,2019,2019-04-19,BMW,Z4 SDRIVE20I,A8,2D,1998.0,1578.0,汎德公司,進口小客車車型耗能證明108年4月核發資料.csv
a98dbeca8a75a04f,TW,import,passenger,ice,2019,2019-03-29,CITROEN,BERLINGO (XL),A8,5D,1499.0,1775.0,寶嘉聯合,進口小客車車型耗能證明108年3月核發資料.csv
698563b9f44c8c53,TW,import,passenger,ice,2019,2019-03-25,CITROEN,BERLINGO (XL),M6,5D,1499.0,1743.0,寶嘉聯合,進口小客車車型耗能證明108年3月核發資料.csv
8864e8b52d9c1cc2,TW,import,passenger,ice,2019,2019-07-17,CITROEN,C5 AIRCROSS,A8,5D,1598.0,1650.0,寶嘉聯合,進口小客車車型耗能證明108年7月核發資料.csv
8c273a2300ffad5c,TW,import,passenger,ice,2019,2019-04-12,CITROEN,Grand C4 SpaceTourer,A8,5D,1997.0,1762.0,寶嘉聯合,進口小客車車型耗能證明108年4月核發資料.csv
3922864f40eaf8f2,TW,import,passenger,ice,2019,2019-05-28,FERRARI,488 PISTA SPIDER,A7,2D,3902,1721,臺灣蒙地拿,進口小客車車型耗能證明108年5月核發資料.csv
fe43e2f28809a79f,TW,import,passenger,ice,2019,2019-12-17,FERRARI,F8 TRIBUTO,A7,2D,3902.0,1721.0,臺灣蒙地拿,進口小客車車型耗能證明108年12月核發資料.csv
668df5698ae3f28d,TW,import,passenger,ice,2019,2019-01-16,HONDA,NSX HYBRID,A9,2D,3493.0,1875.0,本田公司,進口小客車車型耗能證明108年1月核發資料.csv
411159cf99bd84b4,TW,import,passenger,ice,2019,2019-04-26,HYUNDAI,KONA-C,A7,5D,1591.0,1435.0,三陽工業,進口小客車車型耗能證明108年4月核發資料.csv
2fd49d6cda6753e6,TW,import,passenger,ice,2019,2019-04-26,HYUNDAI,KONA-D,A7,5D,1591.0,1449.0,三陽工業,進口小客車車型耗能證明108年4月核發資料.csv
e23edf4da7413f2a,TW,import,passenger,ice,2019,2019-04-24,HYUNDAI,KONA-E,A7,5D,1591.0,1458.0,三陽工業,進口小客車車型耗能證明108年4月核發資料.csv
9390f538ee375648,TW,import,passenger,ice,2019,2019-05-28,HYUNDAI,KONA-F,A7,5D,1591,1559,三陽工業,進口小客車車型耗能證明108年5月核發資料.csv
d27a67c8495417aa,TW,import,passenger,ice,2019,2019-05-28,HYUNDAI,KONA-G,A7,5D,1591,1475,三陽工業,進口小客車車型耗能證明108年5月核發資料.csv
421282ba9aeeb0b8,TW,import,passenger,ice,2019,2019-12-12,HYUNDAI,Santa Fe-A,A6,5D,2359.0,1833.0,三陽工業,進口小客車車型耗能證明108年12月核發資料.csv
41f208776af9e72e,TW,import,passenger,ice,2019,2019-12-10,HYUNDAI,Santa Fe-B,A6,5D,2359.0,1872.0,三陽工業,進口小客車車型耗能證明108年12月核發資料.csv
109dd462255235a5,TW,import,passenger,ice,2019,2019-12-02,HYUNDAI,Santa Fe-C,A8,5D,2199.0,1935.0,三陽工業,進口小客車車型耗能證明108年12月核發資料.csv
416b34a07a3d73d0,TW,import,passenger,ice,2019,2019-02-20,HYUNDAI,VELOSTER,A7,4D,1591.0,1422.0,三陽工業,進口小客車車型耗能證明108年2月核發資料.csv
01ae85fad93bfb33,TW,import,passenger,ice,2019,2019-07-02,INFINITI,Q50,A7,4D,2997.0,1806.0,裕隆汽車,進口小客車車型耗能證明108年7月核發資料.csv
9c94683455d80da7,TW,import,passenger,ice,2019,2019-07-02,INFINITI,Q60,A7,2D,2997.0,1892.0,裕隆汽車,進口小客車車型耗能證明108年7月核發資料.csv
f346328c46818785,TW,import,passenger,ice,2019,2019-01-17,INFINITI,QX60 AWD,CVT,5D,3498.0,2186.0,裕隆汽車,進口小客車車型耗能證明108年1月核發資料.csv
2e746e615cdc8cba,TW,import,passenger,ice,2019,2019-01-17,INFINITI,QX60 FWD,CVT,5D,3498.0,2081.0,裕隆汽車,進口小客車車型耗能證明108年1月核發資料.csv
f341718ff5bdf545,TW,import,passenger,ice,2019,2019-05-30,JAGUAR,E-PACE 147kW,A9,5D,1997,1968,台灣捷豹,進口小客車車型耗能證明108年5月核發資料.csv
39d8ed043716407e,TW,import,passenger,ice,2019,2019-09-02,JAGUAR,F-PACE,A8,5D,5000.0,2201.0,台灣捷豹,進口小客車車型耗能證明108年9月核發資料.csv
2dff2dc6a3ffe898,TW,import,passenger,ice,2019,2019-01-15,JAGUAR,F-TYPE 221kW,A8,2D,1997.0,1709.0,台灣捷豹,進口小客車車型耗能證明108年1月核發資料.csv
2f10028f7b2168c5,TW,import,passenger,ice,2019,2019-01-15,JAGUAR,F-TYPE 221kW CONVERTIBLE,A8,2D,1997.0,1724.0,台灣捷豹,進口小客車車型耗能證明108年1月核發資料.csv
c6f9ef80e342594c,TW,import,passenger,ice,2019,2019-09-24,JAGUAR,F-TYPE 280kW,A8,2D,2995.0,1882.0,台灣捷豹,進口小客車車型耗能證明108年9月核發資料.csv
386b3e6469a4f164,TW,import,passenger,ice,2019,2019-09-02,JAGUAR,XE,A8,4D,1997.0,1780.0,台灣捷豹,進口小客車車型耗能證明108年9月核發資料.csv
377d924bf3a94744,TW,import,passenger,ice,2019,2019-07-17,JAGUAR,XF 280kW,A8,4D,2995.0,1958.0,台灣捷豹,進口小客車車型耗能證明108年7月核發資料.csv
02fddb14843eaf4d,TW,import,passenger,ice,2019,2019-10-25,KIA,PICANTO B2,A4,5D,1248.0,1096.0,台灣森那美,進口小客車車型耗能證明108年10月核發資料.csv
eae0728dd5e7c13f,TW,import,passenger,ice,2019,2019-10-05,KIA,QL PE B,A8,5D,1995.0,1719.0,台灣森那美,進口小客車車型耗能證明108年10月核發資料.csv
80412397167e2e3f,TW,import,passenger,ice,2019,2019-10-05,KIA,QL PE GTL 2WD,A8,5D,1995.0,1792.0,台灣森那美,進口小客車車型耗能證明108年10月核發資料.csv
5d089ba0674b3532,TW,import,passenger,ice,2019,2019-10-05,KIA,QL PE GTL 4WD,A8,5D,1995.0,1848.0,台灣森那美,進口小客車車型耗能證明108年10月核發資料.csv
b4b978d386b51b86,TW,import,passenger,ice,2019,2019-01-10,KIA,SORENTO 2WD,A8,5D,2199.0,1972.0,台灣森那美,進口小客車車型耗能證明108年1月核發資料.csv
4a191085f72c38d4,TW,import,passenger,ice,2019,2019-01-14,KIA,SORENTO GT-LINE,A8,5D,2199.0,2081.0,台灣森那美,進口小客車車型耗能證明108年1月核發資料.csv
3a9f09caff508ab1,TW,import,passenger,ice,2019,2019-10-22,KIA,SPORTAGE B,A8,5D,1995.0,1735.0,台灣森那美,進口小客車車型耗能證明108年10月核發資料.csv
6cb02d29fdafa224,TW,import,passenger,ice,2019,2019-10-24,KIA,SPORTAGE GT LINE 2WD,A8,5D,1995.0,1787.0,台灣森那美,進口小客車車型耗能證明108年10月核發資料.csv
4a35edc43bc997f3,TW,import,passenger,ice,2019,2019-10-22,KIA,SPORTAGE GT LINE AWD,A8,5D,1995.0,1858.0,台灣森那美,進口小客車車型耗能證明108年10月核發資料.csv
bd35ffe6586f37b0,TW,import,passenger,ice,2019,2019-06-11,KIA,STONIC 1.4,A6,5D,1368.0,1251.0,台灣森那美,進口小客車車型耗能證明108年6月核發資料.csv
8d713f7d7cbdaeca,TW,import,passenger,ice,2019,2019-06-13,KIA,STONIC A,A7,5D,998.0,1288.0,台灣森那美,進口小客車車型耗能證明108年6月核發資料.csv
5c7bbc7b88da404d,TW,import,passenger,ice,2019,2019-06-13,KIA,STONIC B,A7,5D,998.0,1294.0,台灣森那美,進口小客車車型耗能證明108年6月核發資料.csv
8a97a46e1491ec88,TW,import,passenger,ice,2019,2019-07-24,KIA,STONIC B1,A7,5D,998.0,1286.0,台灣森那美,進口小客車車型耗能證明108年7月核發資料.csv
34c478287533b563,TW,import,passenger,ice,2019,2019-06-11,KIA,STONIC C,A7,5D,998.0,1299.0,台灣森那美,進口小客車車型耗能證明108年6月核發資料.csv
636f93f41b0884ab,TW,import,passenger,ice,2019,2019-10-17,LAMBORGHINI,HURACAN EVO,A7,2D,5204.0,1735.0,嘉鎷興業,進口小客車車型耗能證明108年10月核發資料.csv
4b3371921bdae9c3,TW,import,passenger,ice,2019,2019-10-17,LAMBORGHINI,HURACAN EVO SPYDER,A7,2D,5204.0,1865.0,嘉鎷興業,進口小客車車型耗能證明108年10月核發資料.csv
97bcf0c355b107cb,TW,import,passenger,ice,2019,2019-09-06,LAND ROVER,RANGE ROVER EVOQUE 4WD 147kW,A9,5D,1997.0,2020.0,台灣捷豹,進口小客車車型耗能證明108年9月核發資料.csv
e765b3ce1aa0f3da,TW,import,passenger,ice,2019,2019-08-14,LAND ROVER,RANGE ROVER EVOQUE 4WD 183kW,A9,5D,1997.0,2047.0,捷豹路虎,進口小客車車型耗能證明108年8月核發資料.csv
6541ec8aa4479f38,TW,import,passenger,ice,2019,2019-08-14,LAND ROVER,RANGE ROVER EVOQUE 4WD 221kW,A9,5D,1997.0,2078.0,捷豹路虎,進口小客車車型耗能證明108年8月核發資料.csv
66cb4d3102f2b48b,TW,import,passenger,ice,2019,2019-09-06,LAND ROVER,RANGE ROVER VELAR,A8,5D,5000.0,2251.0,台灣捷豹,進口小客車車型耗能證明108年9月核發資料.csv
e13fc46cb6185bfa,TW,import,passenger,ice,2019,2019-06-13,LEXUS,GS450h (HYBRID),CVT,4D,3456.0,1985.0,和泰汽車,進口小客車車型耗能證明108年6月核發資料.csv
d44331666ff164bc,TW,import,passenger,ice,2019,2019-03-29,LEXUS,IS300h HYBRID,CVT,4D,2494.0,1831.0,和泰汽車,進口小客車車型耗能證明108年3月核發資料.csv
c600c992c8a80193,TW,import,passenger,ice,2019,2019-04-19,LEXUS,RC F,A8,2D,4969.0,1899.0,和泰汽車,進口小客車車型耗能證明108年4月核發資料.csv
dd82607f5b61ee63,TW,import,passenger,ice,2019,2019-04-19,LEXUS,RC F Track Edition,A8,2D,4969.0,1841.0,和泰汽車,進口小客車車型耗能證明108年4月核發資料.csv
e7390121e5cb861b,TW,import,passenger,ice,2019,2019-10-05,LEXUS,RX300 4WD,A6,5D,1998.0,2186.0,和泰汽車,進口小客車車型耗能證明108年10月核發資料.csv
e51f29fa9065ad18,TW,import,passenger,ice,2019,2019-08-28,LEXUS,RX450h 4WD HYBRID,CVT,5D,3456.0,2321.0,和泰汽車,進口小客車車型耗能證明108年8月核發資料.csv
1295fd20d8c5f189,TW,import,passenger,ice,2019,2019-01-16,LOTUS,EXIGE CUP 430,M6,2D,3456.0,1210.0,嘉鎷興業,進口小客車車型耗能證明108年1月核發資料.csv
3548f9259807347c,TW,import,passenger,ice,2019,2019-02-15,MASERATI,LEVANTE GTS,A8,4D,3799.0,2427.0,臺灣蒙地拿,進口小客車車型耗能證明108年2月核發資料.csv
47ca2ce06f2c3288,TW,import,passenger,ice,2019,2019-08-22,MAZDA,CX-30,A6,5D,1998.0,1474.0,台灣馬自達,進口小客車車型耗能證明108年8月核發資料.csv
c03c9d7b2d1a269f,TW,import,passenger,ice,2019,2019-01-07,MAZDA,MX-5 CONVERTIBLE,A6,2D,1998.0,1192.0,台灣馬自達,進口小客車車型耗能證明108年1月核發資料.csv
45d04f269efb1026,TW,import,passenger,ice,2019,2019-01-31,MAZDA,MX-5 CONVERTIBLE,M6,2D,1998.0,1162.0,台灣馬自達,進口小客車車型耗能證明108年1月核發資料.csv
4f5930e86e4664e0,TW,import,passenger,ice,2019,2019-01-07,MAZDA,MX-5 RF CONVERTIBLE,A6,2D,1998.0,1236.0,台灣馬自達,進口小客車車型耗能證明108年1月核發資料.csv
40250515d6dedeb8,TW,import,passenger,ice,2019,2019-05-15,MAZDA,Mazda3,A6,4D,1998,1446,台灣馬自達,進口小客車車型耗能證明108年5月核發資料.csv
1f6a6a1d5d71297d,TW,import,passenger,ice,2019,2019-04-30,MAZDA,Mazda3-P,A6,4D,1998.0,1473.0,台灣馬自達,進口小客車車型耗能證明108年4月核發資料.csv
d0e565882104350d,TW,import,passenger,ice,2019,2019-04-30,MAZDA,Mazda3-P,A6,5D,1998.0,1468.0,台灣馬自達,進口小客車車型耗能證明108年4月核發資料.csv
d06c9b1ae72862db,TW,import,passenger,ice,2019,2019-06-05,MAZDA,Mazda6,A6,5D,2488.0,1642.0,台灣馬自達,進口小客車車型耗能證明108年6月核發資料.csv
f81d85f5c457bf96,TW,import,passenger,ice,2019,2019-09-20,MERCEDES-BENZ,A180,A7,4D,1332.0,1464.0,台灣賓士,進口小客車車型耗能證明108年9月核發資料.csv
94b23d65d8fc51f2,TW,import,passenger,ice,2019,2019-07-02,MERCEDES-BENZ,A200,A7,4D,1332.0,1501.0,台灣賓士,進口小客車車型耗能證明108年7月核發資料.csv
36bc0bd140eb9e57,TW,import,passenger,ice,2019,2019-04-12,MERCEDES-BENZ,A220,A7,5D,1991.0,1533.0,台灣賓士,進口小客車車型耗能證明108年4月核發資料.csv
5fe5112ac6c6eb0e,TW,import,passenger,ice,2019,2019-09-02,MERCEDES-BENZ,AMG A35,A7,5D,1991.0,1696.0,台灣賓士,進口小客車車型耗能證明108年9月核發資料.csv
c93aec5dc44572a4,TW,import,passenger,ice,2019,2019-01-24,MERCEDES-BENZ,AMG C43 Cabriolet (德國),A9,2D,2996.0,1982.0,台灣賓士,進口小客車車型耗能證明108年1月核發資料.csv
9e7b8ec4caec5d08,TW,import,passenger,ice,2019,2019-04-12,MERCEDES-BENZ,AMG C63,A9,2D,3982.0,1942.0,台灣賓士,進口小客車車型耗能證明108年4月核發資料.csv
1fefecbaf3b19516,TW,import,passenger,ice,2019,2019-04-12,MERCEDES-BENZ,AMG C63 S,A9,2D,3982.0,1931.0,台灣賓士,進口小客車車型耗能證明108年4月核發資料.csv
f9066a97e92443f8,TW,import,passenger,ice,2019,2019-04-15,MERCEDES-BENZ,AMG C63 S,A9,4D,3982.0,1914.0,台灣賓士,進口小客車車型耗能證明108年4月核發資料.csv
e5a199d1191445ec,TW,import,passenger,ice,2019,2019-11-27,MERCEDES-BENZ,AMG CLA35,A7,4D,1991.0,1706.0,台灣賓士,進口小客車車型耗能證明108年11月核發資料.csv
420752afecde3db2,TW,import,passenger,ice,2019,2019-10-28,MERCEDES-BENZ,AMG CLA35,A7,5D,1991.0,1740.0,台灣賓士,進口小客車車型耗能證明108年10月核發資料.csv
0144f4cd3e992e36,TW,import,passenger,ice,2019,2019-05-09,MERCEDES-BENZ,AMG E53 4MATIC,A9,2D,2999,2114,台灣賓士,進口小客車車型耗能證明108年5月核發資料.csv
39f84b550f220757,TW,import,passenger,ice,2019,2019-05-24,MERCEDES-BENZ,AMG E53 4MATIC,A9,4D,2999,2066,台灣賓士,進口小客車車型耗能證明108年5月核發資料.csv
c0422bcf1bebb8d8,TW,import,passenger,ice,2019,2019-05-06,MERCEDES-BENZ,AMG E63 S,A9,4D,3982,2120,台灣賓士,進口小客車車型耗能證明108年5月核發資料.csv
bc914060cf79838a,TW,import,passenger,ice,2019,2019-12-04,MERCEDES-BENZ,AMG GLC43 4MATIC,A9,5D,2996.0,2055.0,台灣賓士,進口小客車車型耗能證明108年12月核發資料.csv
c8d463886224520f,TW,import,passenger,ice,2019,2019-12-04,MERCEDES-BENZ,AMG GLC43 4MATIC Coupe,A9,5D,2996.0,2020.0,台灣賓士,進口小客車車型耗能證明108年12月核發資料.csv
eff49dc694ae8ffb,TW,import,passenger,ice,2019,2019-04-26,MERCEDES-BENZ,AMG GLC63 4MATIC,A9,5D,3982.0,2116.0,台灣賓士,進口小客車車型耗能證明108年4月核發資料.csv
d19c4f5bf6778fd7,TW,import,passenger,ice,2019,2019-11-27,MERCEDES-BENZ,AMG GLC63 4MATIC+,A9,5D,3982.0,2154.0,台灣賓士,進口小客車車型耗能證明108年11月核發資料.csv
de4dc5fa7d2ade46,TW,import,passenger,ice,2019,2019-04-12,MERCEDES-BENZ,AMG GLC63 S 4MATIC Coupe,A9,5D,3982.0,2149.0,台灣賓士,進口小客車車型耗能證明108年4月核發資料.csv
ab31911dca2087e3,TW,import,passenger,ice,2019,2019-11-27,MERCEDES-BENZ,AMG GLC63 S 4MATIC+ Coupe,A9,5D,3982.0,2139.0,台灣賓士,進口小客車車型耗能證明108年11月核發資料.csv
fc287d3bf1b18d3d,TW,import,passenger,ice,2019,2019-01-24,MERCEDES-BENZ,AMG SLC43 (德國),A9,2D,2996.0,1711.0,台灣賓士,進口小客車車型耗能證明108年1月核發資料.csv
f5881a88283ca16d,TW,import,passenger,ice,2019,2019-04-12,MERCEDES-BENZ,B180,A7,5D,1332.0,1555.0,台灣賓士,進口小客車車型耗能證明108年4月核發資料.csv
93955e6aae7d67c1,TW,import,passenger,ice,2019,2019-02-15,MERCEDES-BENZ,B200,A7,5D,1332.0,1572.0,台灣賓士,進口小客車車型耗能證明108年2月核發資料.csv
7637ef08b252f6c4,TW,import,passenger,ice,2019,2019-10-30,MERCEDES-BENZ,C180,A9,2D,1497.0,1649.0,台灣賓士,進口小客車車型耗能證明108年10月核發資料.csv
1583ca0a0d01554e,TW,import,passenger,ice,2019,2019-10-28,MERCEDES-BENZ,C180,A9,4D,1497.0,1587.0,台灣賓士,進口小客車車型耗能證明108年10月核發資料.csv
4f5d6331309c9708,TW,import,passenger,ice,2019,2019-10-28,MERCEDES-BENZ,C180,A9,5D,1497.0,1632.0,台灣賓士,進口小客車車型耗能證明108年10月核發資料.csv
9a36a6c8d2388241,TW,import,passenger,ice,2019,2019-10-30,MERCEDES-BENZ,C180,A9,5D,1497.0,1647.0,台灣賓士,進口小客車車型耗能證明108年10月核發資料.csv
5dab82f5162d6612,TW,import,passenger,ice,2019,2019-04-30,MERCEDES-BENZ,C180,A9,5D,1595.0,1646.0,台灣賓士,進口小客車車型耗能證明108年4月核發資料.csv
8f7427913142b9e1,TW,import,passenger,ice,2019,2019-07-09,MERCEDES-BENZ,C300,A9,4D,1991.0,1705.0,新北市公會,進口小客車車型耗能證明108年7月核發資料.csv
82f950082256673e,TW,import,passenger,ice,2019,2019-06-13,MERCEDES-BENZ,CLA200,A7,4D,1332.0,1529.0,台灣賓士,進口小客車車型耗能證明108年6月核發資料.csv
92d619748154785e,TW,import,passenger,ice,2019,2019-10-28,MERCEDES-BENZ,CLA200,A7,5D,1332.0,1582.0,台灣賓士,進口小客車車型耗能證明108年10月核發資料.csv
c5837558775c5c3d,TW,import,passenger,ice,2019,2019-11-06,MERCEDES-BENZ,CLA250,A7,4D,1991.0,1624.0,台灣賓士,進口小客車車型耗能證明108年11月核發資料.csv
2c7e0be1f190adcc,TW,import,passenger,ice,2019,2019-09-02,MERCEDES-BENZ,CLA250,A7,4D,1991.0,1644.0,台灣賓士,進口小客車車型耗能證明108年9月核發資料.csv
3f95a3508131b620,TW,import,passenger,ice,2019,2019-10-28,MERCEDES-BENZ,CLA250,A7,5D,1991.0,1650.0,台灣賓士,進口小客車車型耗能證明108年10月核發資料.csv
92dc53c97575d555,TW,import,passenger,ice,2019,2019-10-28,MERCEDES-BENZ,E200,A9,2D,1991.0,1832.0,台灣賓士,進口小客車車型耗能證明108年10月核發資料.csv
f346870ad4e971b5,TW,import,passenger,ice,2019,2019-10-30,MERCEDES-BENZ,E200,A9,2D,1991.0,1889.0,台灣賓士,進口小客車車型耗能證明108年10月核發資料.csv
63f5327f8b9dfdac,TW,import,passenger,ice,2019,2019-04-12,MERCEDES-BENZ,E200,A9,4D,1991.0,1803.0,台灣賓士,進口小客車車型耗能證明108年4月核發資料.csv
5313f1e82c2f9e13,TW,import,passenger,ice,2019,2019-04-12,MERCEDES-BENZ,E200,A9,5D,1991.0,1862.0,台灣賓士,進口小客車車型耗能證明108年4月核發資料.csv
32f412b47ede0b9a,TW,import,passenger,ice,2019,2019-04-12,MERCEDES-BENZ,E300,A9,4D,1991.0,1793.0,台灣賓士,進口小客車車型耗能證明108年4月核發資料.csv
df2713b241c37c60,TW,import,passenger,ice,2019,2019-04-12,MERCEDES-BENZ,E300,A9,5D,1991.0,1880.0,台灣賓士,進口小客車車型耗能證明108年4月核發資料.csv
2734760cdfc28bb3,TW,import,passenger,ice,2019,2019-04-11,MERCEDES-BENZ,E350,A9,4D,1991.0,1845.0,新北市公會,進口小客車車型耗能證明108年4月核發資料.csv
1276ce3fe6435b60,TW,import,passenger,ice,2019,2019-09-02,MERCEDES-BENZ,GLC200,A9,5D,1991.0,1926.0,台灣賓士,進口小客車車型耗能證明108年9月核發資料.csv
a8c7c89a20ad0c47,TW,import,passenger,ice,2019,2019-09-02,MERCEDES-BENZ,GLC200,A9,5D,1991.0,1856.0,台灣賓士,進口小客車車型耗能證明108年9月核發資料.csv
b710654c6c925c7b,TW,import,passenger,ice,2019,2019-08-29,MERCEDES-BENZ,GLC200 Coupe,A9,5D,1991.0,1885.0,台灣賓士,進口小客車車型耗能證明108年8月核發資料.csv
caaa81a90db5c639,TW,import,passenger,ice,2019,2019-09-02,MERCEDES-BENZ,GLC220 d,A9,5D,1950.0,1924.0,台灣賓士,進口小客車車型耗能證明108年9月核發資料.csv
cb53167e2d0a3bbc,TW,import,passenger,ice,2019,2019-09-02,MERCEDES-BENZ,GLC220 d,A9,5D,1950.0,2000.0,台灣賓士,進口小客車車型耗能證明108年9月核發資料.csv
4dd9cfb6119e2478,TW,import,passenger,ice,2019,2019-09-02,MERCEDES-BENZ,GLC300 4MATIC,A9,5D,1991.0,1998.0,台灣賓士,進口小客車車型耗能證明108年9月核發資料.csv
fa68daaeb7fecabb,TW,import,passenger,ice,2019,2019-09-02,MERCEDES-BENZ,GLC300 4MATIC,A9,5D,1991.0,1950.0,台灣賓士,進口小客車車型耗能證明108年9月核發資料.csv
87a2847d34ba81db,TW,import,passenger,ice,2019,2019-11-28,MERCEDES-BENZ,GLC300 4MATIC COUPE,A9,5D,1991.0,1927.0,省聯合會,進口小客車車型耗能證明108年11月核發資料.csv
4a0d111ec0cafdee,TW,import,passenger,ice,2019,2019-08-28,MERCEDES-BENZ,GLC300 4MATIC Coupe,A9,5D,1991.0,1938.0,台灣賓士,進口小客車車型耗能證明108年8月核發資料.csv
844e45761c1366eb,TW,import,passenger,ice,2019,2019-04-12,MERCEDES-BENZ,GLE300 d 4MATIC (FDR 3.27),A9,5D,1950.0,2358.0,台灣賓士,進口小客車車型耗能證明108年4月核發資料.csv
1849688d77ae41c2,TW,import,passenger,ice,2019,2019-04-12,MERCEDES-BENZ,GLE300 d 4MATIC (FDR 3.46),A9,5D,1950.0,2370.0,台灣賓士,進口小客車車型耗能證明108年4月核發資料.csv
689020f06e91d869,TW,import,passenger,ice,2019,2019-07-02,MERCEDES-BENZ,GLE350 d 4MATIC (FDR 3.27),A9,5D,2925.0,2374.0,台灣賓士,進口小客車車型耗能證明108年7月核發資料.csv
10f651ef3aaf4018,TW,import,passenger,ice,2019,2019-07-02,MERCEDES-BENZ,GLE350 d 4MATIC (FDR 3.46),A9,5D,2925.0,2504.0,台灣賓士,進口小客車車型耗能證明108年7月核發資料.csv
fc9f24f395474f95,TW,import,passenger,ice,2019,2019-04-12,MERCEDES-BENZ,GLE450 4MATIC (FDR 3.27),A9,5D,2999.0,2354.0,台灣賓士,進口小客車車型耗能證明108年4月核發資料.csv
0f716fcc62257202,TW,import,passenger,ice,2019,2019-04-30,MERCEDES-BENZ,GLE450 4MATIC (FDR 3.46),A9,5D,2999.0,2498.0,台灣賓士,進口小客車車型耗能證明108年4月核發資料.csv
9ea1ba271c6e60d8,TW,import,passenger,ice,2019,2019-12-03,MINI,MINI COOPER CLUBMAN,A7,5D,1499.0,1521.0,汎德公司,進口小客車車型耗能證明108年12月核發資料.csv
6b61e244d463b30f,TW,import,passenger,ice,2019,2019-10-08,MINI,MINI COOPER COUNTRYMAN,A7,5D,1499.0,1594.0,汎德公司,進口小客車車型耗能證明108年10月核發資料.csv
6afef57efcc52946,TW,import,passenger,ice,2019,2019-09-24,MINI,MINI COOPER S CLUBMAN,A7,5D,1998.0,1554.0,汎德公司,進口小客車車型耗能證明108年9月核發資料.csv
9eef7b79ed97a786,TW,import,passenger,ice,2019,2019-10-08,MINI,MINI COOPER S COUNTRYMAN,A7,5D,1998.0,1612.0,汎德公司,進口小客車車型耗能證明108年10月核發資料.csv
a4cf753b4ca7a392,TW,import,passenger,ice,2019,2019-05-14,McLaren,600LT Spider,A7,2D,3799,1528,永三汽車,進口小客車車型耗能證明108年5月核發資料.csv
f8a132c92a652edd,TW,import,passenger,ice,2019,2019-04-26,McLaren,720S Spider,A7,2D,3994.0,1610.0,永三汽車,進口小客車車型耗能證明108年4月核發資料.csv
c74e4f76bef523b9,TW,import,passenger,ice,2019,2019-11-08,McLaren,GT,A7,2D,3994.0,1619.0,永三汽車,進口小客車車型耗能證明108年11月核發資料.csv
85ce2506eca213bf,TW,import,passenger,ice,2019,2019-02-26,McLaren,Senna,A7,2D,3994.0,1409.0,永三汽車,進口小客車車型耗能證明108年2月核發資料.csv
9b6fc3eefdc6e8db,TW,import,passenger,ice,2019,2019-08-14,Mercedes-AMG,AMG GT,A7,2D,3982.0,1806.0,台灣賓士,進口小客車車型耗能證明108年8月核發資料.csv
fa33850b5d844803,TW,import,passenger,ice,2019,2019-08-22,Mercedes-AMG,AMG GT,A7,3D,3982.0,1782.0,台灣賓士,進口小客車車型耗能證明108年8月核發資料.csv
0c00ba1360bba73a,TW,import,passenger,ice,2019,2019-05-09,Mercedes-AMG,AMG GT 43 4MATIC+,A9,5D,2999,2121,台灣賓士,進口小客車車型耗能證明108年5月核發資料.csv
47a985c9b6411173,TW,import,passenger,ice,2019,2019-05-09,Mercedes-AMG,AMG GT 53 4MATIC+,A9,5D,2999,2127,台灣賓士,進口小客車車型耗能證明108年5月核發資料.csv
b786f600ee497a04,TW,import,passenger,ice,2019,2019-05-24,Mercedes-AMG,AMG GT 63 4MATIC+,A9,5D,3982,2224,台灣賓士,進口小客車車型耗能證明108年5月核發資料.csv
7d2b67156d6ec981,TW,import,passenger,ice,2019,2019-05-24,Mercedes-AMG,AMG GT 63 S 4MATIC+,A9,5D,3982,2219,台灣賓士,進口小客車車型耗能證明108年5月核發資料.csv
381bc6d31bfa054e,TW,import,passenger,ice,2019,2019-08-22,Mercedes-AMG,AMG GT C,A7,3D,3982.0,1813.0,台灣賓士,進口小客車車型耗能證明108年8月核發資料.csv
a09c8bf10255f081,TW,import,passenger,ice,2019,2019-08-22,Mercedes-AMG,AMG GT R,A7,3D,3982.0,1752.0,台灣賓士,進口小客車車型耗能證明108年8月核發資料.csv
98c216155a1df19d,TW,import,passenger,ice,2019,2019-05-17,NISSAN,ALTIMA,CVT,4D,1997,1611,裕隆汽車,進口小客車車型耗能證明108年5月核發資料.csv
7d4786cf47470f7b,TW,import,passenger,ice,2019,2019-04-26,NISSAN,ALTIMA,CVT,4D,1997.0,1650.0,裕隆汽車,進口小客車車型耗能證明108年4月核發資料.csv
c7f887900727e333,TW,import,passenger,ice,2019,2019-08-26,PEUGEOT,3008,A8,5D,1598.0,1568.0,寶嘉聯合,進口小客車車型耗能證明108年8月核發資料.csv
4cf5adbdceddce8f,TW,import,passenger,ice,2019,2019-05-24,PEUGEOT,308 GTi (HATCHBACK),M6,4D,1598,1406,寶嘉聯合,進口小客車車型耗能證明108年5月核發資料.csv
3ebff61cf3f05433,TW,import,passenger,ice,2019,2019-08-26,PEUGEOT,5008,A8,5D,1598.0,1651.0,寶嘉聯合,進口小客車車型耗能證明108年8月核發資料.csv
eeee5e7bd9be8f5e,TW,import,passenger,ice,2019,2019-08-22,PEUGEOT,5008 BLUEHDi,A8,5D,1499.0,1668.0,寶嘉聯合,進口小客車車型耗能證明108年8月核發資料.csv
1d4eb1b0acc51056,TW,import,passenger,ice,2019,2019-09-02,PEUGEOT,RIFTER,A8,5D,1499.0,1724.0,寶嘉聯合,進口小客車車型耗能證明108年9月核發資料.csv
90b57d202ea930b5,TW,import,passenger,ice,2019,2019-11-22,PEUGEOT,RIFTER,M6,5D,1499.0,1711.0,寶嘉聯合,進口小客車車型耗能證明108年11月核發資料.csv
3057c89503cf1307,TW,import,passenger,ice,2019,2019-05-06,PORSCHE,911 CARRERA 4S,A8,2D,2981,1683,台灣保時捷,進口小客車車型耗能證明108年5月核發資料.csv
4ef94304a62cc96c,TW,import,passenger,ice,2019,2019-09-11,PORSCHE,911 CARRERA 4S CABRIOLET,A8,2D,2981.0,1740.0,台灣保時捷,進口小客車車型耗能證明108年9月核發資料.csv
4f288fdef67f378a,TW,import,passenger,ice,2019,2019-05-06,PORSCHE,911 CARRERA S,A8,2D,2981,1628,台灣保時捷,進口小客車車型耗能證明108年5月核發資料.csv
05993e83c61d4bb4,TW,import,passenger,ice,2019,2019-09-11,PORSCHE,911 CARRERA S CABRIOLET,A8,2D,2981.0,1725.0,台灣保時捷,進口小客車車型耗能證明108年9月核發資料.csv
e8978c270a43e00d,TW,import,passenger,ice,2019,2019-03-28,PORSCHE,PANAMERA GTS,A8,4D,3996.0,2248.0,台灣保時捷,進口小客車車型耗能證明108年3月核發資料.csv
c76a935ec678bd94,TW,import,passenger,ice,2019,2019-03-28,PORSCHE,PANAMERA GTS SPORT TURISMO,A8,5D,3996.0,2225.0,台灣保時捷,進口小客車車型耗能證明108年3月核發資料.csv
83c8a2d69d562fc1,TW,import,passenger,ice,2019,2019-03-11,ROLLS-ROYCE,DAWN (442kW),A8,2D,6592.0,2743.0,盛惟公司,進口小客車車型耗能證明108年3月核發資料.csv
d3d30d65e920570c,TW,import,passenger,ice,2019,2019-03-21,SKODA,OCTAVIA 1.0 TSI,A7,4D,999.0,1345.0,奧迪福斯,進口小客車車型耗能證明108年3月核發資料.csv
ca9ac09f6bebf03e,TW,import,passenger,ice,2019,2019-04-11,SKODA,OCTAVIA 1.5 TSI,A7,4D,1498.0,1376.0,奧迪福斯,進口小客車車型耗能證明108年4月核發資料.csv
548155346c154bc4,TW,import,passenger,ice,2019,2019-03-21,SKODA,OCTAVIA COMBI 1.0 TSI HATCHBACK,A7,4D,999.0,1369.0,奧迪福斯,進口小客車車型耗能證明108年3月核發資料.csv
4a82669a81d82e82,TW,import,passenger,ice,2019,2019-04-11,SKODA,OCTAVIA COMBI 1.5 TSI HATCHBACK,A7,4D,1498.0,1408.0,奧迪福斯,進口小客車車型耗能證明108年4月核發資料.csv
4e4bed38035c89e1,TW,import,passenger,ice,2019,2019-10-30,SKODA,OCTAVIA COMBI RS 2.0 TSI HATCHBACK,A7,4D,1984.0,1581.0,奧迪福斯,進口小客車車型耗能證明108年10月核發資料.csv
478469511d44feaf,TW,import,passenger,ice,2019,2019-04-11,SKODA,OCTAVIA COMBI RS 2.0 TSI HATCHBACK,A7,4D,1984.0,1566.0,奧迪福斯,進口小客車車型耗能證明108年4月核發資料.csv
febdebc0232a0dfb,TW,import,passenger,ice,2019,2019-10-30,SKODA,OCTAVIA RS 2.0 TSI,A7,4D,1984.0,1540.0,奧迪福斯,進口小客車車型耗能證明108年10月核發資料.csv
0e5846c82c34d244,TW,import,passenger,ice,2019,2019-04-11,SKODA,OCTAVIA RS 2.0 TSI,A7,4D,1984.0,1525.0,奧迪福斯,進口小客車車型耗能證明108年4月核發資料.csv
b6d6f7189ffbfc24,TW,import,passenger,ice,2019,2019-11-19,SKODA,SCALA 1.0 TSI HATCHBACK,A7,4D,999.0,1330.0,奧迪福斯,進口小客車車型耗能證明108年11月核發資料.csv
b46857e601db867a,TW,import,passenger,ice,2019,2019-04-11,SKODA,SUPERB 1.4 TSI,A7,4D,1395.0,1535.0,奧迪福斯,進口小客車車型耗能證明108年4月核發資料.csv
e7370b31544bf3b9,TW,import,passenger,ice,2019,2019-04-11,SKODA,SUPERB 1.5 TSI,A7,4D,1498.0,1562.0,奧迪福斯,進口小客車車型耗能證明108年4月核發資料.csv
397a8f0005633757,TW,import,passenger,ice,2019,2019-04-15,SKODA,SUPERB 2.0 TDI,A7,4D,1968.0,1676.0,奧迪福斯,進口小客車車型耗能證明108年4月核發資料.csv
9d66aee66e19ddc3,TW,import,passenger,ice,2019,2019-03-21,SKODA,SUPERB COMBI 1.4 TSI HATCHBACK,A7,4D,1395.0,1588.0,奧迪福斯,進口小客車車型耗能證明108年3月核發資料.csv
7c380c6836a51e45,TW,import,passenger,ice,2019,2019-04-11,SKODA,SUPERB COMBI 1.5 TSI HATCHBACK,A7,4D,1498.0,1597.0,奧迪福斯,進口小客車車型耗能證明108年4月核發資料.csv
5889f7f3e3f99558,TW,import,passenger,ice,2019,2019-04-15,SKODA,SUPERB COMBI 2.0 TDI HATCHBACK,A7,4D,1968.0,1727.0,奧迪福斯,進口小客車車型耗能證明108年4月核發資料.csv
d6341eaed1ba4ff7,TW,import,passenger,ice,2019,2019-11-13,SSANGYONG,TIVOLI G15DTF 2WD,A6,5D,1497.0,1483.0,永嘉雙龍,進口小客車車型耗能證明108年11月核發資料.csv
bf1fcf6819c3acd0,TW,import,passenger,ice,2019,2019-03-15,SUZUKI,VITARA S,A6,5D,1373.0,1262.0,金鈴汽車,進口小客車車型耗能證明108年3月核發資料.csv
60469a314667fe6f,TW,import,passenger,ice,2019,2019-03-14,SUZUKI,VITARA S ALLGRIP,A6,5D,1373.0,1334.0,金鈴汽車,進口小客車車型耗能證明108年3月核發資料.csv
3f9ce866d3638813,TW,import,passenger,ice,2019,2019-04-18,TOYOTA,CAMRY HYBRID BS,CVT,4D,2487.0,1716.0,和泰汽車,進口小客車車型耗能證明108年4月核發資料.csv
30d33c0794246f01,TW,import,passenger,ice,2019,2019-02-15,TOYOTA,RAV4,A8,5D,2487.0,1763.0,和泰汽車,進口小客車車型耗能證明108年2月核發資料.csv
c29b440fe5c6fe73,TW,import,passenger,ice,2019,2019-02-26,TOYOTA,RAV4,CVT,5D,1987.0,1629.0,和泰汽車,進口小客車車型耗能證明108年2月核發資料.csv
421d47c96c2d5df2,TW,import,passenger,ice,2019,2019-02-15,TOYOTA,RAV4 HYBRID 2WD,CVT,5D,2487.0,1782.0,和泰汽車,進口小客車車型耗能證明108年2月核發資料.csv
e0f235b05cd3408d,TW,import,passenger,ice,2019,2019-02-22,TOYOTA,RAV4 HYBRID 4WD,CVT,5D,2487.0,1828.0,和泰汽車,進口小客車車型耗能證明108年2月核發資料.csv
a400ad4db8376d96,TW,import,passenger,ice,2019,2019-09-11,TOYOTA,SIENNA SE,A8,5D,3456.0,2193.0,金門公會,進口小客車車型耗能證明108年9月核發資料.csv
dc3197941afbb344,TW,import,passenger,ice,2019,2019-08-05,TOYOTA,Supra,A8,2D,1998.0,1567.0,和泰汽車,進口小客車車型耗能證明108年8月核發資料.csv
9646772452e058ef,TW,import,passenger,ice,2019,2019-08-05,TOYOTA,Supra,A8,2D,2998.0,1613.0,和泰汽車,進口小客車車型耗能證明108年8月核發資料.csv
233e29599ba0a29f,TW,import,passenger,ice,2019,2019-10-22,VOLKSWAGEN,GOLF 280 TSI (WITH HATCHBACK),A7,4D,1395.0,1402.0,奧迪福斯,進口小客車車型耗能證明108年10月核發資料.csv
ed1f8b79c529a1b1,TW,import,passenger,ice,2019,2019-07-03,VOLKSWAGEN,SHARAN 330 TDI HATCHBACK,A6,4D,1968.0,1996.0,奧迪福斯,進口小客車車型耗能證明108年7月核發資料.csv
1d12cfcc8ddad64b,TW,import,passenger,ice,2019,2019-08-21,VOLKSWAGEN,T-CROSS 230 TSI HATCHBACK,A7,4D,999.0,1376.0,奧迪福斯,進口小客車車型耗能證明108年8月核發資料.csv
27646430b723e9c9,TW,import,passenger,ice,2019,2019-08-29,VOLKSWAGEN,TIGUAN 280 TSI HATCHBACK,A6,4D,1395.0,1686.0,奧迪福斯,進口小客車車型耗能證明108年8月核發資料.csv
64d895ad400983aa,TW,import,passenger,ice,2019,2019-08-29,VOLKSWAGEN,TIGUAN ALLSPACE 280 TSI HATCHBACK,A6,4D,1395.0,1753.0,奧迪福斯,進口小客車車型耗能證明108年8月核發資料.csv
8bad6aa3afae9239,TW,import,passenger,ice,2019,2019-08-21,VOLKSWAGEN,TOURAN 330 TDI HATCHBACK,A7,4D,1968.0,1797.0,奧迪福斯,進口小客車車型耗能證明108年8月核發資料.csv
bdbfa0a59ecd713e,TW,import,passenger,ice,2019,2019-08-15,VOLVO,S60 T4,A8,4D,1969.0,1791.0,國際富豪,進口小客車車型耗能證明108年8月核發資料.csv
062c79e5fd450334,TW,import,passenger,ice,2019,2019-08-12,VOLVO,S60 T5 AWD,A8,4D,1969.0,1814.0,國際富豪,進口小客車車型耗能證明108年8月核發資料.csv
070f84fb2f2b5a28,TW,import,passenger,ice,2019,2019-07-01,VOLVO,V60 T4,A8,5D,1969.0,1744.0,國際富豪,進口小客車車型耗能證明108年7月核發資料.csv
0ee76c6cb258a49d,TW,import,passenger,ice,2019,2019-11-19,VOLVO,V60 T4 (瑞典),A8,5D,1969.0,1757.0,國際富豪,進口小客車車型耗能證明108年11月核發資料.csv
74c5986d4cd550a6,TW,import,passenger,ice,2019,2019-07-03,VOLVO,V60 T5 AWD,A8,5D,1969.0,1868.0,國際富豪,進口小客車車型耗能證明108年7月核發資料.csv
24a718514392000c,TW,import,passenger,ice,2019,2019-11-22,VOLVO,V60 T5 AWD (瑞典),A8,5D,1969.0,1856.0,國際富豪,進口小客車車型耗能證明108年11月核發資料.csv
3db7c064b162dc92,TW,domestic,passenger,ice,2019,2019-06-17,三陽,ELANTRA ADG-I,A6,4D,1591.0,1356.0,三陽工業,國產小客車車型耗能證明108年6月核發資料.csv
c7a56a5ea36666b7,TW,domestic,passenger,ice,2019,2019-06-19,三陽,ELANTRA ADG-J,A6,4D,1591.0,1386.0,三陽工業,國產小客車車型耗能證明108年6月核發資料.csv
c1eed4aadeae0cbd,TW,domestic,passenger,ice,2019,2019-06-10,三陽,ELANTRA ADG-K,A6,4D,1591.0,1395.0,三陽工業,國產小客車車型耗能證明108年6月核發資料.csv
00f2c62af3755926,TW,domestic,passenger,ice,2019,2019-06-19,三陽,ELANTRA ADG-L,A7,4D,1591.0,1483.0,三陽工業,國產小客車車型耗能證明108年6月核發資料.csv
ce8f62dc43ec3409,TW,domestic,passenger,ice,2019,2019-05-28,三陽,ELANTRA ADG-M,A7,4D,1591.0,1482.0,三陽工業,國產小客車車型耗能證明108年5月核發資料.csv
d021323a434c9d00,TW,domestic,passenger,ice,2019,2019-05-13,三陽,TUCSON TLG-F0,A6,5D,1999.0,1580.0,三陽工業,國產小客車車型耗能證明108年5月核發資料.csv
e9ff93f859c213fd,TW,domestic,passenger,ice,2019,2019-09-10,中華,COLT PLUS CO163SA,CVT,5D,1499.0,1294.0,中華汽車,國產小客車車型耗能證明108年9月核發資料.csv
7bbbef5b21be1bf9,TW,domestic,passenger,ice,2019,2019-09-10,中華,COLT PLUS CO164SA,CVT,5D,1499.0,1269.0,中華汽車,國產小客車車型耗能證明108年9月核發資料.csv
4979be529e19526a,TW,domestic,passenger,ice,2019,2019-08-01,中華,LANCER LC182SDA,CVT,4D,1798.0,1526.0,中華汽車,國產小客車車型耗能證明108年8月核發資料.csv
74c021ec9566f76b,TW,domestic,passenger,ice,2019,2019-08-01,中華,LANCER LC183SDA,CVT,4D,1798.0,1491.0,中華汽車,國產小客車車型耗能證明108年8月核發資料.csv
9f35b566fb6ab4b5,TW,domestic,passenger,ice,2019,2019-03-06,國瑞,COROLLA HYBRID ZWE211L-GEXVBR,CVT,4D,1798.0,1500.0,國瑞汽車,國產小客車車型耗能證明108年3月核發資料.csv
4e70a281dcf1534b,TW,domestic,passenger,ice,2019,2019-03-11,國瑞,COROLLA ZRE211L-GEXDKR,CVT,4D,1798.0,1385.0,國瑞汽車,國產小客車車型耗能證明108年3月核發資料.csv
9479b9e94a10358e,TW,domestic,passenger,ice,2019,2019-03-06,國瑞,COROLLA ZRE211L-GEXEKR,CVT,4D,1798.0,1395.0,國瑞汽車,國產小客車車型耗能證明108年3月核發資料.csv
6e020f90d696c8f4,TW,domestic,passenger,ice,2019,2019-03-06,國瑞,COROLLA ZRE211L-GEXGKR,CVT,4D,1798.0,1421.0,國瑞汽車,國產小客車車型耗能證明108年3月核發資料.csv
278fd5851cf2dd4c,TW,domestic,passenger,ice,2019,2019-10-14,國瑞,SIENTA ZSP170L-MWXDPR,CVT,5D,1798.0,1456.0,國瑞汽車,國產小客車車型耗能證明108年10月核發資料.csv
3ce16c738c140420,TW,domestic,passenger,ice,2019,2019-10-14,國瑞,SIENTA ZSP170L-MWXNPR,CVT,5D,1798.0,1478.0,國瑞汽車,國產小客車車型耗能證明108年10月核發資料.csv
c3f7c9aeaa955596,TW,domestic,passenger,ice,2019,2019-10-05,國瑞,SIENTA ZSP170L-MWXQPR,CVT,5D,1798.0,1493.0,國瑞汽車,國產小客車車型耗能證明108年10月核發資料.csv
62b671fa2d336579,TW,domestic,passenger,ice,2019,2019-09-06,本田,FIT 1.5 S T5SP,CVT,5D,1497.0,1201.0,台灣本田,國產小客車車型耗能證明108年9月核發資料.csv
bdf541e469519edc,TW,domestic,passenger,ice,2019,2019-09-06,本田,FIT 1.5 VTi-S T5SP,CVT,5D,1497.0,1184.0,台灣本田,國產小客車車型耗能證明108年9月核發資料.csv
2d2e7e9734bd6589,TW,domestic,passenger,ice,2019,2019-09-18,福特六和,FOCUS C519-DF,A6,4D,1497.0,1392.0,福特六和,國產小客車車型耗能證明108年9月核發資料.csv
4047173f7bebd299,TW,domestic,passenger,ice,2019,2019-11-05,福特六和,FOCUS C519-PF,A8,5D,1497.0,1494.0,福特六和,國產小客車車型耗能證明108年11月核發資料.csv
1ee52f6074bd19ab,TW,domestic,passenger,ice,2019,2019-04-08,福特六和,FOCUS C519-ZF,A8,4D,1497.0,1455.0,福特六和,國產小客車車型耗能證明108年4月核發資料.csv
cc03d931bb943473,TW,domestic,passenger,ice,2019,2019-01-31,納智捷,LUXGEN S5 S71HMPA,A6,4D,1798.0,1539.0,裕隆汽車,國產小客車車型耗能證明108年1月核發資料.csv
3dc02fbb33a652b1,TW,domestic,passenger,ice,2019,2019-01-30,納智捷,LUXGEN S5 S71HPPAS,A6,4D,1798.0,1530.0,裕隆汽車,國產小客車車型耗能證明108年1月核發資料.csv
e62a41b512042b7c,TW,domestic,passenger,ice,2019,2019-06-13,納智捷,LUXGEN S5 S71TLPA,A6,4D,1998.0,1502.0,裕隆汽車,國產小客車車型耗能證明108年6月核發資料.csv
35f470dce148fbb7,TW,domestic,passenger,ice,2019,2019-10-01,納智捷,LUXGEN URX L71HPAA,A6,5D,1798.0,1745.0,裕隆汽車,國產小客車車型耗能證明108年10月核發資料.csv
b8da54402d030f7f,TW,domestic,passenger,ice,2019,2019-11-05,納智捷,LUXGEN URX L71HPBA,A6,5D,1798.0,1733.0,裕隆汽車,國產小客車車型耗能證明108年11月核發資料.csv
d6ee3aff59926474,TW,domestic,passenger,ice,2019,2019-10-01,納智捷,LUXGEN URX L71HPRA,A6,5D,1798.0,1773.0,裕隆汽車,國產小客車車型耗能證明108年10月核發資料.csv
707355ab0cf5e8f7,TW,domestic,passenger,ice,2019,2019-11-11,納智捷,LUXGEN URX L71HPVA,A6,5D,1798.0,1779.0,裕隆汽車,國產小客車車型耗能證明108年11月核發資料.csv
5bc9047cd7732980,TW,import,passenger,ice,2020,2020-03-27,ASTON MARTIN,DBS VOLANTE,A8,2D,5204.0,2180.0,永三汽車,進口小客車車型耗能證明109年3月核發資料.csv
da4cc870da811e6a,TW,import,passenger,ice,2020,2020-10-15,ASTON MARTIN,DBX,A9,5D,3982.0,2455.0,永三汽車,進口小客車車型耗能證明109年10月核發資料.csv
3bd3be5d7dd8dd77,TW,import,passenger,ice,2020,2020-03-19,ASTON MARTIN,VANTAGE AMR,M7,2D,3982.0,1822.0,永三汽車,進口小客車車型耗能證明109年3月核發資料.csv
1f93b41b4cd1a007,TW,import,passenger,ice,2020,2020-04-16,AUDI,A1 30 TFSI HATCHBACK,A7,4D,999,1256,奧迪福斯,進口小客車車型耗能證明109年4月核發資料.csv
609468f09511f0cb,TW,import,passenger,ice,2020,2020-08-04,AUDI,A4 40 TFSI,A7,4D,1984.0,1637.0,奧迪福斯,進口小客車車型耗能證明109年8月核發資料.csv
576ff658177b2ff1,TW,import,passenger,ice,2020,2020-10-07,AUDI,A4 45 TFSI quattro,A7,4D,1984.0,1696.0,奧迪福斯,進口小客車車型耗能證明109年10月核發資料.csv
b1aa1891df9c86e7,TW,import,passenger,ice,2020,2020-09-07,AUDI,A4 AVANT 40 TFSI HATCHBACK,A7,4D,1984.0,1653.0,奧迪福斯,進口小客車車型耗能證明109年9月核發資料.csv
c4cda12f72996a5f,TW,import,passenger,ice,2020,2020-09-16,AUDI,A4 AVANT 45 TFSI quattro HATCHBACK,A7,4D,1984.0,1739.0,奧迪福斯,進口小客車車型耗能證明109年9月核發資料.csv
46028db7d67270f4,TW,import,passenger,ice,2020,2020-12-21,AUDI,A5 SPORTBACK 40 TFSI,A7,4D,1984.0,1664.0,奧迪福斯,進口小客車車型耗能證明109年12月核發資料.csv
e2ee75c87b544421,TW,import,passenger,ice,2020,2020-12-21,AUDI,A5 SPORTBACK 45 TFSI quattro,A7,4D,1984.0,1781.0,奧迪福斯,進口小客車車型耗能證明109年12月核發資料.csv
c5f0bd819a06713c,TW,import,passenger,ice,2020,2020-12-30,AUDI,A6 40 TFSI,A7,4D,1984.0,1766.0,奧迪福斯,進口小客車車型耗能證明109年12月核發資料.csv
b666825a8f7ecb91,TW,import,passenger,ice,2020,2020-12-30,AUDI,A6 AVANT 40 TFSI HATCHBACK,A7,4D,1984.0,1814.0,奧迪福斯,進口小客車車型耗能證明109年12月核發資料.csv
a35853636238e20a,TW,import,passenger,ice,2020,2020-10-15,AUDI,A8 55 TFSI quattro,A8,4D,2995.0,2075.0,奧迪福斯,進口小客車車型耗能證明109年10月核發資料.csv
47cabca780e5e0be,TW,import,passenger,ice,2020,2020-10-21,AUDI,A8 L 55 TFSI quattro,A8,4D,2995.0,2185.0,奧迪福斯,進口小客車車型耗能證明109年10月核發資料.csv
e599314663bc13db,TW,import,passenger,ice,2020,2020-04-16,AUDI,Q3 35 TFSI HATCHBACK,A7,4D,1498,1666,奧迪福斯,進口小客車車型耗能證明109年4月核發資料.csv
c305f0e990f94b54,TW,import,passenger,ice,2020,2020-04-17,AUDI,Q3 40 TFSI quattro HATCHBACK,A7,4D,1984,1776,奧迪福斯,進口小客車車型耗能證明109年4月核發資料.csv
5bf80c79c2f9087e,TW,import,passenger,ice,2020,2020-04-16,AUDI,Q3 SPORTBACK 35 TFSI HATCHBACK,A7,4D,1498,1643,奧迪福斯,進口小客車車型耗能證明109年4月核發資料.csv
eb24e579bbbc679f,TW,import,passenger,ice,2020,2020-10-29,AUDI,RS4 AVANT quattro HATCHBACK,A8,4D,2894.0,1915.0,奧迪福斯,進口小客車車型耗能證明109年10月核發資料.csv
914cbc35a1113f60,TW,import,passenger,ice,2020,2020-12-30,AUDI,RS6 AVANT quattro HATCHBACK,A8,4D,3996.0,2344.0,奧迪福斯,進口小客車車型耗能證明109年12月核發資料.csv
6695d64079db258b,TW,import,passenger,ice,2020,2020-12-30,AUDI,RS7 quattro,A8,4D,3996.0,2310.0,奧迪福斯,進口小客車車型耗能證明109年12月核發資料.csv
de6855e7c41eafd5,TW,import,passenger,ice,2020,2020-11-24,AUDI,RSQ3 SPORTBACK quattro HATCHBACK,A7,4D,2480.0,1884.0,奧迪福斯,進口小客車車型耗能證明109年11月核發資料.csv
8cb883ea61a31d91,TW,import,passenger,ice,2020,2020-10-29,AUDI,TT 45 TFSI quattro HATCHBACK,A7,2D,1984.0,1527.0,奧迪福斯,進口小客車車型耗能證明109年10月核發資料.csv
401960173b7f7e9b,TW,import,passenger,ice,2020,2020-03-17,BENTLEY,CONTINENTAL GT V8,A8,2D,3996.0,2335.0,永三汽車,進口小客車車型耗能證明109年3月核發資料.csv
82dfad79e90bfb24,TW,import,passenger,ice,2020,2020-03-17,BENTLEY,CONTINENTAL GT V8 CONVERTIBLE,A8,2D,3996.0,2503.0,永三汽車,進口小客車車型耗能證明109年3月核發資料.csv
84e1ce02a7d7afc5,TW,import,passenger,ice,2020,2020-04-06,BENTLEY,FLYING SPUR,A8,4D,5950,2657,永三汽車,進口小客車車型耗能證明109年4月核發資料.csv
d6119901922cc9b0,TW,import,passenger,ice,2020,2020-09-24,BENTLEY(註一),BENTAYGA V8,A8,5D,3996.0,2670.0,永三汽車,進口小客車車型耗能證明109年9月核發資料.csv
eb08cfdf9ce73613,TW,import,passenger,ice,2020,2020-03-12,BMW,218I GRAN COUPE,A7,4D,1499.0,1517.0,汎德公司,進口小客車車型耗能證明109年3月核發資料.csv
1d39a70f2a812480,TW,import,passenger,ice,2020,2020-06-29,BMW,318I SEDAN,A8,4D,1998.0,1630.0,汎德公司,進口小客車車型耗能證明109年6月核發資料.csv
837ed4a7571df8da,TW,import,passenger,ice,2020,2020-07-03,BMW,320I TOURING,A8,5D,1998.0,1744.0,汎德公司,進口小客車車型耗能證明109年7月核發資料.csv
0885ddb43425bfdb,TW,import,passenger,ice,2020,2020-07-09,BMW,330I SEDAN,A8,4D,1998.0,1696.0,汎德公司,進口小客車車型耗能證明109年7月核發資料.csv
f3b08393bc5960d6,TW,import,passenger,ice,2020,2020-01-17,BMW,330I TOURING,A8,5D,1998.0,1794.0,汎德公司,進口小客車車型耗能證明109年1月核發資料.csv
48c35dc4295af42a,TW,import,passenger,ice,2020,2020-10-05,BMW,420I COUPE,A8,2D,1998.0,1641.0,汎德公司,進口小客車車型耗能證明109年10月核發資料.csv
69257c1441767744,TW,import,passenger,ice,2020,2020-10-05,BMW,430I COUPE,A8,2D,1998.0,1714.0,汎德公司,進口小客車車型耗能證明109年10月核發資料.csv
70929c13c28341f5,TW,import,passenger,ice,2020,2020-09-14,BMW,520I SEDAN,A8,4D,1998.0,1749.0,汎德公司,進口小客車車型耗能證明109年9月核發資料.csv
7959c927a64092b2,TW,import,passenger,ice,2020,2020-11-17,BMW,520I TOURING,A8,5D,1998.0,1894.0,汎德公司,進口小客車車型耗能證明109年11月核發資料.csv
d72ff64bcbd37570,TW,import,passenger,ice,2020,2020-09-11,BMW,530I SEDAN,A8,4D,1998.0,1814.0,汎德公司,進口小客車車型耗能證明109年9月核發資料.csv
520c9a50ab59a18c,TW,import,passenger,ice,2020,2020-09-25,BMW,630I GRAN TURISMO,A8,4D,1998.0,1999.0,汎德公司,進口小客車車型耗能證明109年9月核發資料.csv
b894c26a3f8133e5,TW,import,passenger,ice,2020,2020-11-23,BMW,730D SEDAN,A8,4D,2993.0,2091.0,汎德公司,進口小客車車型耗能證明109年11月核發資料.csv
5cf4491e54f51857,TW,import,passenger,ice,2020,2020-07-15,BMW,730I SEDAN,A8,4D,1998.0,1913.0,汎德公司,進口小客車車型耗能證明109年7月核發資料.csv
d80dc73001634153,TW,import,passenger,ice,2020,2020-09-25,BMW,740I SEDAN,A8,4D,2998.0,1993.0,汎德公司,進口小客車車型耗能證明109年9月核發資料.csv
549cd3e515ca1466,TW,import,passenger,ice,2020,2020-09-25,BMW,740LI SEDAN,A8,4D,2998.0,2026.0,汎德公司,進口小客車車型耗能證明109年9月核發資料.csv
28463450824e4633,TW,import,passenger,ice,2020,2020-01-17,BMW,840I GRAN COUPE,A8,4D,2998.0,1975.0,汎德公司,進口小客車車型耗能證明109年1月核發資料.csv
e08bb68ebe92024b,TW,import,passenger,ice,2020,2020-09-11,BMW,M2 COMPETITION COUPE,A7,2D,2979.0,1746.0,汎德公司,進口小客車車型耗能證明109年9月核發資料.csv
373ab88094c31f76,TW,import,passenger,ice,2020,2020-09-11,BMW,M2 CS COUPE,A7,2D,2979.0,1725.0,汎德公司,進口小客車車型耗能證明109年9月核發資料.csv
8c0b99f05ce0f806,TW,import,passenger,ice,2020,2020-03-12,BMW,M235I XDRIVE GRAN COUPE,A8,4D,1998.0,1692.0,汎德公司,進口小客車車型耗能證明109年3月核發資料.csv
99132f0faf209072,TW,import,passenger,ice,2020,2020-03-12,BMW,M340I XDRIVE SEDAN,A8,4D,2998.0,1843.0,汎德公司,進口小客車車型耗能證明109年3月核發資料.csv
be801230586c380e,TW,import,passenger,ice,2020,2020-01-17,BMW,M340I XDRIVE TOURING,A8,5D,2998.0,1932.0,汎德公司,進口小客車車型耗能證明109年1月核發資料.csv
69e2311d758fee53,TW,import,passenger,ice,2020,2020-10-05,BMW,M440I XDRIVE COUPE,A8,2D,2998.0,1877.0,汎德公司,進口小客車車型耗能證明109年10月核發資料.csv
a1538aacad136b79,TW,import,passenger,ice,2020,2020-11-24,BMW,M5 SEDAN,A8,4D,4395.0,2038.0,汎德公司,進口小客車車型耗能證明109年11月核發資料.csv
07c8b9207c985e93,TW,import,passenger,ice,2020,2020-09-25,BMW,M550I XDRIVE SEDAN,A8,4D,4395.0,2043.0,汎德公司,進口小客車車型耗能證明109年9月核發資料.csv
d77a2e792440c2d6,TW,import,passenger,ice,2020,2020-08-17,BMW,M760LI XDRIVE SEDAN,A8,4D,6592.0,2394.0,汎德公司,進口小客車車型耗能證明109年8月核發資料.csv
302c8518bc9e2b22,TW,import,passenger,ice,2020,2020-05-25,BMW,M8 COUPE,A8,2D,4395.0,2026.0,汎德公司,進口小客車車型耗能證明109年5月核發資料.csv
6584b7998bad5272,TW,import,passenger,ice,2020,2020-05-25,BMW,M8 GRAN COUPE,A8,4D,4395.0,2106.0,汎德公司,進口小客車車型耗能證明109年5月核發資料.csv
3a8c90546fd5d245,TW,import,passenger,ice,2020,2020-01-02,BMW,M850I XDRIVE GRAN COUPE,A8,4D,4395.0,2153.0,汎德公司,進口小客車車型耗能證明109年1月核發資料.csv
eee17716dda15b2b,TW,import,passenger,ice,2020,2020-04-27,BMW,X1 SDRIVE18I,A7,5D,1499,1598,汎德公司,進口小客車車型耗能證明109年4月核發資料.csv
6b76f7636a0df843,TW,import,passenger,ice,2020,2020-11-23,BMW,Z4 M40I,A8,2D,2998.0,1675.0,汎德公司,進口小客車車型耗能證明109年11月核發資料.csv
ea8065e31c74450a,TW,import,passenger,ice,2020,2020-11-16,BMW,Z4 SDRIVE20I,A8,2D,1998.0,1549.0,汎德公司,進口小客車車型耗能證明109年11月核發資料.csv
baa5037af9737ccc,TW,import,passenger,ice,2020,2020-04-23,FERRARI,812 GTS,A7,2D,6496,1972,臺灣蒙地拿,進口小客車車型耗能證明109年4月核發資料.csv
d54359d0a60879c2,TW,import,passenger,ice,2020,2020-04-23,FERRARI,812 SUPERFAST,A7,3D,6496,1928,臺灣蒙地拿,進口小客車車型耗能證明109年4月核發資料.csv
83c8075be500c9ed,TW,import,passenger,ice,2020,2020-10-27,FERRARI,MONZA SP1,A7,1D,6496.0,1791.0,臺灣蒙地拿,進口小客車車型耗能證明109年10月核發資料.csv
9c29fec0f3757bb5,TW,import,passenger,ice,2020,2020-11-13,FERRARI,MONZA SP2,A7,2D,6496.0,1809.0,臺灣蒙地拿,進口小客車車型耗能證明109年11月核發資料.csv
fd6114d866c5ed66,TW,import,passenger,ice,2020,2020-11-24,FERRARI,ROMA,A8,2D,3855.0,1796.0,臺灣蒙地拿,進口小客車車型耗能證明109年11月核發資料.csv
2a7ac00466e2ec38,TW,import,passenger,ice,2020,2020-09-21,FERRARI(註一),F8 SPIDER,A7,2D,3902.0,1802.0,臺灣蒙地拿,進口小客車車型耗能證明109年9月核發資料.csv
5cfdf3b2777466e1,TW,import,passenger,ice,2020,2020-05-18,FIAT,500 X,A6,5D,1332.0,1487.0,新北市公會,進口小客車車型耗能證明109年5月核發資料.csv
10403eb61e949dbe,TW,import,passenger,ice,2020,2020-03-16,FORD,FOCUS ST,A7,5D,2261.0,1567.0,福特六和,進口小客車車型耗能證明109年3月核發資料.csv
4bef043fe92562c7,TW,import,passenger,ice,2020,2020-06-04,FORD,FOCUS ST,A7,5D,2261.0,1616.0,福特六和,進口小客車車型耗能證明109年6月核發資料.csv
2dae022d9301bd8c,TW,import,passenger,ice,2020,2020-06-04,FORD,FOCUS ST WAGON,A7,5D,2261.0,1689.0,福特六和,進口小客車車型耗能證明109年6月核發資料.csv
0d391d108a4a9cd3,TW,import,passenger,ice,2020,2020-10-15,HONDA,ODYSSEY 2.4 APEX 8人座 E10,CVT,5D,2356.0,1927.0,本田公司,進口小客車車型耗能證明109年10月核發資料.csv
2c80149e7bdc9691,TW,import,passenger,ice,2020,2020-10-15,HONDA,ODYSSEY 2.4 APEX E10,CVT,5D,2356.0,1985.0,本田公司,進口小客車車型耗能證明109年10月核發資料.csv
7459c0a16484b23c,TW,import,passenger,ice,2020,2020-11-05,HONDA,ODYSSEY 2.4 ELITE E10,CVT,5D,2356.0,1932.0,本田公司,進口小客車車型耗能證明109年11月核發資料.csv
b8a2f8b133534a49,TW,import,passenger,ice,2020,2020-12-28,HYUNDAI,Ioniq (HYBRID),A6,4D,1580.0,1504.0,三陽工業,進口小客車車型耗能證明109年12月核發資料.csv
8839cf049d7f5f4f,TW,import,passenger,ice,2020,2020-09-16,HYUNDAI,Ioniq (HYBRID),A6,4D,1580.0,1502.0,三陽工業,進口小客車車型耗能證明109年9月核發資料.csv
d9e9e63a25d21875,TW,import,passenger,ice,2020,2020-04-23,HYUNDAI,KONA-I (HYBRID),A6,5D,1580,1481,三陽工業,進口小客車車型耗能證明109年4月核發資料.csv
81c8961dea6e734d,TW,import,passenger,ice,2020,2020-05-25,JAGUAR,F-TYPE,A8,2D,1997.0,1757.0,台灣捷豹,進口小客車車型耗能證明109年5月核發資料.csv
5e7a0bffcadd1574,TW,import,passenger,ice,2020,2020-06-10,JAGUAR,F-TYPE,A8,2D,5000.0,1910.0,台灣捷豹,進口小客車車型耗能證明109年6月核發資料.csv
05b00038e73be12a,TW,import,passenger,ice,2020,2020-12-21,KIA,PICANTO PE B,A5,5D,1197.0,1071.0,台灣森那美,進口小客車車型耗能證明109年12月核發資料.csv
8e6b5096ccee5c04,TW,import,passenger,ice,2020,2020-12-24,KIA,PICANTO PE C,A5,5D,1197.0,1082.0,台灣森那美,進口小客車車型耗能證明109年12月核發資料.csv
2811ec6cc0b120a0,TW,import,passenger,ice,2020,2020-12-21,KIA,PICANTO PE X,A5,5D,1197.0,1105.0,台灣森那美,進口小客車車型耗能證明109年12月核發資料.csv
37684a4cc8d53635,TW,import,passenger,ice,2020,2020-11-23,KIA,SORENTO 2WD 6P,A8,5D,2151.0,1893.0,台灣森那美,進口小客車車型耗能證明109年11月核發資料.csv
aa155a6c1c38a010,TW,import,passenger,ice,2020,2020-11-12,KIA,SORENTO 2WD 7P,A8,5D,2151.0,1901.0,台灣森那美,進口小客車車型耗能證明109年11月核發資料.csv
2fd59a7e533e46a8,TW,import,passenger,ice,2020,2020-11-23,KIA,SORENTO AWD 6P,A8,5D,2151.0,1981.0,台灣森那美,進口小客車車型耗能證明109年11月核發資料.csv
a0a99e9541e73f25,TW,import,passenger,ice,2020,2020-11-12,KIA,SORENTO AWD 7P,A8,5D,2151.0,2017.0,台灣森那美,進口小客車車型耗能證明109年11月核發資料.csv
905849e3318ee4d4,TW,import,passenger,ice,2020,2020-01-21,LAND ROVER,DISCOVERY SPORT 4WD,A9,5D,1999.0,2178.0,台灣捷豹,進口小客車車型耗能證明109年1月核發資料.csv
0c6071e27480e25d,TW,import,passenger,ice,2020,2020-01-03,LAND ROVER,DISCOVERY SPORT 4WD 147kW,A9,5D,1997.0,2127.0,台灣捷豹,進口小客車車型耗能證明109年1月核發資料.csv
ff7a0dabad4cd856,TW,import,passenger,ice,2020,2020-01-03,LAND ROVER,DISCOVERY SPORT 4WD 183kW,A9,5D,1997.0,2162.0,台灣捷豹,進口小客車車型耗能證明109年1月核發資料.csv
29a6b9cb87736489,TW,import,passenger,ice,2020,2020-07-31,LEXUS,ES200,CVT,4D,1987.0,1706.0,和泰汽車,進口小客車車型耗能證明109年7月核發資料.csv
73aa3bc5ee20ec45,TW,import,passenger,ice,2020,2020-08-04,LEXUS,ES250,A8,4D,2487.0,1748.0,和泰汽車,進口小客車車型耗能證明109年8月核發資料.csv
996dc1913ecf8292,TW,import,passenger,ice,2020,2020-11-23,LEXUS,ES300h HYBRID,CVT,4D,2487.0,1783.0,和泰汽車,進口小客車車型耗能證明109年11月核發資料.csv
5d8ab1a833687a3b,TW,import,passenger,ice,2020,2020-11-13,LEXUS,IS300h HYBRID,CVT,4D,2494.0,1875.0,和泰汽車,進口小客車車型耗能證明109年11月核發資料.csv
9193853e09e785b8,TW,import,passenger,ice,2020,2020-12-09,LEXUS,IS300h HYBRID,CVT,4D,2494.0,1836.0,和泰汽車,進口小客車車型耗能證明109年12月核發資料.csv
87bf80de1d05c9ea,TW,import,passenger,ice,2020,2020-06-12,LEXUS,LC500,A10,2D,4969.0,2080.0,和泰汽車,進口小客車車型耗能證明109年6月核發資料.csv
6cec800f866fa391,TW,import,passenger,ice,2020,2020-09-17,LEXUS,LC500,A10,2D,4969.0,2131.0,和泰汽車,進口小客車車型耗能證明109年9月核發資料.csv
76fe34f7dcf6ce37,TW,import,passenger,ice,2020,2020-12-18,LEXUS,LS500h HYBRID,CVT,4D,3456.0,2393.0,和泰汽車,進口小客車車型耗能證明109年12月核發資料.csv
2717f3dec46e8f61,TW,import,passenger,ice,2020,2020-08-20,LEXUS,RX300,A6,5D,1998.0,2095.0,和泰汽車,進口小客車車型耗能證明109年8月核發資料.csv
6068ba1efca82492,TW,import,passenger,ice,2020,2020-12-23,MASERATI,GHIBLI,A8,4D,2979.0,2119.0,臺灣蒙地拿,進口小客車車型耗能證明109年12月核發資料.csv
2297e7f03766bc55,TW,import,passenger,ice,2020,2020-12-28,MASERATI,GHIBLI GRANSPORT,A8,4D,2979.0,2120.0,臺灣蒙地拿,進口小客車車型耗能證明109年12月核發資料.csv
876ae80da17430a1,TW,import,passenger,ice,2020,2020-12-24,MASERATI,GHIBLI MHEV,A8,4D,1995.0,2109.0,臺灣蒙地拿,進口小客車車型耗能證明109年12月核發資料.csv
7b5c7f4cb4a0d9ef,TW,import,passenger,ice,2020,2020-12-31,MASERATI,GHIBLI MHEV GRANSPORT,A8,4D,1995.0,2136.0,臺灣蒙地拿,進口小客車車型耗能證明109年12月核發資料.csv
a0c9fea18fe7423d,TW,import,passenger,ice,2020,2020-11-24,MASERATI,LEVANTE,A8,4D,2979.0,2383.0,臺灣蒙地拿,進口小客車車型耗能證明109年11月核發資料.csv
1637abd6153dd5f7,TW,import,passenger,ice,2020,2020-11-24,MASERATI,LEVANTE GRANSPORT,A8,4D,2979.0,2397.0,臺灣蒙地拿,進口小客車車型耗能證明109年11月核發資料.csv
b9f2b8c7b3e82248,TW,import,passenger,ice,2020,2020-12-29,MASERATI,QUATTROPORTE,A8,4D,2979.0,2216.0,臺灣蒙地拿,進口小客車車型耗能證明109年12月核發資料.csv
f5efe606d744b4e7,TW,import,passenger,ice,2020,2020-12-23,MASERATI,QUATTROPORTE GRANSPORT,A8,4D,2979.0,2211.0,臺灣蒙地拿,進口小客車車型耗能證明109年12月核發資料.csv
7cc001cf95cffafe,TW,import,passenger,ice,2020,2020-03-09,MAZDA,MAZDA2,A6,5D,1496.0,1158.0,台灣馬自達,進口小客車車型耗能證明109年3月核發資料.csv
e6a9598b0920d2f6,TW,import,passenger,ice,2020,2020-04-09,MAZDA,MX-5,M6,2D,1998,1165,台灣馬自達,進口小客車車型耗能證明109年4月核發資料.csv
82079d10c45f00a5,TW,import,passenger,ice,2020,2020-04-09,MAZDA,MX-5 RF,A6,2D,1998,1239,台灣馬自達,進口小客車車型耗能證明109年4月核發資料.csv
c7fe2151159057fa,TW,import,passenger,ice,2020,2020-07-07,MAZDA,Mazda3,A6,5D,1998.0,1450.0,台灣馬自達,進口小客車車型耗能證明109年7月核發資料.csv
815e2bec5b01d2b6,TW,import,passenger,ice,2020,2020-08-06,MAZDA,Mazda6,A6,5D,1998.0,1626.0,台灣馬自達,進口小客車車型耗能證明109年8月核發資料.csv
5f3f6d98a9f7456b,TW,import,passenger,ice,2020,2020-01-21,MERCEDES-AMG,AMG GT53 4MATIC+,A9,4D,2999.0,2126.0,新北市公會,進口小客車車型耗能證明109年1月核發資料.csv
a535cc49084a16f2,TW,import,passenger,ice,2020,2020-02-17,MERCEDES-BENZ,A180,A7,4D,1332.0,1499.0,台灣賓士,進口小客車車型耗能證明109年2月核發資料.csv
6d39b7a19ff6585e,TW,import,passenger,ice,2020,2020-02-17,MERCEDES-BENZ,A180,A7,5D,1332.0,1469.0,台灣賓士,進口小客車車型耗能證明109年2月核發資料.csv
8537b192128e5b29,TW,import,passenger,ice,2020,2020-09-01,MERCEDES-BENZ,A180,A7,5D,1332.0,1467.0,台灣賓士,進口小客車車型耗能證明109年9月核發資料.csv
9b1b0d029b444307,TW,import,passenger,ice,2020,2020-02-17,MERCEDES-BENZ,A200,A7,4D,1332.0,1507.0,台灣賓士,進口小客車車型耗能證明109年2月核發資料.csv
33ec8a589dba92f7,TW,import,passenger,ice,2020,2020-02-26,MERCEDES-BENZ,A250,A7,5D,1991.0,1544.0,台灣賓士,進口小客車車型耗能證明109年2月核發資料.csv
ec60ce8503b97dd2,TW,import,passenger,ice,2020,2020-04-27,MERCEDES-BENZ,AMG A35,A7,4D,1991,1682,台灣賓士,進口小客車車型耗能證明109年4月核發資料.csv
e3a59a3e9d2deba1,TW,import,passenger,ice,2020,2020-09-26,MERCEDES-BENZ,AMG A35,A7,4D,1991.0,1677.0,台灣賓士,進口小客車車型耗能證明109年9月核發資料.csv
784ce61e34424bea,TW,import,passenger,ice,2020,2020-08-18,MERCEDES-BENZ,AMG A35,A7,5D,1991.0,1669.0,台灣賓士,進口小客車車型耗能證明109年8月核發資料.csv
13c0feda64bc4730,TW,import,passenger,ice,2020,2020-09-25,MERCEDES-BENZ,AMG A35,A7,5D,1991.0,1675.0,台灣賓士,進口小客車車型耗能證明109年9月核發資料.csv
ff1f7ef09d3d98db,TW,import,passenger,ice,2020,2020-01-15,MERCEDES-BENZ,AMG A45 S,A8,5D,1991.0,1762.0,台灣賓士,進口小客車車型耗能證明109年1月核發資料.csv
4f29f87dcc68184c,TW,import,passenger,ice,2020,2020-11-23,MERCEDES-BENZ,AMG C43,A9,2D,2996.0,1855.0,台灣賓士,進口小客車車型耗能證明109年11月核發資料.csv
d6a5bb5064146695,TW,import,passenger,ice,2020,2020-12-31,MERCEDES-BENZ,AMG C43,A9,4D,2996.0,1812.0,台灣賓士,進口小客車車型耗能證明109年12月核發資料.csv
96d53d5bbe723da4,TW,import,passenger,ice,2020,2020-12-03,MERCEDES-BENZ,AMG C43,A9,5D,2996.0,1879.0,台灣賓士,進口小客車車型耗能證明109年12月核發資料.csv
7b6a74f06b096b05,TW,import,passenger,ice,2020,2020-11-23,MERCEDES-BENZ,AMG C43 Cabriolet,A9,2D,2996.0,1960.0,台灣賓士,進口小客車車型耗能證明109年11月核發資料.csv
46e43f9f982d78fc,TW,import,passenger,ice,2020,2020-12-03,MERCEDES-BENZ,AMG C63,A9,4D,3982.0,1920.0,台灣賓士,進口小客車車型耗能證明109年12月核發資料.csv
e744056fc1ac48e4,TW,import,passenger,ice,2020,2020-11-23,MERCEDES-BENZ,AMG C63 S,A9,2D,3982.0,1933.0,台灣賓士,進口小客車車型耗能證明109年11月核發資料.csv
5724cda69223747d,TW,import,passenger,ice,2020,2020-03-03,MERCEDES-BENZ,AMG CLA35,A7,4D,1991.0,1710.0,台灣賓士,進口小客車車型耗能證明109年3月核發資料.csv
e16149c22029f681,TW,import,passenger,ice,2020,2020-03-03,MERCEDES-BENZ,AMG CLA35,A7,5D,1991.0,1741.0,台灣賓士,進口小客車車型耗能證明109年3月核發資料.csv
dab128f8618ff4d6,TW,import,passenger,ice,2020,2020-01-15,MERCEDES-BENZ,AMG CLA45 S,A8,4D,1991.0,1806.0,台灣賓士,進口小客車車型耗能證明109年1月核發資料.csv
1c4e7f888028c904,TW,import,passenger,ice,2020,2020-01-15,MERCEDES-BENZ,AMG CLA45 S,A8,5D,1991.0,1796.0,台灣賓士,進口小客車車型耗能證明109年1月核發資料.csv
2e6d8b9b415c34d1,TW,import,passenger,ice,2020,2020-08-14,MERCEDES-BENZ,AMG CLS53 4MATIC,A9,4D,2999.0,2080.0,台灣賓士,進口小客車車型耗能證明109年8月核發資料.csv
80a3c1acfcc322bb,TW,import,passenger,ice,2020,2020-09-26,MERCEDES-BENZ,AMG E53 4MATIC,A9,2D,2999.0,2103.0,台灣賓士,進口小客車車型耗能證明109年9月核發資料.csv
7033a4c12c513752,TW,import,passenger,ice,2020,2020-09-26,MERCEDES-BENZ,AMG E53 4MATIC,A9,4D,2999.0,2058.0,台灣賓士,進口小客車車型耗能證明109年9月核發資料.csv
83740824664c8dd3,TW,import,passenger,ice,2020,2020-10-30,MERCEDES-BENZ,AMG E63,A9,4D,3982.0,2153.0,台灣賓士,進口小客車車型耗能證明109年10月核發資料.csv
af1562b94258d25a,TW,import,passenger,ice,2020,2020-09-17,MERCEDES-BENZ,AMG GLA35,A8,5D,1991.0,1822.0,台灣賓士,進口小客車車型耗能證明109年9月核發資料.csv
6c27af062e326788,TW,import,passenger,ice,2020,2020-07-02,MERCEDES-BENZ,AMG GLA45 S,A8,5D,1991.0,1876.0,台灣賓士,進口小客車車型耗能證明109年7月核發資料.csv
f098e9934685a356,TW,import,passenger,ice,2020,2020-05-27,MERCEDES-BENZ,AMG GLB35,A8,5D,1991.0,1886.0,台灣賓士,進口小客車車型耗能證明109年5月核發資料.csv
0ec877d0c10a0767,TW,import,passenger,ice,2020,2020-03-11,MERCEDES-BENZ,AMG GLC43 4MATIC,A9,5D,2996.0,2017.0,台灣賓士,進口小客車車型耗能證明109年3月核發資料.csv
e66287a7ae00c82c,TW,import,passenger,ice,2020,2020-03-11,MERCEDES-BENZ,AMG GLC43 4MATIC Coupe,A9,5D,2996.0,1999.0,台灣賓士,進口小客車車型耗能證明109年3月核發資料.csv
05a28cbd18528ba5,TW,import,passenger,ice,2020,2020-11-17,MERCEDES-BENZ,AMG GLC63 4MATIC+,A9,5D,3982.0,2139.0,台灣賓士,進口小客車車型耗能證明109年11月核發資料.csv
7558a22f984fc84d,TW,import,passenger,ice,2020,2020-11-17,MERCEDES-BENZ,AMG GLC63 S 4MATIC+ Coupe,A9,5D,3982.0,2141.0,台灣賓士,進口小客車車型耗能證明109年11月核發資料.csv
004fce2aec0eb323,TW,import,passenger,ice,2020,2020-02-17,MERCEDES-BENZ,B180,A7,5D,1332.0,1529.0,台灣賓士,進口小客車車型耗能證明109年2月核發資料.csv
75de3b0aab2eec93,TW,import,passenger,ice,2020,2020-02-26,MERCEDES-BENZ,B200,A7,5D,1332.0,1509.0,台灣賓士,進口小客車車型耗能證明109年2月核發資料.csv
eb13d17aed5f0ba6,TW,import,passenger,ice,2020,2020-06-09,MERCEDES-BENZ,C180,A9,2D,1497.0,1638.0,台灣賓士,進口小客車車型耗能證明109年6月核發資料.csv
e370ee47d9d4d456,TW,import,passenger,ice,2020,2020-06-04,MERCEDES-BENZ,C180,A9,2D,1497.0,1642.0,台灣賓士,進口小客車車型耗能證明109年6月核發資料.csv
ca1bc1d7154fcdae,TW,import,passenger,ice,2020,2020-03-03,MERCEDES-BENZ,C180,A9,4D,1497.0,1585.0,台灣賓士,進口小客車車型耗能證明109年3月核發資料.csv
470a069ecc468e2c,TW,import,passenger,ice,2020,2020-04-09,MERCEDES-BENZ,C180,A9,5D,1497,1636,台灣賓士,進口小客車車型耗能證明109年4月核發資料.csv
b7517f0cc66c8b3b,TW,import,passenger,ice,2020,2020-04-14,MERCEDES-BENZ,C180,A9,5D,1497,1652,台灣賓士,進口小客車車型耗能證明109年4月核發資料.csv
96274616d21f0ca4,TW,import,passenger,ice,2020,2020-02-24,MERCEDES-BENZ,C200,A9,4D,1497.0,1648.0,台灣賓士,進口小客車車型耗能證明109年2月核發資料.csv
2623e636996a2f2f,TW,import,passenger,ice,2020,2020-04-17,MERCEDES-BENZ,C200 Cabriolet,A9,2D,1497,1824,台灣賓士,進口小客車車型耗能證明109年4月核發資料.csv
d6d762625ec73095,TW,import,passenger,ice,2020,2020-04-17,MERCEDES-BENZ,C300,A9,2D,1991,1741,台灣賓士,進口小客車車型耗能證明109年4月核發資料.csv
c781444a9b940e81,TW,import,passenger,ice,2020,2020-02-26,MERCEDES-BENZ,C300,A9,4D,1991.0,1709.0,台灣賓士,進口小客車車型耗能證明109年2月核發資料.csv
4f58c9707ac1009e,TW,import,passenger,ice,2020,2020-04-17,MERCEDES-BENZ,C300,A9,5D,1991,1770,台灣賓士,進口小客車車型耗能證明109年4月核發資料.csv
59c8bdbabd90518d,TW,import,passenger,ice,2020,2020-02-17,MERCEDES-BENZ,CLA200,A7,4D,1332.0,1525.0,台灣賓士,進口小客車車型耗能證明109年2月核發資料.csv
2b7d50903e674da9,TW,import,passenger,ice,2020,2020-03-03,MERCEDES-BENZ,CLA200,A7,5D,1332.0,1542.0,台灣賓士,進口小客車車型耗能證明109年3月核發資料.csv
3f51cdad208461ce,TW,import,passenger,ice,2020,2020-10-12,MERCEDES-BENZ,CLA250,A7,4D,1991.0,1622.0,台灣賓士,進口小客車車型耗能證明109年10月核發資料.csv
ee321ab08ab8596b,TW,import,passenger,ice,2020,2020-12-03,MERCEDES-BENZ,CLA250,A7,5D,1991.0,1644.0,台灣賓士,進口小客車車型耗能證明109年12月核發資料.csv
f2f3a1093028edfc,TW,import,passenger,ice,2020,2020-03-19,MERCEDES-BENZ,CLA250,A7,5D,1991.0,1658.0,台灣賓士,進口小客車車型耗能證明109年3月核發資料.csv
2659cc0d45258e12,TW,import,passenger,ice,2020,2020-04-01,MERCEDES-BENZ,CLS350,A9,4D,1991,1899,新北市公會,進口小客車車型耗能證明109年4月核發資料.csv
e105c4e3a6dc7dda,TW,import,passenger,ice,2020,2020-09-26,MERCEDES-BENZ,E200,A9,2D,1991.0,1828.0,台灣賓士,進口小客車車型耗能證明109年9月核發資料.csv
c848c3510a56abeb,TW,import,passenger,ice,2020,2020-09-25,MERCEDES-BENZ,E200,A9,4D,1991.0,1806.0,台灣賓士,進口小客車車型耗能證明109年9月核發資料.csv
10477016c979f4f4,TW,import,passenger,ice,2020,2020-09-25,MERCEDES-BENZ,E200,A9,5D,1991.0,1872.0,台灣賓士,進口小客車車型耗能證明109年9月核發資料.csv
c7dbc61f7d329e8f,TW,import,passenger,ice,2020,2020-09-30,MERCEDES-BENZ,E300,A9,2D,1991.0,1898.0,台灣賓士,進口小客車車型耗能證明109年9月核發資料.csv
9804c1e3df379930,TW,import,passenger,ice,2020,2020-03-19,MERCEDES-BENZ,E300,A9,2D,1991.0,1886.0,台灣賓士,進口小客車車型耗能證明109年3月核發資料.csv
8454ded3b72c3df7,TW,import,passenger,ice,2020,2020-09-25,MERCEDES-BENZ,E300,A9,4D,1991.0,1869.0,台灣賓士,進口小客車車型耗能證明109年9月核發資料.csv
abe96846137a07cf,TW,import,passenger,ice,2020,2020-09-25,MERCEDES-BENZ,E300,A9,5D,1991.0,1946.0,台灣賓士,進口小客車車型耗能證明109年9月核發資料.csv
0f6d24eb73b07714,TW,import,passenger,ice,2020,2020-08-13,MERCEDES-BENZ,GLA180,A7,5D,1332.0,1626.0,台灣賓士,進口小客車車型耗能證明109年8月核發資料.csv
402a99f9c066826f,TW,import,passenger,ice,2020,2020-05-11,MERCEDES-BENZ,GLA200,A7,5D,1332.0,1646.0,台灣賓士,進口小客車車型耗能證明109年5月核發資料.csv
c7dd4eb27cc9f40e,TW,import,passenger,ice,2020,2020-05-13,MERCEDES-BENZ,GLA200,A7,5D,1332.0,1595.0,台灣賓士,進口小客車車型耗能證明109年5月核發資料.csv
e5bf08bd97ca9e81,TW,import,passenger,ice,2020,2020-05-27,MERCEDES-BENZ,GLB180,A7,5D,1332.0,1756.0,台灣賓士,進口小客車車型耗能證明109年5月核發資料.csv
a98e3e32ca2fcc0c,TW,import,passenger,ice,2020,2020-03-19,MERCEDES-BENZ,GLB200,A7,5D,1332.0,1677.0,台灣賓士,進口小客車車型耗能證明109年3月核發資料.csv
a4ddb0b24e859f1e,TW,import,passenger,ice,2020,2020-04-09,MERCEDES-BENZ,GLB200 d,A8,5D,1950,1803,台灣賓士,進口小客車車型耗能證明109年4月核發資料.csv
de8b36bcff0cf87a,TW,import,passenger,ice,2020,2020-10-22,MERCEDES-BENZ,GLB250 4MATIC,A8,5D,1991.0,1869.0,彰化公會,進口小客車車型耗能證明109年10月核發資料.csv
a4f7309e44571577,TW,import,passenger,ice,2020,2020-07-10,MERCEDES-BENZ,GLB250 4MATIC,A8,5D,1991.0,1875.0,新北市公會,進口小客車車型耗能證明109年7月核發資料.csv
5bc0bdaee45cd229,TW,import,passenger,ice,2020,2020-10-07,MERCEDES-BENZ,GLC200 4MATIC,A9,5D,1991.0,1951.0,台灣賓士,進口小客車車型耗能證明109年10月核發資料.csv
cd6cd443d9660cc3,TW,import,passenger,ice,2020,2020-10-07,MERCEDES-BENZ,GLC200 4MATIC Coupe,A9,5D,1991.0,1943.0,台灣賓士,進口小客車車型耗能證明109年10月核發資料.csv
47854b8a064adffc,TW,import,passenger,ice,2020,2020-02-26,MERCEDES-BENZ,GLC220 d,A9,5D,1950.0,1909.0,台灣賓士,進口小客車車型耗能證明109年2月核發資料.csv
312b518f5dd61056,TW,import,passenger,ice,2020,2020-02-26,MERCEDES-BENZ,GLC300 4MATIC,A9,5D,1991.0,1909.0,台灣賓士,進口小客車車型耗能證明109年2月核發資料.csv
eb99f20b533b384d,TW,import,passenger,ice,2020,2020-04-10,MERCEDES-BENZ,GLC300 4MATIC COUPE,A9,5D,1991,1936,新北市公會,進口小客車車型耗能證明109年4月核發資料.csv
0fc54ce7596eee37,TW,import,passenger,ice,2020,2020-03-19,MERCEDES-BENZ,GLC300 4MATIC Coupe,A9,5D,1991.0,1927.0,台灣賓士,進口小客車車型耗能證明109年3月核發資料.csv
36bf63d3594371cd,TW,import,passenger,ice,2020,2020-05-22,MERCEDES-BENZ,GLE300 d 4MATIC (FDR 3.27),A9,5D,1950.0,2278.0,台灣賓士,進口小客車車型耗能證明109年5月核發資料.csv
b03c588cb71f2979,TW,import,passenger,ice,2020,2020-05-22,MERCEDES-BENZ,GLE300 d 4MATIC (FDR 3.46),A9,5D,1950.0,2344.0,台灣賓士,進口小客車車型耗能證明109年5月核發資料.csv
e9c7376579f4d3e9,TW,import,passenger,ice,2020,2020-05-25,MERCEDES-BENZ,GLE300 d 4MATIC (FDR 3.46),A9,5D,1950.0,2399.0,台灣賓士,進口小客車車型耗能證明109年5月核發資料.csv
dd961c5a9c112432,TW,import,passenger,ice,2020,2020-04-27,MERCEDES-BENZ,GLE350 d 4MATIC (FDR 3.27),A9,5D,2925,2361,台灣賓士,進口小客車車型耗能證明109年4月核發資料.csv
2b2601e3b6c2ee47,TW,import,passenger,ice,2020,2020-04-27,MERCEDES-BENZ,GLE350 d 4MATIC (FDR 3.46),A9,5D,2925,2403,台灣賓士,進口小客車車型耗能證明109年4月核發資料.csv
41660d96b270f604,TW,import,passenger,ice,2020,2020-04-27,MERCEDES-BENZ,GLE450 4MATIC (FDR 3.27),A9,5D,2999,2346,台灣賓士,進口小客車車型耗能證明109年4月核發資料.csv
779e12e699b70717,TW,import,passenger,ice,2020,2020-10-20,MERCEDES-BENZ,GLE450 4MATIC (FDR 3.27),A9,5D,2999.0,2358.0,台灣賓士,進口小客車車型耗能證明109年10月核發資料.csv
3b157848a9dcc749,TW,import,passenger,ice,2020,2020-04-27,MERCEDES-BENZ,GLE450 4MATIC (FDR 3.46),A9,5D,2999,2447,台灣賓士,進口小客車車型耗能證明109年4月核發資料.csv
4d7be7b52e310e98,TW,import,passenger,ice,2020,2020-10-20,MERCEDES-BENZ,GLE450 4MATIC (FDR 3.46),A9,5D,2999.0,2441.0,台灣賓士,進口小客車車型耗能證明109年10月核發資料.csv
d52dd62ff5fc57bb,TW,import,passenger,ice,2020,2020-12-11,MERCEDES-BENZ,S350 d,A9,4D,2925.0,2139.0,台灣賓士,進口小客車車型耗能證明109年12月核發資料.csv
83b1ab3efda82726,TW,import,passenger,ice,2020,2020-12-11,MERCEDES-BENZ,S350 d (SWB),A9,4D,2925.0,2118.0,台灣賓士,進口小客車車型耗能證明109年12月核發資料.csv
61c325497093e657,TW,import,passenger,ice,2020,2020-12-28,MERCEDES-BENZ,S450 4MATIC,A9,4D,2999.0,2213.0,台灣賓士,進口小客車車型耗能證明109年12月核發資料.csv
f68d27419c6ea779,TW,import,passenger,ice,2020,2020-12-11,MERCEDES-BENZ,S500 4MATIC,A9,4D,2999.0,2269.0,台灣賓士,進口小客車車型耗能證明109年12月核發資料.csv
e102517785c7d056,TW,import,passenger,ice,2020,2020-01-17,MINI,JOHN COOPER WORKS ALL4 COUNTRYMAN,A8,5D,1998.0,1724.0,汎德公司,進口小客車車型耗能證明109年1月核發資料.csv
245a5f2805d08e79,TW,import,passenger,ice,2020,2020-11-03,MINI,MINI COOPER 5-DOORS,A7,5D,1499.0,1362.0,汎德公司,進口小客車車型耗能證明109年11月核發資料.csv
19a97349d4c5e1e8,TW,import,passenger,ice,2020,2020-10-05,MINI,MINI COOPER COUNTRYMAN,A7,5D,1499.0,1598.0,汎德公司,進口小客車車型耗能證明109年10月核發資料.csv
d5e261e1c20ed933,TW,import,passenger,ice,2020,2020-11-03,MINI,MINI COOPER HATCH,A7,3D,1499.0,1302.0,汎德公司,進口小客車車型耗能證明109年11月核發資料.csv
06b53ec243d07048,TW,import,passenger,ice,2020,2020-10-05,MINI,MINI COOPER S COUNTRYMAN,A7,5D,1998.0,1615.0,汎德公司,進口小客車車型耗能證明109年10月核發資料.csv
2fe096148fbeccd6,TW,import,passenger,ice,2020,2020-11-04,MINI,MINI COOPER S HATCH,A7,3D,1998.0,1339.0,汎德公司,進口小客車車型耗能證明109年11月核發資料.csv
155fb5178978bd7f,TW,import,passenger,ice,2020,2020-11-03,MINI,MINI JOHN COOPER WORKS,A8,3D,1998.0,1383.0,汎德公司,進口小客車車型耗能證明109年11月核發資料.csv
c809b08013e40fe6,TW,import,passenger,ice,2020,2020-11-03,MINI,MINI ONE 5-DOORS,A7,5D,1499.0,1350.0,汎德公司,進口小客車車型耗能證明109年11月核發資料.csv
4178d9a530db8ba1,TW,import,passenger,ice,2020,2020-11-26,McLaren,720S Le Mans,A7,2D,3994.0,1584.0,永三汽車,進口小客車車型耗能證明109年11月核發資料.csv
655bb20a1035f369,TW,import,passenger,ice,2020,2020-12-31,McLaren,765LT Coupe,A7,2D,3994.0,1584.0,永三汽車,進口小客車車型耗能證明109年12月核發資料.csv
f998693aa94795b8,TW,import,passenger,ice,2020,2020-09-03,McLaren(註一),620R Coupe,A7,2D,3799.0,1538.0,永三汽車,進口小客車車型耗能證明109年9月核發資料.csv
d9e50d5cc3d57e3e,TW,import,passenger,ice,2020,2020-11-10,Mercedes-AMG,AMG GT,A7,3D,3982.0,1761.0,台灣賓士,進口小客車車型耗能證明109年11月核發資料.csv
6dddc6d7625082cf,TW,import,passenger,ice,2020,2020-08-27,Mercedes-AMG,AMG GT 43 4MATIC+,A9,5D,2999.0,2126.0,台灣賓士,進口小客車車型耗能證明109年8月核發資料.csv
8f3319407549195c,TW,import,passenger,ice,2020,2020-08-27,Mercedes-AMG,AMG GT 53 4MATIC+,A9,5D,2999.0,2135.0,台灣賓士,進口小客車車型耗能證明109年8月核發資料.csv
b616e2e532cdcee3,TW,import,passenger,ice,2020,2020-08-13,Mercedes-AMG,AMG GT 63 4MATIC+,A9,5D,3982.0,2221.0,台灣賓士,進口小客車車型耗能證明109年8月核發資料.csv
80ce3bbe9e93ee59,TW,import,passenger,ice,2020,2020-08-13,Mercedes-AMG,AMG GT 63 S 4MATIC+,A9,5D,3982.0,2220.0,台灣賓士,進口小客車車型耗能證明109年8月核發資料.csv
0e8bcd4aa7867be4,TW,import,passenger,ice,2020,2020-11-11,Mercedes-AMG,AMG GT R,A7,3D,3982.0,1761.0,台灣賓士,進口小客車車型耗能證明109年11月核發資料.csv
7c3ce2cc32bb694c,TW,import,passenger,ice,2020,2020-05-27,NISSAN,JUKE,A7,5D,999.0,1360.0,裕隆汽車,進口小客車車型耗能證明109年5月核發資料.csv
4d47d95b4ad4b970,TW,import,passenger,ice,2020,2020-11-03,PEUGEOT,2008,A8,5D,1199.0,1366.0,寶嘉聯合,進口小客車車型耗能證明109年11月核發資料.csv
6f0835bdc5d2707d,TW,import,passenger,ice,2020,2020-12-23,PEUGEOT,208 (HATCHBACK),A8,4D,1199.0,1257.0,寶嘉聯合,進口小客車車型耗能證明109年12月核發資料.csv
f71560cca50daf45,TW,import,passenger,ice,2020,2020-05-20,PEUGEOT,3008 BLUEHDi,A8,5D,1499.0,1633.0,寶嘉聯合,進口小客車車型耗能證明109年5月核發資料.csv
fd29715624232860,TW,import,passenger,ice,2020,2020-12-30,PEUGEOT,508 (HATCHBACK),A8,4D,1598.0,1583.0,寶嘉聯合,進口小客車車型耗能證明109年12月核發資料.csv
ebc24037b6119533,TW,import,passenger,ice,2020,2020-12-30,PEUGEOT,508 SW (133kW),A8,5D,1598.0,1629.0,寶嘉聯合,進口小客車車型耗能證明109年12月核發資料.csv
adee97006b9ff444,TW,import,passenger,ice,2020,2020-10-30,PORSCHE,718 BOXSTER,A7,2D,1988.0,1484.0,台灣保時捷,進口小客車車型耗能證明109年10月核發資料.csv
932fa186fa5322d9,TW,import,passenger,ice,2020,2020-10-30,PORSCHE,718 BOXSTER S,A7,2D,2497.0,1507.0,台灣保時捷,進口小客車車型耗能證明109年10月核發資料.csv
74dc2fa324b8effa,TW,import,passenger,ice,2020,2020-02-25,PORSCHE,718 BOXSTER SPYDER,M6,2D,3995.0,1547.0,台灣保時捷,進口小客車車型耗能證明109年2月核發資料.csv
33785693c35543b7,TW,import,passenger,ice,2020,2020-10-30,PORSCHE,718 CAYMAN,A7,2D,1988.0,1457.0,台灣保時捷,進口小客車車型耗能證明109年10月核發資料.csv
e8958fff26398c02,TW,import,passenger,ice,2020,2020-12-10,PORSCHE,718 CAYMAN GT4,A7,2D,3995.0,1568.0,台灣保時捷,進口小客車車型耗能證明109年12月核發資料.csv
84b794e93629175d,TW,import,passenger,ice,2020,2020-02-25,PORSCHE,718 CAYMAN GT4,M6,2D,3995.0,1546.0,台灣保時捷,進口小客車車型耗能證明109年2月核發資料.csv
16058862519d08cc,TW,import,passenger,ice,2020,2020-10-30,PORSCHE,718 CAYMAN S,A7,2D,2497.0,1514.0,台灣保時捷,進口小客車車型耗能證明109年10月核發資料.csv
21291c7223e683b4,TW,import,passenger,ice,2020,2020-01-06,PORSCHE,911 CARRERA,A8,2D,2981.0,1623.0,台灣保時捷,進口小客車車型耗能證明109年1月核發資料.csv
6b5f50ac5fac6b5d,TW,import,passenger,ice,2020,2020-05-21,PORSCHE,911 CARRERA 4,A8,2D,2981.0,1718.0,台灣保時捷,進口小客車車型耗能證明109年5月核發資料.csv
371df25681488372,TW,import,passenger,ice,2020,2020-05-21,PORSCHE,911 CARRERA 4 CABRIOLET,A8,2D,2981.0,1673.0,台灣保時捷,進口小客車車型耗能證明109年5月核發資料.csv
ba67d272f72276f5,TW,import,passenger,ice,2020,2020-12-07,PORSCHE,911 CARRERA 4S,A8,2D,2981.0,1680.0,台灣保時捷,進口小客車車型耗能證明109年12月核發資料.csv
3cccce2237b0452d,TW,import,passenger,ice,2020,2020-01-09,PORSCHE,911 CARRERA CABRIOLET,A8,2D,2981.0,1702.0,台灣保時捷,進口小客車車型耗能證明109年1月核發資料.csv
4a5c54d595921ba2,TW,import,passenger,ice,2020,2020-12-07,PORSCHE,911 CARRERA S,A8,2D,2981.0,1630.0,台灣保時捷,進口小客車車型耗能證明109年12月核發資料.csv
ec0aecf41869ec68,TW,import,passenger,ice,2020,2020-10-15,PORSCHE,911 TURBO S,A8,2D,3745.0,1749.0,台灣保時捷,進口小客車車型耗能證明109年10月核發資料.csv
09a8b121ea05ec84,TW,import,passenger,ice,2020,2020-10-22,PORSCHE,911 TURBO S CABRIOLET,A8,2D,3745.0,1825.0,台灣保時捷,進口小客車車型耗能證明109年10月核發資料.csv
6bf492bd44e9f4a0,TW,import,passenger,ice,2020,2020-01-08,ROLLS-ROYCE,CULLINAN BLACK BADGE,A8,5D,6749.0,2868.0,盛惟公司,進口小客車車型耗能證明109年1月核發資料.csv
85ee29f147671e41,TW,import,passenger,ice,2020,2020-11-12,ROLLS-ROYCE,DAWN,A8,2D,6592.0,2841.0,盛惟公司,進口小客車車型耗能證明109年11月核發資料.csv
aafaba955e3cce67,TW,import,passenger,ice,2020,2020-12-10,ROLLS-ROYCE,DAWN BLACK BADGE,A8,2D,6592.0,2835.0,盛惟公司,進口小客車車型耗能證明109年12月核發資料.csv
102e28977e50b85e,TW,import,passenger,ice,2020,2020-12-29,ROLLS-ROYCE,GHOST,A8,4D,6749.0,2653.0,盛惟公司,進口小客車車型耗能證明109年12月核發資料.csv
6a69271d16009752,TW,import,passenger,ice,2020,2020-10-22,ROLLS-ROYCE,GHOST EXTENDED,A8,4D,6749.0,2807.0,盛惟公司,進口小客車車型耗能證明109年10月核發資料.csv
e8ce669aefe84150,TW,import,passenger,ice,2020,2020-10-15,ROLLS-ROYCE,PHANTOM EXTENDED,A8,4D,6749.0,3035.0,盛惟公司,進口小客車車型耗能證明109年10月核發資料.csv
7da8826cfc4a2f2a,TW,import,passenger,ice,2020,2020-12-11,ROLLS-ROYCE,WRAITH BLACK BADGE,A8,2D,6592.0,2564.0,盛惟公司,進口小客車車型耗能證明109年12月核發資料.csv
3050cc82b80d4ac8,TW,import,passenger,ice,2020,2020-12-01,SKODA,FABIA 1.0 TSI HATCHBACK,A7,4D,999.0,1222.0,奧迪福斯,進口小客車車型耗能證明109年12月核發資料.csv
4a9e7001975b3866,TW,import,passenger,ice,2020,2020-12-01,SKODA,FABIA COMBI 1.0 TSI HATCHBACK,A7,4D,999.0,1248.0,奧迪福斯,進口小客車車型耗能證明109年12月核發資料.csv
4030598c15dbdd57,TW,import,passenger,ice,2020,2020-12-30,SKODA,KAMIQ 1.0 TSI HATCHBACK,A7,4D,999.0,1335.0,奧迪福斯,進口小客車車型耗能證明109年12月核發資料.csv
57df3f73ec85b628,TW,import,passenger,ice,2020,2020-03-09,SKODA,KAMIQ 1.0 TSI HATCHBACK,A7,4D,999.0,1338.0,奧迪福斯,進口小客車車型耗能證明109年3月核發資料.csv
14a93b94f1bdb609,TW,import,passenger,ice,2020,2020-03-09,SKODA,KAMIQ 1.5 TSI HATCHBACK,A7,4D,1498.0,1374.0,奧迪福斯,進口小客車車型耗能證明109年3月核發資料.csv
b9b8c81c45dec4ca,TW,import,passenger,ice,2020,2020-11-19,SKODA,KAROQ 1.5 TSI HATCHBACK,A7,4D,1498.0,1479.0,奧迪福斯,進口小客車車型耗能證明109年11月核發資料.csv
30fdcb6bfe9603f1,TW,import,passenger,ice,2020,2020-06-18,SKODA,KAROQ 1.5 TSI HATCHBACK,A7,4D,1498.0,1493.0,奧迪福斯,進口小客車車型耗能證明109年6月核發資料.csv
38a3be3799e3b4a0,TW,import,passenger,ice,2020,2020-03-09,SKODA,KAROQ 2.0 TSI HATCHBACK,A7,4D,1984.0,1642.0,奧迪福斯,進口小客車車型耗能證明109年3月核發資料.csv
a0844ea5dc6ed5cb,TW,import,passenger,ice,2020,2020-07-03,SKODA,KODIAQ 1.5 TSI HATCHBACK,A7,4D,1498.0,1721.0,奧迪福斯,進口小客車車型耗能證明109年7月核發資料.csv
b18c8839ba517991,TW,import,passenger,ice,2020,2020-07-08,SKODA,KODIAQ 2.0 TSI HATCHBACK,A7,4D,1984.0,1849.0,奧迪福斯,進口小客車車型耗能證明109年7月核發資料.csv
fd93c90281e3d242,TW,import,passenger,ice,2020,2020-12-30,SKODA,SCALA 1.0 TSI HATCHBACK,A7,4D,999.0,1322.0,奧迪福斯,進口小客車車型耗能證明109年12月核發資料.csv
ced4cf9afc4acadc,TW,import,passenger,ice,2020,2020-12-01,SKODA,SCALA 1.5 TSI HATCHBACK,A7,4D,1498.0,1348.0,奧迪福斯,進口小客車車型耗能證明109年12月核發資料.csv
bee3865e6a2f657a,TW,import,passenger,ice,2020,2020-03-05,SKODA,SUPERB 1.5 TSI,A7,4D,1498.0,1564.0,奧迪福斯,進口小客車車型耗能證明109年3月核發資料.csv
0e7790e0c27b79eb,TW,import,passenger,ice,2020,2020-03-09,SKODA,SUPERB 2.0 TSI,A7,4D,1984.0,1754.0,奧迪福斯,進口小客車車型耗能證明109年3月核發資料.csv
954597452dfae509,TW,import,passenger,ice,2020,2020-11-24,SKODA,SUPERB 2.0 TSI 2WD,A7,4D,1984.0,1653.0,奧迪福斯,進口小客車車型耗能證明109年11月核發資料.csv
9b0c2a966b7a7a83,TW,import,passenger,ice,2020,2020-03-05,SKODA,SUPERB COMBI 1.5 TSI HATCHBACK,A7,4D,1498.0,1578.0,奧迪福斯,進口小客車車型耗能證明109年3月核發資料.csv
9c4602b4b5b20799,TW,import,passenger,ice,2020,2020-03-09,SKODA,SUPERB COMBI 2.0 TSI HATCHBACK,A7,4D,1984.0,1796.0,奧迪福斯,進口小客車車型耗能證明109年3月核發資料.csv
f9b3509393708e2e,TW,import,passenger,ice,2020,2020-11-24,SKODA,SUPERB COMBI 2.0 TSI HATCHBACK 2WD,A7,4D,1984.0,1688.0,奧迪福斯,進口小客車車型耗能證明109年11月核發資料.csv
3556cbefffdf7aa3,TW,import,passenger,ice,2020,2020-03-03,SUBARU,IMPREZA 5D 1.6i-S AWD CVT,CVT,5D,1600.0,1501.0,台灣速霸陸,進口小客車車型耗能證明109年3月核發資料.csv
57533f6565f60cc2,TW,import,passenger,ice,2020,2020-02-25,SUBARU,IMPREZA 5D 1.6i-S EyeSight AWD CVT,CVT,5D,1600.0,1505.0,台灣速霸陸,進口小客車車型耗能證明109年2月核發資料.csv
a8930e0e69544175,TW,import,passenger,ice,2020,2020-12-23,SUBARU,SUBARU XV 2.0i-S EyeSight AWD CVT,CVT,5D,1995.0,1551.0,台灣速霸陸,進口小客車車型耗能證明109年12月核發資料.csv
11c94ae5f18b30d3,TW,import,passenger,ice,2020,2020-09-16,SUZUKI,IGNIS GLX,CVT,5D,1197.0,1005.0,金鈴汽車,進口小客車車型耗能證明109年9月核發資料.csv
491f7566f3a6f4cf,TW,import,passenger,ice,2020,2020-08-12,SUZUKI,JIMNY GLX,A4,3D,1462.0,1209.0,金鈴汽車,進口小客車車型耗能證明109年8月核發資料.csv
1363830c2c2d5581,TW,import,passenger,ice,2020,2020-10-08,SUZUKI,SWIFT GLX,CVT,5D,1197.0,1040.0,金鈴汽車,進口小客車車型耗能證明109年10月核發資料.csv
39606025554acb35,TW,import,passenger,ice,2020,2020-10-08,SUZUKI,SWIFT SPORT,M6,5D,1373.0,1110.0,金鈴汽車,進口小客車車型耗能證明109年10月核發資料.csv
77253d71c31db4ce,TW,import,passenger,ice,2020,2020-09-29,SUZUKI,SX4 GLX,A6,5D,1373.0,1300.0,金鈴汽車,進口小客車車型耗能證明109年9月核發資料.csv
ccbaeea9a787905f,TW,import,passenger,ice,2020,2020-07-29,TOYOTA,RAV4 4WD,CVT,5D,1987.0,1732.0,和泰汽車,進口小客車車型耗能證明109年7月核發資料.csv
2adc0eb37b7e5abb,TW,import,passenger,ice,2020,2020-12-18,TOYOTA,RAV4 4WD OFF-ROAD,CVT,5D,1987.0,1705.0,和泰汽車,進口小客車車型耗能證明109年12月核發資料.csv
a13bfde53f8429b8,TW,import,passenger,ice,2020,2020-09-17,VOLKSWAGEN,ARTEON 330 TSI,A7,4D,1984.0,1664.0,奧迪福斯,進口小客車車型耗能證明109年9月核發資料.csv
c95cba91d74bdf88,TW,import,passenger,ice,2020,2020-12-07,VOLKSWAGEN,ARTEON 380 TSI,A7,4D,1984.0,1818.0,奧迪福斯,進口小客車車型耗能證明109年12月核發資料.csv
e2b16c6e0bc59163,TW,import,passenger,ice,2020,2020-09-07,VOLKSWAGEN,ARTEON SB 330 TSI HATCHBACK,A7,4D,1984.0,1669.0,奧迪福斯,進口小客車車型耗能證明109年9月核發資料.csv
7814b5197b56dfb1,TW,import,passenger,ice,2020,2020-12-04,VOLKSWAGEN,ARTEON SB 380 TSI HATCHBACK,A7,4D,1984.0,1833.0,奧迪福斯,進口小客車車型耗能證明109年12月核發資料.csv
f20477341a8d7d0c,TW,import,passenger,ice,2020,2020-09-07,VOLKSWAGEN,POLO 230 TSI HATCHBACK,A7,4D,999.0,1271.0,奧迪福斯,進口小客車車型耗能證明109年9月核發資料.csv
7f812c2dba071396,TW,import,passenger,ice,2020,2020-12-29,VOLKSWAGEN,T-CROSS 230 TSI HATCHBACK,A7,4D,999.0,1364.0,奧迪福斯,進口小客車車型耗能證明109年12月核發資料.csv
c4351caf9f4b1170,TW,import,passenger,ice,2020,2020-08-06,VOLKSWAGEN,T-ROC 280 TSI HATCHBACK,A7,4D,1498.0,1427.0,奧迪福斯,進口小客車車型耗能證明109年8月核發資料.csv
1190b509424f7498,TW,import,passenger,ice,2020,2020-07-10,VOLKSWAGEN,T-ROC 330 TSI HATCHBACK,A7,4D,1984.0,1612.0,奧迪福斯,進口小客車車型耗能證明109年7月核發資料.csv
e08326d0de26db2f,TW,import,passenger,ice,2020,2020-01-03,VOLKSWAGEN,TIGUAN 280 TSI HATCHBACK,A6,4D,1395.0,1624.0,奧迪福斯,進口小客車車型耗能證明109年1月核發資料.csv
dc8a4718f403f590,TW,import,passenger,ice,2020,2020-12-21,VOLKSWAGEN,TIGUAN 280 TSI HATCHBACK,A7,4D,1498.0,1643.0,奧迪福斯,進口小客車車型耗能證明109年12月核發資料.csv
4a5c0d728d63ed7a,TW,import,passenger,ice,2020,2020-08-19,VOLKSWAGEN,TIGUAN ALLSPACE 280 TSI HATCHBACK,A7,4D,1498.0,1756.0,奧迪福斯,進口小客車車型耗能證明109年8月核發資料.csv
7793d37c61ef45b3,TW,import,passenger,ice,2020,2020-12-22,VOLKSWAGEN,TIGUAN R HATCHBACK 4WD,A7,4D,1984.0,1867.0,奧迪福斯,進口小客車車型耗能證明109年12月核發資料.csv
01235ccb338f83f8,TW,import,passenger,ice,2020,2020-08-19,VOLKSWAGEN,TOURAN 280 TSI HATCHBACK,A7,4D,1498.0,1734.0,奧迪福斯,進口小客車車型耗能證明109年8月核發資料.csv
fb4f6e1d0d77342a,TW,import,passenger,ice,2020,2020-09-21,VOLVO,S60 B4,A8,4D,1969.0,1777.0,國際富豪,進口小客車車型耗能證明109年9月核發資料.csv
2f302b6c0b11907c,TW,import,passenger,ice,2020,2020-09-21,VOLVO,S60 B5 AWD,A8,4D,1969.0,1923.0,國際富豪,進口小客車車型耗能證明109年9月核發資料.csv
042b993dc4e20c68,TW,import,passenger,ice,2020,2020-09-16,VOLVO,V60 B4,A8,5D,1969.0,1806.0,國際富豪,進口小客車車型耗能證明109年9月核發資料.csv
d6c0c121347ca7f9,TW,import,passenger,ice,2020,2020-09-16,VOLVO,V60 B5 AWD,A8,5D,1969.0,1950.0,國際富豪,進口小客車車型耗能證明109年9月核發資料.csv
412dc86372abd63d,TW,import,passenger,ice,2020,2020-09-21,VOLVO,V90 Cross Country B5 AWD,A8,5D,1969.0,2007.0,國際富豪,進口小客車車型耗能證明109年9月核發資料.csv
35fd0cba8a69d8f2,TW,import,passenger,ice,2020,2020-09-24,VOLVO,V90 Cross Country B6 AWD,A8,5D,1969.0,2046.0,國際富豪,進口小客車車型耗能證明109年9月核發資料.csv
258a3a83ffcad7fa,TW,import,passenger,ice,2020,2020-09-01,VOLVO,XC40 B4,A8,5D,1969.0,1809.0,國際富豪,進口小客車車型耗能證明109年9月核發資料.csv
0f9012dafd8cd0a8,TW,import,passenger,ice,2020,2020-09-01,VOLVO,XC40 B5 AWD,A8,5D,1969.0,1871.0,國際富豪,進口小客車車型耗能證明109年9月核發資料.csv
69f4c0156f145d85,TW,import,passenger,ice,2020,2020-07-31,VOLVO,XC40 T3,A8,5D,1477.0,1708.0,國際富豪,進口小客車車型耗能證明109年7月核發資料.csv
9745d8d3ada2af74,TW,import,passenger,ice,2020,2020-09-07,VOLVO,XC60 B4,A8,5D,1969.0,1962.0,國際富豪,進口小客車車型耗能證明109年9月核發資料.csv
d3145a4ec1619c67,TW,import,passenger,ice,2020,2020-01-21,VOLVO,XC60 B5 AWD,A8,5D,1969.0,2024.0,國際富豪,進口小客車車型耗能證明109年1月核發資料.csv
130a0f5383c7424b,TW,import,passenger,ice,2020,2020-03-23,VOLVO,XC90 B5 AWD,A8,5D,1969.0,2211.0,國際富豪,進口小客車車型耗能證明109年3月核發資料.csv
21a9f53929055f2d,TW,domestic,passenger,ice,2020,2020-04-23,三陽,ELANTRA ADG-P,A6,4D,1591,1372,三陽工業,國產小客車車型耗能證明109年4月核發資料.csv
d09b66606a9ec20c,TW,domestic,passenger,ice,2020,2020-05-04,三陽,ELANTRA ADG-Q,A6,4D,1591.0,1387.0,三陽工業,國產小客車車型耗能證明109年5月核發資料.csv
702f33b6bf9db831,TW,domestic,passenger,ice,2020,2020-09-09,三陽,ELANTRA ADG-R,A6,4D,1591.0,1408.0,三陽工業,國產小客車車型耗能證明109年9月核發資料.csv
1751f0f6643ab742,TW,domestic,passenger,ice,2020,2020-04-23,三陽,ELANTRA ADG-S,A6,4D,1591,1395,三陽工業,國產小客車車型耗能證明109年4月核發資料.csv
081c942879022d21,TW,domestic,passenger,ice,2020,2020-05-11,三陽,KONA OSG-H,A7,5D,1591.0,1453.0,三陽工業,國產小客車車型耗能證明109年5月核發資料.csv
8928abe6c599a00c,TW,domestic,passenger,ice,2020,2020-05-11,三陽,KONA OSG-K,A7,5D,1591.0,1536.0,三陽工業,國產小客車車型耗能證明109年5月核發資料.csv
164315ecf00c1c5c,TW,domestic,passenger,ice,2020,2020-08-10,三陽,VENUE QXG-A,CVT,5D,1598.0,1276.0,三陽工業,國產小客車車型耗能證明109年8月核發資料.csv
2d8e55a8211c1f4e,TW,domestic,passenger,ice,2020,2020-08-10,三陽,VENUE QXG-B,CVT,5D,1598.0,1286.0,三陽工業,國產小客車車型耗能證明109年8月核發資料.csv
eb81230e6eb4f9b6,TW,domestic,passenger,ice,2020,2020-07-27,三陽,VENUE QXG-C,CVT,5D,1598.0,1296.0,三陽工業,國產小客車車型耗能證明109年7月核發資料.csv
67e6318db0c09886,TW,domestic,passenger,ice,2020,2020-02-25,中華,OUTLANDER RE241HB5A,CVT,5D,2359,1585,中華汽車,國產小客車車型耗能證明109年2月核發資料.csv
9817cb04eb340c9b,TW,domestic,passenger,ice,2020,2020-03-03,中華,OUTLANDER RE241HB7A,CVT,5D,2359.0,1604.0,中華汽車,國產小客車車型耗能證明109年3月核發資料.csv
81dcf600d2ecff92,TW,domestic,passenger,ice,2020,2020-02-25,中華,OUTLANDER RE241HB7DA,CVT,5D,2359,1646,中華汽車,國產小客車車型耗能證明109年2月核發資料.csv
2dd3f9fb8f0f6429,TW,domestic,passenger,ice,2020,2020-09-09,國瑞,COROLLA CROSS HYBRID ZVG10L-EHXEBR,CVT,5D,1798.0,1515.0,國瑞汽車,國產小客車車型耗能證明109年9月核發資料.csv
d9f8207e1dde130e,TW,domestic,passenger,ice,2020,2020-09-14,國瑞,COROLLA CROSS HYBRID ZVG10L-EHXGBR,CVT,5D,1798.0,1497.0,國瑞汽車,國產小客車車型耗能證明109年9月核發資料.csv
96624b6b24991a92,TW,domestic,passenger,ice,2020,2020-09-14,國瑞,COROLLA CROSS HYBRID ZVG10L-EHXNBR,CVT,5D,1798.0,1490.0,國瑞汽車,國產小客車車型耗能證明109年9月核發資料.csv
7a18bbaec22cbc5d,TW,domestic,passenger,ice,2020,2020-09-14,國瑞,COROLLA CROSS ZSG10L-EHXGKR,CVT,5D,1798.0,1423.0,國瑞汽車,國產小客車車型耗能證明109年9月核發資料.csv
ba5846c6b3307f75,TW,domestic,passenger,ice,2020,2020-09-09,國瑞,COROLLA CROSS ZSG10L-EHXJKR,CVT,5D,1798.0,1432.0,國瑞汽車,國產小客車車型耗能證明109年9月核發資料.csv
d63ce5f899dc9859,TW,domestic,passenger,ice,2020,2020-09-14,國瑞,COROLLA CROSS ZSG10L-EHXNKR,CVT,5D,1798.0,1434.0,國瑞汽車,國產小客車車型耗能證明109年9月核發資料.csv
5045196e655dde7a,TW,domestic,passenger,ice,2020,2020-04-10,國瑞,COROLLA HYBRID ZWE211L-GEXVBR,CVT,4D,1798,1504,國瑞汽車,國產小客車車型耗能證明109年4月核發資料.csv
635430216160ae64,TW,domestic,passenger,ice,2020,2020-09-09,國瑞,COROLLA HYBRID ZWE211L-GEXVBR (R16),CVT,4D,1798.0,1489.0,國瑞汽車,國產小客車車型耗能證明109年9月核發資料.csv
2d1305b980af6fcc,TW,domestic,passenger,ice,2020,2020-04-01,國瑞,COROLLA ZRE211L-GEXDKR,CVT,4D,1798,1388,國瑞汽車,國產小客車車型耗能證明109年4月核發資料.csv
041439563eb32ff7,TW,domestic,passenger,ice,2020,2020-04-10,國瑞,COROLLA ZRE211L-GEXEKR,CVT,4D,1798,1397,國瑞汽車,國產小客車車型耗能證明109年4月核發資料.csv
0a52654811fbda42,TW,domestic,passenger,ice,2020,2020-04-08,國瑞,COROLLA ZRE211L-GEXGKR,CVT,4D,1798,1423,國瑞汽車,國產小客車車型耗能證明109年4月核發資料.csv
6a6fd336289797a9,TW,domestic,passenger,ice,2020,2020-11-10,國瑞,SIENTA ZSP170L-MNXWPR,CVT,5D,1798.0,1424.0,國瑞汽車,國產小客車車型耗能證明109年11月核發資料.csv
f49084710b24e0d9,TW,domestic,passenger,ice,2020,2020-07-27,國瑞,SIENTA ZSP170L-MWXDPR,CVT,5D,1798.0,1451.0,國瑞汽車,國產小客車車型耗能證明109年7月核發資料.csv
58a405c2cf77957c,TW,domestic,passenger,ice,2020,2020-07-27,國瑞,SIENTA ZSP170L-MWXNPR,CVT,5D,1798.0,1481.0,國瑞汽車,國產小客車車型耗能證明109年7月核發資料.csv
2325325697fa7b05,TW,domestic,passenger,ice,2020,2020-07-16,國瑞,SIENTA ZSP170L-MWXQPR,CVT,5D,1798.0,1478.0,國瑞汽車,國產小客車車型耗能證明109年7月核發資料.csv
d5945eee5bca467b,TW,domestic,passenger,ice,2020,2020-07-16,國瑞,VIOS NSP151L-FEXDKR,CVT,4D,1496.0,1179.0,國瑞汽車,國產小客車車型耗能證明109年7月核發資料.csv
d3b00d59158d2860,TW,domestic,passenger,ice,2020,2020-07-27,國瑞,VIOS NSP151L-FEXRKR,CVT,4D,1496.0,1197.0,國瑞汽車,國產小客車車型耗能證明109年7月核發資料.csv
065a5ab005b80ce5,TW,domestic,passenger,ice,2020,2020-07-16,國瑞,VIOS NSP151L-FEXVKR,CVT,4D,1496.0,1200.0,國瑞汽車,國產小客車車型耗能證明109年7月核發資料.csv
83652a87204e3ab5,TW,domestic,passenger,ice,2020,2020-07-29,國瑞,YARIS NSP151L-FHXGKR,CVT,4D,1496.0,1208.0,國瑞汽車,國產小客車車型耗能證明109年7月核發資料.csv
ab39381857aebe24,TW,domestic,passenger,ice,2020,2020-12-07,國瑞,YARIS NSP151L-FHXRKR,CVT,4D,1496.0,1171.0,國瑞汽車,國產小客車車型耗能證明109年12月核發資料.csv
1146df7bf2d92b3b,TW,domestic,passenger,ice,2020,2020-07-21,國瑞,YARIS NSP151L-FHXRKR,CVT,4D,1496.0,1183.0,國瑞汽車,國產小客車車型耗能證明109年7月核發資料.csv
8c0f1a6f870fff1f,TW,domestic,passenger,ice,2020,2020-07-16,國瑞,YARIS NSP151L-FHXVKR,CVT,4D,1496.0,1231.0,國瑞汽車,國產小客車車型耗能證明109年7月核發資料.csv
4cdc8c1526a711f2,TW,domestic,passenger,ice,2020,2020-05-08,日產,KICKS P15 FVA,CVT,5D,1498.0,1260.0,裕隆汽車,國產小客車車型耗能證明109年5月核發資料.csv
27e38f9775ed9e5a,TW,domestic,passenger,ice,2020,2020-08-12,日產,SENTRA B18 GS,CVT,4D,1598.0,1380.0,裕隆汽車,國產小客車車型耗能證明109年8月核發資料.csv
ab4efd11e36cebf6,TW,domestic,passenger,ice,2020,2020-07-15,日產,TIIDA C12 GH,CVT,5D,1598.0,1329.0,裕隆汽車,國產小客車車型耗能證明109年7月核發資料.csv
3ab6dc3090693949,TW,domestic,passenger,ice,2020,2020-09-09,日產,X-TRAIL T32 LVCB,CVT,5D,2488.0,1706.0,裕隆汽車,國產小客車車型耗能證明109年9月核發資料.csv
cc1eb0df3fb53f6a,TW,domestic,passenger,ice,2020,2020-09-09,日產,X-TRAIL T32 TVAB,CVT,5D,1997.0,1603.0,裕隆汽車,國產小客車車型耗能證明109年9月核發資料.csv
8bb02f9822b57186,TW,domestic,passenger,ice,2020,2020-04-27,本田,HR-V 1.8 RS,CVT,5D,1799,1366,台灣本田,國產小客車車型耗能證明109年4月核發資料.csv
a07b90150c37ef4d,TW,domestic,passenger,ice,2020,2020-06-01,本田,HR-V 1.8 S THWS,CVT,5D,1799.0,1376.0,台灣本田,國產小客車車型耗能證明109年6月核發資料.csv
c9b2aed659f73ee7,TW,domestic,passenger,ice,2020,2020-06-01,本田,HR-V 1.8 VTi-S THWS,CVT,5D,1799.0,1371.0,台灣本田,國產小客車車型耗能證明109年6月核發資料.csv
44feed2f4a784504,TW,domestic,passenger,ice,2020,2020-11-24,福特六和,FOCUS ACTIVE C519-2R,A8,5D,1497.0,1464.0,福特六和,國產小客車車型耗能證明109年11月核發資料.csv
a30f57c9b3ff381b,TW,domestic,passenger,ice,2020,2020-11-19,福特六和,FOCUS ACTIVE C519-3R,A8,5D,1497.0,1474.0,福特六和,國產小客車車型耗能證明109年11月核發資料.csv
e8585f459a58dada,TW,domestic,passenger,ice,2020,2020-08-05,福特六和,FOCUS C519-AR,A6,4D,1497.0,1387.0,福特六和,國產小客車車型耗能證明109年8月核發資料.csv
3d0ded9a766c9dfd,TW,domestic,passenger,ice,2020,2020-08-05,福特六和,FOCUS C519-BR,A8,4D,1497.0,1421.0,福特六和,國產小客車車型耗能證明109年8月核發資料.csv
8e416e8187417255,TW,domestic,passenger,ice,2020,2020-08-05,福特六和,FOCUS C519-CR,A8,4D,1497.0,1465.0,福特六和,國產小客車車型耗能證明109年8月核發資料.csv
5fa442368aa57485,TW,domestic,passenger,ice,2020,2020-08-05,福特六和,FOCUS C519-DR,A8,4D,1497.0,1486.0,福特六和,國產小客車車型耗能證明109年8月核發資料.csv
0263549d2b75d5a3,TW,domestic,passenger,ice,2020,2020-08-05,福特六和,FOCUS C519-FR,A6,5D,1497.0,1385.0,福特六和,國產小客車車型耗能證明109年8月核發資料.csv
a63b69617f54af28,TW,domestic,passenger,ice,2020,2020-08-05,福特六和,FOCUS C519-GR,A8,5D,1497.0,1421.0,福特六和,國產小客車車型耗能證明109年8月核發資料.csv
ed165e465a10ad95,TW,domestic,passenger,ice,2020,2020-08-10,福特六和,FOCUS C519-HR,A8,5D,1497.0,1454.0,福特六和,國產小客車車型耗能證明109年8月核發資料.csv
066353c34e46f699,TW,domestic,passenger,ice,2020,2020-08-05,福特六和,FOCUS C519-JR,A8,5D,1497.0,1481.0,福特六和,國產小客車車型耗能證明109年8月核發資料.csv
8872c17a8c402fee,TW,import,passenger,ice,2021,2021-12-08,ASTON MARTIN,DB11 V8,A8,2D,3982.0,1945.0,永三汽車,進口小客車車型耗能證明110年12月核發資料.csv
be27897901a93274,TW,import,passenger,ice,2021,2021-06-08,ASTON MARTIN,VANTAGE,M7,2D,3982.0,1771.0,永三汽車,進口小客車車型耗能證明110年6月核發資料.csv
10bc4466c4afed23,TW,import,passenger,ice,2021,2021-10-26,ASTON MARTIN,VANTAGE F1 EDITION,A8,2D,3982.0,1846.0,永三汽車,進口小客車車型耗能證明110年10月核發資料.csv
306fc01c58db3076,TW,import,passenger,ice,2021,2021-03-17,ASTON MARTIN,VANTAGE ROADSTER,A8,2D,3982.0,1902.0,永三汽車,進口小客車車型耗能證明110年3月核發資料.csv
71ad43cf0e2891bb,TW,import,passenger,ice,2021,2021-04-01,AUDI,A3 SPORTBACK 30 TFSI HATCHBACK,A7,4D,999.0,1406.0,奧迪福斯,進口小客車車型耗能證明110年4月核發資料.csv
fc21f791f4e133a7,TW,import,passenger,ice,2021,2021-05-28,AUDI,A3 SPORTBACK 35 TFSI HATCHBACK,A7,4D,1498.0,1463.0,奧迪福斯,進口小客車車型耗能證明110年5月核發資料.csv
98e538fd08929601,TW,import,passenger,ice,2021,2021-10-08,AUDI,A4 40 TFSI,A7,4D,1984.0,1617.0,奧迪福斯,進口小客車車型耗能證明110年10月核發資料.csv
a7b273c5a8c8845c,TW,import,passenger,ice,2021,2021-10-08,AUDI,A4 AVANT 40 TFSI HATCHBACK,A7,4D,1984.0,1660.0,奧迪福斯,進口小客車車型耗能證明110年10月核發資料.csv
12b2c8b08698398a,TW,import,passenger,ice,2021,2021-04-01,AUDI,Q2 35 TFSI HATCHBACK,A7,4D,1498.0,1431.0,奧迪福斯,進口小客車車型耗能證明110年4月核發資料.csv
fec9345d5ce05a8c,TW,import,passenger,ice,2021,2021-02-23,AUDI,Q5 45 TFSI quattro HATCHBACK,A7,4D,1984.0,1952.0,奧迪福斯,進口小客車車型耗能證明110年2月核發資料.csv
d28d8b3502b3ce4c,TW,import,passenger,ice,2021,2021-07-05,AUDI,Q5 SPORTBACK 45 TFSI quattro HATCHBACK,A7,4D,1984.0,1937.0,奧迪福斯,進口小客車車型耗能證明110年7月核發資料.csv
7388d0626779c85c,TW,import,passenger,ice,2021,2021-03-22,AUDI,R8 quattro,A7,2D,5204.0,1765.0,奧迪福斯,進口小客車車型耗能證明110年3月核發資料.csv
a4b997821d12d1cf,TW,import,passenger,ice,2021,2021-11-24,AUDI,RS5 COUPE quattro,A8,2D,2894.0,1863.0,奧迪福斯,進口小客車車型耗能證明110年11月核發資料.csv
3d2d32f89ec5fcb7,TW,import,passenger,ice,2021,2021-02-18,AUDI,RS5 SPORTBACK quattro,A8,4D,2894.0,1915.0,奧迪福斯,進口小客車車型耗能證明110年2月核發資料.csv
cf24acb0ee80de56,TW,import,passenger,ice,2021,2021-12-21,AUDI,RSQ3 quattro HATCHBACK,A7,4D,2480.0,1881.0,奧迪福斯,進口小客車車型耗能證明110年12月核發資料.csv
f25c4693d06ad6e5,TW,import,passenger,ice,2021,2021-04-09,AUDI,S3 SPORTBACK quattro HATCHBACK,A7,4D,1984.0,1663.0,奧迪福斯,進口小客車車型耗能證明110年4月核發資料.csv
8aafcf854376ea8d,TW,import,passenger,ice,2021,2021-01-25,AUDI,S8 quattro,A8,4D,3996.0,2412.0,奧迪福斯,進口小客車車型耗能證明110年1月核發資料.csv
89f67a4f967f0758,TW,import,passenger,ice,2021,2021-05-28,AUDI,SQ2 quattro HATCHBACK,A7,4D,1984.0,1652.0,奧迪福斯,進口小客車車型耗能證明110年5月核發資料.csv
b1d3c3c61e8b5160,TW,import,passenger,ice,2021,2021-07-05,AUDI,TTRS quattro HATCHBACK,A7,2D,2480.0,1603.0,奧迪福斯,進口小客車車型耗能證明110年7月核發資料.csv
6fbbe90f890f0f57,TW,import,passenger,bev,2021,,AUDI,e-tron 50 quattro HATCHBACK,A1,4D,,2551.0,奧迪福斯,電動小客車能源效率標示110年12月核發資料.csv
cd5d121c16a382af,TW,import,passenger,bev,2021,,AUDI,e-tron 55 quattro HATCHBACK,A1,4D,,2666.0,奧迪福斯,電動小客車能源效率標示110年12月核發資料.csv
b34a795512d59453,TW,import,passenger,bev,2021,,AUDI,e-tron SPORTBACK 50 quattro HATCHBACK,A1,4D,,2559.0,奧迪福斯,電動小客車能源效率標示110年12月核發資料.csv
fb9c7c5a1cc8dab3,TW,import,passenger,bev,2021,,AUDI,e-tron SPORTBACK 55 quattro HATCHBACK,A1,4D,,2707.0,奧迪福斯,電動小客車能源效率標示110年12月核發資料.csv
b777572601b9365e,TW,import,passenger,ice,2021,2021-12-21,Audi,A3 SPORTBACK 40 TFSI quattro HATCHBACK,A7,4D,1984.0,1600.0,奧迪福斯,進口小客車車型耗能證明110年12月核發資料.csv
dae23fb607f95089,TW,import,passenger,ice,2021,2021-12-24,Audi,A6 AVANT 45 TFSI quattro HATCHBACK,A7,4D,1984.0,1898.0,奧迪福斯,進口小客車車型耗能證明110年12月核發資料.csv
acb3a9589b80dca6,TW,import,passenger,ice,2021,2021-12-01,Audi,A7 45 TFSI quattro,A7,4D,1984.0,1921.0,奧迪福斯,進口小客車車型耗能證明110年12月核發資料.csv
67f9219e0edbbe3f,TW,import,passenger,ice,2021,2021-12-07,Audi,Q3 35 TFSI HATCHBACK,A7,4D,1498.0,1636.0,奧迪福斯,進口小客車車型耗能證明110年12月核發資料.csv
7e596cb1e0844eed,TW,import,passenger,ice,2021,2021-12-09,Audi,Q3 40 TFSI quattro HATCHBACK,A7,4D,1984.0,1748.0,奧迪福斯,進口小客車車型耗能證明110年12月核發資料.csv
318ac86f6c7d4f97,TW,import,passenger,ice,2021,2021-12-07,Audi,Q3 SPORTBACK 35 TFSI HATCHBACK,A7,4D,1498.0,1631.0,奧迪福斯,進口小客車車型耗能證明110年12月核發資料.csv
1c1f75d14652da04,TW,import,passenger,ice,2021,2021-12-03,Audi,Q3 SPORTBACK 40 TFSI quattro HATCHBACK,A7,4D,1984.0,1753.0,奧迪福斯,進口小客車車型耗能證明110年12月核發資料.csv
feb0e156ff343286,TW,import,passenger,bev,2021,,Audi,RS e-tron GT quattro HATCHBACK,A1,4D,,2484.0,奧迪福斯,電動小客車能源效率標示110年12月核發資料.csv
783588baa8946993,TW,import,passenger,bev,2021,,Audi,e-tron GT quattro HATCHBACK,A1,4D,,2424.0,奧迪福斯,電動小客車能源效率標示110年12月核發資料.csv
a7f00ed1dda539ff,TW,import,passenger,ice,2021,2021-10-14,BENTLEY,CONTINENTAL GT SPEED,A8,2D,5950.0,2410.0,永三汽車,進口小客車車型耗能證明110年10月核發資料.csv
a847c6766757d7f0,TW,import,passenger,ice,2021,2021-01-27,BENTLEY,FLYING SPUR V8,A8,4D,3996.0,2574.0,永三汽車,進口小客車車型耗能證明110年1月核發資料.csv
2696d23f350a7764,TW,import,passenger,ice,2021,2021-02-08,BMW,118I HATCH,A7,5D,1499.0,1485.0,汎德公司,進口小客車車型耗能證明110年2月核發資料.csv
6cb681b7ac77e5aa,TW,import,passenger,ice,2021,2021-02-08,BMW,120I HATCH,A7,5D,1998.0,1510.0,汎德公司,進口小客車車型耗能證明110年2月核發資料.csv
e0b9f6a64393798c,TW,import,passenger,ice,2021,2021-09-24,BMW,128TI HATCH,A8,5D,1998,1579,汎德公司,進口小客車車型耗能證明110年8月核發資料.csv
67d7d9fea81c3ee9,TW,import,passenger,ice,2021,2021-02-08,BMW,218I ACTIVE TOURER,A7,5D,1499.0,1581.0,汎德公司,進口小客車車型耗能證明110年2月核發資料.csv
43ab5b6069b0448e,TW,import,passenger,ice,2021,2021-02-08,BMW,218I GRAN COUPE,A7,4D,1499.0,1509.0,汎德公司,進口小客車車型耗能證明110年2月核發資料.csv
155e1a7f6460373d,TW,import,passenger,ice,2021,2021-11-24,BMW,220I COUPE MX,A8,2D,1998.0,1637.0,汎德公司,進口小客車車型耗能證明110年11月核發資料.csv
e9691b6353e99c3c,TW,import,passenger,ice,2021,2021-02-08,BMW,220I GRAN COUPE,A7,4D,1998.0,1546.0,汎德公司,進口小客車車型耗能證明110年2月核發資料.csv
0a4b3e99b73dc286,TW,import,passenger,ice,2021,2021-02-09,BMW,220I GRAN TOURER,A7,5D,1998.0,1704.0,汎德公司,進口小客車車型耗能證明110年2月核發資料.csv
dc45255bc781d962,TW,import,passenger,ice,2021,2021-02-09,BMW,318I SEDAN MX,A8,4D,1998.0,1620.0,汎德公司,進口小客車車型耗能證明110年2月核發資料.csv
afcdc6aa378fc1e9,TW,import,passenger,ice,2021,2021-03-30,BMW,330I SEDAN MX,A8,4D,1998.0,1714.0,汎德公司,進口小客車車型耗能證明110年3月核發資料.csv
4f719be6dfc032e6,TW,import,passenger,ice,2021,2021-02-08,BMW,330I TOURING,A8,5D,1998.0,1799.0,汎德公司,進口小客車車型耗能證明110年2月核發資料.csv
c4eff32fd5c06e2d,TW,import,passenger,ice,2021,2021-10-12,BMW,420I GRAN COUPE,A8,5D,1998.0,1752.0,汎德公司,進口小客車車型耗能證明110年10月核發資料.csv
136b9866b2a48f6c,TW,import,passenger,ice,2021,2021-10-13,BMW,430I CONVERTIBLE,A8,2D,1998.0,1856.0,汎德公司,進口小客車車型耗能證明110年10月核發資料.csv
8f07636c4f94a5d8,TW,import,passenger,ice,2021,2021-05-25,BMW,430I CONVERTIBLE,A8,2D,1998.0,1855.0,汎德公司,進口小客車車型耗能證明110年5月核發資料.csv
98b0cb2ee0f25f72,TW,import,passenger,ice,2021,2021-09-24,BMW,430I COUPE,A8,2D,1998,1709,汎德公司,進口小客車車型耗能證明110年8月核發資料.csv
d42f0342a3ccf517,TW,import,passenger,ice,2021,2021-10-12,BMW,430I GRAN COUPE,A8,5D,1998.0,1823.0,汎德公司,進口小客車車型耗能證明110年10月核發資料.csv
6c7a96e453a5cee4,TW,import,passenger,ice,2021,2021-02-08,BMW,750LI XDRIVE SEDAN,A8,4D,4395.0,2234.0,汎德公司,進口小客車車型耗能證明110年2月核發資料.csv
bf9454630e888d38,TW,import,passenger,ice,2021,2021-02-08,BMW,840I GRAN COUPE,A8,4D,2998.0,1967.0,汎德公司,進口小客車車型耗能證明110年2月核發資料.csv
b8f24f64b8e014e3,TW,import,passenger,ice,2021,2021-02-08,BMW,M135I XDRIVE HATCH,A8,5D,1998.0,1653.0,汎德公司,進口小客車車型耗能證明110年2月核發資料.csv
863b254a962680ba,TW,import,passenger,ice,2021,2021-02-08,BMW,M235I XDRIVE GRAN COUPE,A8,4D,1998.0,1684.0,汎德公司,進口小客車車型耗能證明110年2月核發資料.csv
5ae9f91013e0509f,TW,import,passenger,ice,2021,2021-11-24,BMW,M240I XDRIVE COUPE MX,A8,2D,2998.0,1833.0,汎德公司,進口小客車車型耗能證明110年11月核發資料.csv
8ffad2653ba1884d,TW,import,passenger,ice,2021,2021-09-24,BMW,M3 COMPETITION M XDRIVE SEDAN,A8,4D,2993,1885,汎德公司,進口小客車車型耗能證明110年8月核發資料.csv
f289124ef27c2d05,TW,import,passenger,ice,2021,2021-04-21,BMW,M3 COMPETITION SEDAN,A8,4D,2993.0,1838.0,汎德公司,進口小客車車型耗能證明110年4月核發資料.csv
8532bf96a11a0f32,TW,import,passenger,ice,2021,2021-02-18,BMW,M340I XDRIVE SEDAN MX,A8,4D,2998.0,1869.0,汎德公司,進口小客車車型耗能證明110年2月核發資料.csv
6dfcaaea3786f0a5,TW,import,passenger,ice,2021,2021-02-08,BMW,M340I XDRIVE TOURING,A8,5D,2998.0,1952.0,汎德公司,進口小客車車型耗能證明110年2月核發資料.csv
2d52faa32bedc9bd,TW,import,passenger,ice,2021,2021-04-21,BMW,M4 COMPETITION COUPE,A8,2D,2993.0,1822.0,汎德公司,進口小客車車型耗能證明110年4月核發資料.csv
a609e22e2bfb9987,TW,import,passenger,ice,2021,2021-09-24,BMW,M4 COMPETITION M XDRIVE COUPE,A8,2D,2993,1873,汎德公司,進口小客車車型耗能證明110年8月核發資料.csv
7baaaf3bc7a51ca4,TW,import,passenger,ice,2021,2021-02-18,BMW,M550I XDRIVE SEDAN,A8,4D,4395.0,2050.0,汎德公司,進口小客車車型耗能證明110年2月核發資料.csv
8e79accee964f554,TW,import,passenger,ice,2021,2021-02-09,BMW,M850I XDRIVE COUPE,A8,2D,4395.0,2049.0,汎德公司,進口小客車車型耗能證明110年2月核發資料.csv
6703debf7c18e7a7,TW,import,passenger,ice,2021,2021-02-09,BMW,M850I XDRIVE GRAN COUPE,A8,4D,4395.0,2166.0,汎德公司,進口小客車車型耗能證明110年2月核發資料.csv
ea0ebc19e9cf3372,TW,import,passenger,ice,2021,2021-12-09,BMW,X1 SDRIVE18I,A7,5D,1499.0,1625.0,汎德公司,進口小客車車型耗能證明110年12月核發資料.csv
09952c6dd0b5445c,TW,import,passenger,ice,2021,2021-02-18,BMW,X1 SDRIVE18I,A7,5D,1499.0,1621.0,汎德公司,進口小客車車型耗能證明110年2月核發資料.csv
5be56632a43e0d4a,TW,import,passenger,ice,2021,2021-11-29,BMW,X1 SDRIVE20I,A7,5D,1998.0,1653.0,汎德公司,進口小客車車型耗能證明110年11月核發資料.csv
04185c0655993629,TW,import,passenger,ice,2021,2021-02-18,BMW,X1 SDRIVE20I,A7,5D,1998.0,1665.0,汎德公司,進口小客車車型耗能證明110年2月核發資料.csv
32ea9e6b6e794a45,TW,import,passenger,ice,2021,2021-05-25,BMW,X2 SDRIVE18I,A7,5D,1499.0,1608.0,汎德公司,進口小客車車型耗能證明110年5月核發資料.csv
bbace48c55ed2251,TW,import,passenger,ice,2021,2021-05-25,BMW,X2 SDRIVE20I,A7,5D,1998.0,1641.0,汎德公司,進口小客車車型耗能證明110年5月核發資料.csv
efd330a5d96e378e,TW,import,passenger,ice,2021,2021-07-26,CITROEN,C5 AIRCROSS,A8,5D,1199.0,1617.0,寶嘉聯合,進口小客車車型耗能證明110年7月核發資料.csv
e1cba4b18f098d6f,TW,import,passenger,ice,2021,2021-01-18,CITROEN,C5 AIRCROSS,A8,5D,1598.0,1625.0,寶嘉聯合,進口小客車車型耗能證明110年1月核發資料.csv
5f5ef2072551d06d,TW,import,passenger,ice,2021,2021-04-28,FERRARI,PORTOFINO M,A8,2D,3855.0,1901.0,臺灣蒙地拿,進口小客車車型耗能證明110年4月核發資料.csv
a060239f34a1e0ca,TW,import,passenger,bev,2021,,FIAT,NEW 500e,A1,4D,,1447.0,新北市公會,電動小客車能源效率標示110年12月核發資料.csv
d913cb2aa2efbfe8,TW,import,passenger,ice,2021,2021-08-09,FORD,FOCUS ST,M6,5D,2261.0,1589.0,福特六和,進口小客車車型耗能證明110年8月核發資料.csv
899bbae22d4b554d,TW,import,passenger,ice,2021,,FORD,FOCUS ST WAGON,A7,5D,2261.0,1638.0,福特六和,進口小客車車型耗能證明110年5月核發資料.csv
570d966b3c44e100,TW,import,passenger,ice,2021,2021-07-02,FORD,MONDEO WAGON,A8,5D,1995.0,1974.0,福特六和,進口小客車車型耗能證明110年7月核發資料.csv
7dc33853c9de06b9,TW,import,passenger,ice,2021,2021-09-17,FORD,MONDEO WAGON HYBRID,CVT,5D,1999,1778,福特六和,進口小客車車型耗能證明110年8月核發資料.csv
e9b7ff39e5369b36,TW,import,passenger,ice,2021,2021-04-28,FORD,MUSTANG GT,A10,2D,5038.0,1885.0,福特六和,進口小客車車型耗能證明110年4月核發資料.csv
ddbd80ea34b6f46e,TW,import,passenger,ice,2021,2021-06-02,HYUNDAI,KONA-J,A7,5D,1598.0,1450.0,三陽工業,進口小客車車型耗能證明110年6月核發資料.csv
93eef00744a563f7,TW,import,passenger,ice,2021,2021-06-02,HYUNDAI,KONA-K,A7,5D,1598.0,1448.0,三陽工業,進口小客車車型耗能證明110年6月核發資料.csv
6e94b11405b178df,TW,import,passenger,ice,2021,2021-05-25,HYUNDAI,KONA-L,A7,5D,1598.0,1478.0,三陽工業,進口小客車車型耗能證明110年5月核發資料.csv
2dd9fe5036e10ac1,TW,import,passenger,bev,2021,,HYUNDAI,KONA-M,A1,5D,,1652.0,三陽工業,電動小客車能源效率標示110年12月核發資料.csv
9ccb2cad5dfa3dc1,TW,import,passenger,bev,2021,,HYUNDAI,KONA-N,A1,5D,,1785.0,三陽工業,電動小客車能源效率標示110年12月核發資料.csv
4cb0cba265a0b154,TW,import,passenger,ice,2021,2021-04-07,HYUNDAI,Santa Fe-D,A8,5D,2151.0,1920.0,三陽工業,進口小客車車型耗能證明110年4月核發資料.csv
94ad716918d837ce,TW,import,passenger,ice,2021,2021-09-17,HYUNDAI,Santa Fe-G,A6,5D,1598,1910,三陽工業,進口小客車車型耗能證明110年8月核發資料.csv
e8a486a9d2a4bce3,TW,import,passenger,ice,2021,2021-09-28,HYUNDAI,Santa Fe-H,A6,5D,1598,1933,三陽工業,進口小客車車型耗能證明110年8月核發資料.csv
9411d8df0a68f731,TW,import,passenger,ice,2021,2021-09-17,HYUNDAI,Santa Fe-I,A6,5D,1598,1947,三陽工業,進口小客車車型耗能證明110年8月核發資料.csv
6eedf7c8e65f559a,TW,import,passenger,ice,2021,2021-04-19,HYUNDAI(註一),Santa Fe-E,A8,5D,2151.0,2022.0,三陽工業,進口小客車車型耗能證明110年4月核發資料.csv
ddec912669f122a9,TW,import,passenger,ice,2021,2021-04-19,HYUNDAI(註一),Santa Fe-F,A8,5D,2151.0,1890.0,三陽工業,進口小客車車型耗能證明110年4月核發資料.csv
a4e2b8f921db83c7,TW,import,passenger,ice,2021,2021-06-21,INFINITI,QX50 AWD,CVT,5D,1997.0,2001.0,裕隆汽車,進口小客車車型耗能證明110年6月核發資料.csv
1f6589718434369b,TW,import,passenger,ice,2021,2021-06-21,INFINITI,QX50 FWD,CVT,5D,1997.0,1901.0,裕隆汽車,進口小客車車型耗能證明110年6月核發資料.csv
1569d4ec9af35588,TW,import,passenger,ice,2021,2021-06-21,INFINITI,QX55 AWD,CVT,5D,1997.0,1989.0,裕隆汽車,進口小客車車型耗能證明110年6月核發資料.csv
338a3526ec8a6fd7,TW,import,passenger,ice,2021,2021-06-21,INFINITI,QX55 FWD,CVT,5D,1997.0,1925.0,裕隆汽車,進口小客車車型耗能證明110年6月核發資料.csv
2332b3cff1b1eec7,TW,import,passenger,ice,2021,2021-03-29,JAGUAR,E-PACE 147kW,A9,5D,1997.0,2016.0,台灣捷豹,進口小客車車型耗能證明110年3月核發資料.csv
7fb2d71760d4d5bb,TW,import,passenger,ice,2021,2021-03-29,JAGUAR,E-PACE 183kW,A9,5D,1997.0,2027.0,台灣捷豹,進口小客車車型耗能證明110年3月核發資料.csv
62ddcb03a3597a95,TW,import,passenger,ice,2021,2021-07-20,JAGUAR,F-PACE,A8,5D,5000.0,2263.0,台灣捷豹,進口小客車車型耗能證明110年7月核發資料.csv
428dce8387944804,TW,import,passenger,ice,2021,2021-03-12,JAGUAR,F-PACE 184kW,A8,5D,1997.0,2046.0,台灣捷豹,進口小客車車型耗能證明110年3月核發資料.csv
b119f6b8b602bc39,TW,import,passenger,bev,2021,,JAGUAR,I-PACE 294kW,A1,5D,,2359.0,台灣捷豹,電動小客車能源效率標示110年12月核發資料.csv
28fb04e7ce07a964,TW,import,passenger,ice,2021,2021-03-26,JAGUAR,XF,A8,4D,1997.0,1887.0,台灣捷豹,進口小客車車型耗能證明110年3月核發資料.csv
0aea229d1bf01f58,TW,import,passenger,ice,2021,2021-07-14,KIA,CEED SW B,A7,5D,1482.0,1550.0,台灣森那美,進口小客車車型耗能證明110年7月核發資料.csv
6f4e6da2540e3924,TW,import,passenger,ice,2021,2021-01-06,KIA,PICANTO PE GT,A5,5D,1197.0,1109.0,台灣森那美,進口小客車車型耗能證明110年1月核發資料.csv
4125ff23750d8c5d,TW,import,passenger,ice,2021,2021-09-27,KIA,STINGER PE EX,A8,5D,1998,1845,台灣森那美,進口小客車車型耗能證明110年8月核發資料.csv
fc3ff5f8044c7ff0,TW,import,passenger,ice,2021,2021-07-05,KIA,STINGER PE GT H,A8,5D,3342.0,2009.0,台灣森那美,進口小客車車型耗能證明110年7月核發資料.csv
70cc1f056dc37fb5,TW,import,passenger,ice,2021,2021-07-05,KIA,STINGER PE GT Line H,A8,5D,1998.0,1877.0,台灣森那美,進口小客車車型耗能證明110年7月核發資料.csv
c0db16d6fbc16199,TW,import,passenger,ice,2021,2021-04-19,KIA,STONIC PE 1.4A,A6,5D,1368.0,1299.0,台灣森那美,進口小客車車型耗能證明110年4月核發資料.csv
cd8b155f4552c303,TW,import,passenger,ice,2021,2021-04-19,KIA,STONIC PE 1.4B,A6,5D,1368.0,1300.0,台灣森那美,進口小客車車型耗能證明110年4月核發資料.csv
8e3854134b8b27f8,TW,import,passenger,ice,2021,2021-03-22,KIA,STONIC PE 1.4C,A6,5D,1368.0,1309.0,台灣森那美,進口小客車車型耗能證明110年3月核發資料.csv
a48305d36e2cee0c,TW,import,passenger,ice,2021,2021-03-22,KIA,STONIC PE M1.0B,A7,5D,998.0,1361.0,台灣森那美,進口小客車車型耗能證明110年3月核發資料.csv
05e1ff5691a371e1,TW,import,passenger,ice,2021,2021-04-19,KIA,STONIC PE M1.0C,A7,5D,998.0,1374.0,台灣森那美,進口小客車車型耗能證明110年4月核發資料.csv
1b7e789e89a83fd3,TW,import,passenger,ice,2021,2021-12-24,KIA,STONIC PE M1.0G,A7,5D,998.0,1376.0,台灣森那美,進口小客車車型耗能證明110年12月核發資料.csv
b3df49d359d4596f,TW,import,passenger,ice,2021,2021-09-02,LAMBORGHINI,HURACAN STO,A7,2D,5204,1711,嘉鎷興業,進口小客車車型耗能證明110年8月核發資料.csv
cec7807d6e9fb0ad,TW,import,passenger,ice,2021,2021-05-21,LAND ROVER,RANGE ROVER EVOQUE 4WD 147kW,A9,5D,1997.0,2046.0,台灣捷豹,進口小客車車型耗能證明110年5月核發資料.csv
314e3e16e40c248f,TW,import,passenger,ice,2021,2021-09-13,LEXUS,ES250,A8,4D,2487,1757,和泰汽車,進口小客車車型耗能證明110年8月核發資料.csv
1425341eed113321,TW,import,passenger,ice,2021,2021-11-03,LEXUS,NX200,CVT,5D,1987.0,1706.0,和泰汽車,進口小客車車型耗能證明110年11月核發資料.csv
44a50127dad011c7,TW,import,passenger,ice,2021,2021-11-02,LEXUS,NX250,A8,5D,2487.0,1749.0,和泰汽車,進口小客車車型耗能證明110年11月核發資料.csv
a3757a4ea2fa63b8,TW,import,passenger,ice,2021,2021-11-02,LEXUS,NX350,A8,5D,2393.0,1921.0,和泰汽車,進口小客車車型耗能證明110年11月核發資料.csv
c619a19735d08dc0,TW,import,passenger,ice,2021,2021-11-02,LEXUS,NX350h HYBRID,CVT,5D,2487.0,1876.0,和泰汽車,進口小客車車型耗能證明110年11月核發資料.csv
77b3eb2950ac3383,TW,import,passenger,ice,2021,2021-11-09,LEXUS,NX350h HYBRID,CVT,5D,2487.0,1831.0,和泰汽車,進口小客車車型耗能證明110年11月核發資料.csv
9d119c189d84385b,TW,import,passenger,ice,2021,2021-09-03,LEXUS,RX300,A6,5D,1998,2061,和泰汽車,進口小客車車型耗能證明110年8月核發資料.csv
f3511c7d7ebca133,TW,import,passenger,bev,2021,,LEXUS,UX300e,A1,5D,,1860.0,和泰汽車,電動小客車能源效率標示110年12月核發資料.csv
ffcea9e47ef08362,TW,import,passenger,ice,2021,2021-09-02,LOTUS,EXIGE SPORT 390,M6,2D,3456,1260,嘉鎷興業,進口小客車車型耗能證明110年8月核發資料.csv
98e38da889e8ebd5,TW,import,passenger,ice,2021,2021-09-23,MASERATI,GHIBLI GT HYBRID,A8,4D,1995,2129,臺灣蒙地拿,進口小客車車型耗能證明110年8月核發資料.csv
32603356f2f544b7,TW,import,passenger,ice,2021,2021-10-20,MASERATI,GHIBLI MODENA,A8,4D,2979.0,2138.0,臺灣蒙地拿,進口小客車車型耗能證明110年10月核發資料.csv
be4515d85d3a1ddf,TW,import,passenger,ice,2021,2021-02-08,MASERATI,GHIBLI TROFEO,A8,4D,3798.0,2201.0,臺灣蒙地拿,進口小客車車型耗能證明110年2月核發資料.csv
794c9f4fcdcd5af5,TW,import,passenger,ice,2021,2021-10-08,MASERATI,LEVANTE GT HYBRID,A8,4D,1995.0,2394.0,臺灣蒙地拿,進口小客車車型耗能證明110年10月核發資料.csv
e80e4dd638980a29,TW,import,passenger,ice,2021,2021-09-30,MASERATI,LEVANTE MODENA,A8,4D,2979,2394,臺灣蒙地拿,進口小客車車型耗能證明110年8月核發資料.csv
86ed3aa2c3a7292d,TW,import,passenger,ice,2021,2021-02-08,MASERATI,LEVANTE TROFEO,A8,4D,3798.0,2407.0,臺灣蒙地拿,進口小客車車型耗能證明110年2月核發資料.csv
1b70f6d28aa4186d,TW,import,passenger,ice,2021,2021-10-20,MASERATI,QUATTROPORTE GT,A8,4D,2979.0,2217.0,臺灣蒙地拿,進口小客車車型耗能證明110年10月核發資料.csv
500a3c284718f2ad,TW,import,passenger,ice,2021,2021-02-08,MASERATI,QUATTROPORTE TROFEO,A8,4D,3798.0,2218.0,臺灣蒙地拿,進口小客車車型耗能證明110年2月核發資料.csv
e5b7cf5ebacc30d9,TW,import,passenger,ice,2021,2021-07-27,MERCEDES-BENZ,A250,A7,5D,1991.0,1575.0,台灣賓士,進口小客車車型耗能證明110年7月核發資料.csv
139e64b8db9ebe79,TW,import,passenger,ice,2021,2021-07-27,MERCEDES-BENZ,AMG A35,A7,4D,1991.0,1684.0,台灣賓士,進口小客車車型耗能證明110年7月核發資料.csv
8caa966f11d38f8d,TW,import,passenger,ice,2021,2021-07-27,MERCEDES-BENZ,AMG A35,A7,5D,1991.0,1674.0,台灣賓士,進口小客車車型耗能證明110年7月核發資料.csv
b0fdf97f10331e50,TW,import,passenger,ice,2021,2021-07-27,MERCEDES-BENZ,AMG CLA35,A7,4D,1991.0,1719.0,台灣賓士,進口小客車車型耗能證明110年7月核發資料.csv
62470909c37f47ae,TW,import,passenger,ice,2021,2021-07-27,MERCEDES-BENZ,AMG CLA35,A7,5D,1991.0,1745.0,台灣賓士,進口小客車車型耗能證明110年7月核發資料.csv
b4ecbaec9789e5c2,TW,import,passenger,ice,2021,2021-07-27,MERCEDES-BENZ,AMG GLA35,A8,5D,1991.0,1809.0,台灣賓士,進口小客車車型耗能證明110年7月核發資料.csv
a56eb2bb458629f5,TW,import,passenger,ice,2021,2021-09-29,MERCEDES-BENZ,AMG GLB35,A8,5D,1991,1909,台灣賓士,進口小客車車型耗能證明110年8月核發資料.csv
e5c0682658053ca1,TW,import,passenger,ice,2021,2021-08-04,MERCEDES-BENZ,C 180,A9,4D,1496.0,1746.0,台灣賓士,進口小客車車型耗能證明110年8月核發資料.csv
55d0e5a944b3da03,TW,import,passenger,ice,2021,2021-08-11,MERCEDES-BENZ,C 180,A9,4D,1496.0,1761.0,台灣賓士,進口小客車車型耗能證明110年8月核發資料.csv
6da3a4a7b864a681,TW,import,passenger,ice,2021,2021-08-04,MERCEDES-BENZ,C 200,A9,4D,1496.0,1748.0,台灣賓士,進口小客車車型耗能證明110年8月核發資料.csv
c94bfbdea2b64b5e,TW,import,passenger,ice,2021,2021-08-13,MERCEDES-BENZ,C 200,A9,4D,1496.0,1796.0,台灣賓士,進口小客車車型耗能證明110年8月核發資料.csv
cf4b8825431850d1,TW,import,passenger,ice,2021,2021-08-04,MERCEDES-BENZ,C 200,A9,5D,1496.0,1801.0,台灣賓士,進口小客車車型耗能證明110年8月核發資料.csv
dd18eeeecc05aba7,TW,import,passenger,ice,2021,2021-08-04,MERCEDES-BENZ,C 300,A9,4D,1999.0,1812.0,台灣賓士,進口小客車車型耗能證明110年8月核發資料.csv
476f2a5aea25e2b9,TW,import,passenger,ice,2021,2021-08-25,MERCEDES-BENZ,C180,A9,2D,1497.0,1648.0,台灣賓士,進口小客車車型耗能證明110年8月核發資料.csv
4ee0105be8d478f8,TW,import,passenger,ice,2021,2021-09-29,MERCEDES-BENZ,C200 Cabriolet,A9,2D,1497,1820,台灣賓士,進口小客車車型耗能證明110年8月核發資料.csv
04c839501a27a547,TW,import,passenger,ice,2021,2021-03-12,MERCEDES-BENZ,CLA200,A7,4D,1332.0,1531.0,台灣賓士,進口小客車車型耗能證明110年3月核發資料.csv
63cfb90c2563a40b,TW,import,passenger,ice,2021,2021-07-27,MERCEDES-BENZ,CLA250,A7,4D,1991.0,1639.0,台灣賓士,進口小客車車型耗能證明110年7月核發資料.csv
c25906649a429164,TW,import,passenger,ice,2021,2021-02-23,MERCEDES-BENZ,CLS350,A9,4D,1991.0,1875.0,台灣賓士,進口小客車車型耗能證明110年2月核發資料.csv
cabe8e5aa6614c0f,TW,import,passenger,ice,2021,2021-06-17,MERCEDES-BENZ,CLS350,A9,4D,1991.0,1893.0,台灣賓士,進口小客車車型耗能證明110年6月核發資料.csv
48701a466e51ab2d,TW,import,passenger,ice,2021,2021-08-05,MERCEDES-BENZ,E200,A9,2D,1991.0,1852.0,台灣賓士,進口小客車車型耗能證明110年8月核發資料.csv
e08f08f74f5bd4bf,TW,import,passenger,ice,2021,2021-08-05,MERCEDES-BENZ,E200,A9,4D,1991.0,1818.0,台灣賓士,進口小客車車型耗能證明110年8月核發資料.csv
1c2dc7d46e2da20f,TW,import,passenger,ice,2021,2021-08-05,MERCEDES-BENZ,E200,A9,5D,1991.0,1889.0,台灣賓士,進口小客車車型耗能證明110年8月核發資料.csv
1f451c9b5ee5ffe2,TW,import,passenger,ice,2021,2021-08-05,MERCEDES-BENZ,E300,A9,2D,1991.0,1901.0,台灣賓士,進口小客車車型耗能證明110年8月核發資料.csv
dd539d65c754c3ee,TW,import,passenger,ice,2021,2021-09-06,MERCEDES-BENZ,E300,A9,4D,1991,1895,新北市公會,進口小客車車型耗能證明110年8月核發資料.csv
77b75c31a225cf70,TW,import,passenger,ice,2021,2021-08-05,MERCEDES-BENZ,E300,A9,4D,1991.0,1841.0,台灣賓士,進口小客車車型耗能證明110年8月核發資料.csv
8fe2eb6d2e6df391,TW,import,passenger,ice,2021,2021-08-05,MERCEDES-BENZ,E300,A9,5D,1991.0,1924.0,台灣賓士,進口小客車車型耗能證明110年8月核發資料.csv
7930ef8e4a9a53e8,TW,import,passenger,bev,2021,,MERCEDES-BENZ,EQC 400 4MATIC,A1,5D,,2590.0,台灣賓士,電動小客車能源效率標示110年12月核發資料.csv
9ca7e0dc4144d3b8,TW,import,passenger,bev,2021,,MERCEDES-BENZ,EQS 450+,A1,5D,,2608.0,台灣賓士,電動小客車能源效率標示110年12月核發資料.csv
abcc7baffb28f9f0,TW,import,passenger,ice,2021,2021-09-29,MERCEDES-BENZ,GLB 250,A8,5D,1991,1824,台灣賓士,進口小客車車型耗能證明110年8月核發資料.csv
66a00021fe9704cb,TW,import,passenger,ice,2021,2021-07-27,MERCEDES-BENZ,GLC200 4MATIC,A9,5D,1991.0,1921.0,台灣賓士,進口小客車車型耗能證明110年7月核發資料.csv
567c5c63e00a0e7e,TW,import,passenger,ice,2021,2021-07-27,MERCEDES-BENZ,GLC200 4MATIC Coupe,A9,5D,1991.0,1927.0,台灣賓士,進口小客車車型耗能證明110年7月核發資料.csv
080f2b1554687ec8,TW,import,passenger,ice,2021,2021-07-29,MERCEDES-BENZ,GLC300 4MATIC,A9,5D,1991.0,1915.0,台灣賓士,進口小客車車型耗能證明110年7月核發資料.csv
5160c9c03d60768c,TW,import,passenger,ice,2021,2021-07-27,MERCEDES-BENZ,GLC300 4MATIC Coupe,A9,5D,1991.0,1949.0,台灣賓士,進口小客車車型耗能證明110年7月核發資料.csv
9b2c0a625dfb90f1,TW,import,passenger,ice,2021,2021-11-15,MERCEDES-BENZ,GLE 300 d 4MATIC (FDR 3.27),A9,5D,1993.0,2476.0,台灣賓士,進口小客車車型耗能證明110年11月核發資料.csv
f9c6549402747204,TW,import,passenger,ice,2021,2021-11-15,MERCEDES-BENZ,GLE 300 d 4MATIC (FDR 3.46),A9,5D,1993.0,2500.0,台灣賓士,進口小客車車型耗能證明110年11月核發資料.csv
84d53d1680d8e370,TW,import,passenger,ice,2021,2021-09-29,MERCEDES-BENZ,S 580 4MATIC,A9,4D,3982,2350,台灣賓士,進口小客車車型耗能證明110年8月核發資料.csv
65e3846b0f707f95,TW,import,passenger,ice,2021,2021-09-29,MERCEDES-BENZ,S 580 MAYBACH,A9,4D,3982,2493,台灣賓士,進口小客車車型耗能證明110年8月核發資料.csv
2830230054bc9554,TW,import,passenger,ice,2021,2021-03-10,MERCEDES-BENZ,S350 d,A9,4D,2925.0,2272.0,台灣賓士,進口小客車車型耗能證明110年3月核發資料.csv
5d400b75131fa324,TW,import,passenger,ice,2021,2021-07-27,MERCEDES-BENZ,S450 4MATIC,A9,4D,2999.0,2302.0,台灣賓士,進口小客車車型耗能證明110年7月核發資料.csv
fd4a8f6457de2e21,TW,import,passenger,ice,2021,2021-09-29,MERCEDES-BENZ,S500 4MATIC,A9,4D,2999,2293,台灣賓士,進口小客車車型耗能證明110年8月核發資料.csv
bf97f3edd289feaf,TW,import,passenger,ice,2021,2021-10-06,MERCEDES-BENZ,S500 4MATIC,A9,4D,2999.0,2385.0,台灣賓士,進口小客車車型耗能證明110年10月核發資料.csv
9b08c62621cb3777,TW,import,passenger,ice,2021,2021-06-07,MINI,COOPER S ALL4 CLUBMAN,A8,5D,1998.0,1644.0,汎德公司,進口小客車車型耗能證明110年6月核發資料.csv
1fff2750084ed616,TW,import,passenger,ice,2021,2021-02-20,MINI,MINI COOPER 5-DOORS,A7,5D,1499.0,1367.0,汎德公司,進口小客車車型耗能證明110年2月核發資料.csv
a6490e1c0bcebbed,TW,import,passenger,ice,2021,2021-02-18,MINI,MINI COOPER HATCH,A7,3D,1499.0,1310.0,汎德公司,進口小客車車型耗能證明110年2月核發資料.csv
ecdaae6660c433d1,TW,import,passenger,ice,2021,2021-05-25,MINI,MINI COOPER S 5-DOORS,A7,5D,1998.0,1414.0,汎德公司,進口小客車車型耗能證明110年5月核發資料.csv
e4c81948f250546a,TW,import,passenger,ice,2021,2021-05-31,MINI,MINI COOPER S CONVERTIBLE,A7,2D,1998.0,1460.0,汎德公司,進口小客車車型耗能證明110年5月核發資料.csv
fcdee6a532600de2,TW,import,passenger,ice,2021,2021-02-20,MINI,MINI COOPER S HATCH,A7,3D,1998.0,1356.0,汎德公司,進口小客車車型耗能證明110年2月核發資料.csv
3d8c9faffbec6684,TW,import,passenger,ice,2021,2021-02-08,MINI,MINI JOHN COOPER WORKS ALL4 CLUBMAN,A8,5D,1998.0,1678.0,汎德公司,進口小客車車型耗能證明110年2月核發資料.csv
b0deda9eba2f26a9,TW,import,passenger,ice,2021,2021-02-08,MINI,MINI JOHN COOPER WORKS ALL4 COUNTRYMAN,A8,5D,1998.0,1752.0,汎德公司,進口小客車車型耗能證明110年2月核發資料.csv
12af3b2420a5d34f,TW,import,passenger,ice,2021,2021-05-25,MINI,MINI JOHN COOPER WORKS HATCH,A8,3D,1998.0,1378.0,汎德公司,進口小客車車型耗能證明110年5月核發資料.csv
d3865ac2236a2bbe,TW,import,passenger,ice,2021,2021-05-25,MINI,MINI ONE HATCH,A7,3D,1499.0,1291.0,汎德公司,進口小客車車型耗能證明110年5月核發資料.csv
f48ce2abf9cb7e2f,TW,import,passenger,ice,2021,2021-01-07,MITSUBISHI,ECLIPSE CROSS,CVT,4D,1499.0,1677.0,華菱汽車,進口小客車車型耗能證明110年1月核發資料.csv
d7dd8265440eb929,TW,import,passenger,ice,2021,2021-01-07,MITSUBISHI,ECLIPSE CROSS 4WD,CVT,4D,1499.0,1767.0,華菱汽車,進口小客車車型耗能證明110年1月核發資料.csv
3befbbd708a6eddf,TW,import,passenger,ice,2021,2021-07-22,McLaren,Elva,A7,2D,3994.0,1422.0,永三汽車,進口小客車車型耗能證明110年7月核發資料.csv
f8e781301be1b022,TW,import,passenger,ice,2021,2021-08-25,Mercedes-AMG,AMG GT 43 4MATIC+,A9,5D,2999.0,2181.0,台灣賓士,進口小客車車型耗能證明110年8月核發資料.csv
17af88b26f7a5b79,TW,import,passenger,ice,2021,2021-04-08,Mercedes-AMG,AMG GT Black Series,A7,3D,3982.0,1735.0,台灣賓士,進口小客車車型耗能證明110年4月核發資料.csv
ae07a32b9b8fd0ac,TW,import,passenger,ice,2021,2021-05-25,PEUGEOT,2008 (96kW),A8,5D,1199.0,1350.0,寶嘉聯合,進口小客車車型耗能證明110年5月核發資料.csv
5c9c2bf4aabe8a15,TW,import,passenger,ice,2021,2021-03-11,PEUGEOT,308 SW,A8,5D,1199.0,1435.0,寶嘉聯合,進口小客車車型耗能證明110年3月核發資料.csv
5567f8082f687cde,TW,import,passenger,ice,2021,2021-04-21,PEUGEOT,5008 BLUEHDi,A8,5D,1499.0,1692.0,寶嘉聯合,進口小客車車型耗能證明110年4月核發資料.csv
aadbaccccb2bfa62,TW,import,passenger,ice,2021,2021-01-05,PEUGEOT,508 SW (165kW),A8,5D,1598.0,1646.0,寶嘉聯合,進口小客車車型耗能證明110年1月核發資料.csv
d7c2328ba98485c6,TW,import,passenger,ice,2021,2021-08-10,PORSCHE,718 BOXSTER,A7,2D,1988.0,1520.0,台灣保時捷,進口小客車車型耗能證明110年8月核發資料.csv
dbb576f965277931,TW,import,passenger,ice,2021,2021-10-04,PORSCHE,718 BOXSTER,M6,2D,1988.0,1512.0,台灣保時捷,進口小客車車型耗能證明110年10月核發資料.csv
586a1ca3b717f922,TW,import,passenger,ice,2021,2021-01-28,PORSCHE,718 BOXSTER GTS 4.0,A7,2D,3995.0,1550.0,台灣保時捷,進口小客車車型耗能證明110年1月核發資料.csv
988fcd2e047661f0,TW,import,passenger,ice,2021,2021-03-26,PORSCHE,718 BOXSTER SPYDER,A7,2D,3995.0,1569.0,台灣保時捷,進口小客車車型耗能證明110年3月核發資料.csv
81f4ff7556d32956,TW,import,passenger,ice,2021,2021-11-18,PORSCHE,718 BOXSTER T,A7,2D,1988.0,1517.0,台灣保時捷,進口小客車車型耗能證明110年11月核發資料.csv
abfcc67dcddb026e,TW,import,passenger,ice,2021,2021-11-23,PORSCHE,718 BOXSTER T,M6,2D,1988.0,1498.0,台灣保時捷,進口小客車車型耗能證明110年11月核發資料.csv
ef0377a23bd80b2b,TW,import,passenger,ice,2021,2021-08-10,PORSCHE,718 CAYMAN,A7,2D,1988.0,1519.0,台灣保時捷,進口小客車車型耗能證明110年8月核發資料.csv
6256de0522925676,TW,import,passenger,ice,2021,2021-01-28,PORSCHE,718 CAYMAN GTS 4.0,A7,2D,3995.0,1556.0,台灣保時捷,進口小客車車型耗能證明110年1月核發資料.csv
81f7192a2ae0b999,TW,import,passenger,ice,2021,2021-11-18,PORSCHE,718 CAYMAN T,A7,2D,1988.0,1513.0,台灣保時捷,進口小客車車型耗能證明110年11月核發資料.csv
2231bd97faa070b6,TW,import,passenger,ice,2021,2021-11-23,PORSCHE,718 CAYMAN T,M6,2D,1988.0,1526.0,台灣保時捷,進口小客車車型耗能證明110年11月核發資料.csv
7308d0596085930c,TW,import,passenger,ice,2021,2021-08-10,PORSCHE,911 CARRERA,A8,2D,2981.0,1654.0,台灣保時捷,進口小客車車型耗能證明110年8月核發資料.csv
43aa2a5341afc2f4,TW,import,passenger,ice,2021,2021-08-10,PORSCHE,911 CARRERA 4,A8,2D,2981.0,1679.0,台灣保時捷,進口小客車車型耗能證明110年8月核發資料.csv
1c003ffd49b64c00,TW,import,passenger,ice,2021,2021-11-18,PORSCHE,911 CARRERA 4 GTS,A8,2D,2981.0,1700.0,台灣保時捷,進口小客車車型耗能證明110年11月核發資料.csv
f3caf26876bb7ad7,TW,import,passenger,ice,2021,2021-11-18,PORSCHE,911 CARRERA 4 GTS CABRIOLET,A8,2D,2981.0,1766.0,台灣保時捷,進口小客車車型耗能證明110年11月核發資料.csv
c0b6e24caf9b2872,TW,import,passenger,ice,2021,2021-11-23,PORSCHE,911 CARRERA GTS,A8,2D,2981.0,1661.0,台灣保時捷,進口小客車車型耗能證明110年11月核發資料.csv
9ea92c5abf0694e2,TW,import,passenger,ice,2021,2021-05-24,PORSCHE,911 CARRERA S CABRIOLET,A8,2D,2981.0,1716.0,台灣保時捷,進口小客車車型耗能證明110年5月核發資料.csv
2202eb77d52fb7b9,TW,import,passenger,ice,2021,2021-11-15,PORSCHE,911 GT3,A7,2D,3996.0,1628.0,台灣保時捷,進口小客車車型耗能證明110年11月核發資料.csv
56354b7d9c962dc3,TW,import,passenger,ice,2021,2021-11-18,PORSCHE,911 TARGA 4 GTS,A8,2D,2981.0,1792.0,台灣保時捷,進口小客車車型耗能證明110年11月核發資料.csv
a25a1d4ff3800ce3,TW,import,passenger,ice,2021,2021-01-18,PORSCHE,911 TARGA 4S,A8,2D,2981.0,1766.0,台灣保時捷,進口小客車車型耗能證明110年1月核發資料.csv
786e0a1e94004e1e,TW,import,passenger,ice,2021,2021-04-14,PORSCHE,911 TURBO,A8,2D,3745.0,1746.0,台灣保時捷,進口小客車車型耗能證明110年4月核發資料.csv
abe53d3f49031dd5,TW,import,passenger,ice,2021,2021-11-17,PORSCHE,MACAN,A7,5D,1984.0,1967.0,台灣保時捷,進口小客車車型耗能證明110年11月核發資料.csv
8cf474a93622e5e3,TW,import,passenger,ice,2021,2021-11-17,PORSCHE,MACAN GTS,A7,5D,2894.0,2097.0,台灣保時捷,進口小客車車型耗能證明110年11月核發資料.csv
c2b0f07c8309d22b,TW,import,passenger,ice,2021,2021-11-15,PORSCHE,MACAN S,A7,5D,2894.0,2075.0,台灣保時捷,進口小客車車型耗能證明110年11月核發資料.csv
80ffcb66f2c841b7,TW,import,passenger,ice,2021,2021-01-12,PORSCHE,PANAMERA,A8,4D,2894.0,2006.0,台灣保時捷,進口小客車車型耗能證明110年1月核發資料.csv
0985114689e79c96,TW,import,passenger,ice,2021,2021-01-12,PORSCHE,PANAMERA 4,A8,4D,2894.0,2020.0,台灣保時捷,進口小客車車型耗能證明110年1月核發資料.csv
79c00108e8017cb2,TW,import,passenger,ice,2021,2021-01-12,PORSCHE,PANAMERA 4 SPORT TURISMO,A8,5D,2894.0,2065.0,台灣保時捷,進口小客車車型耗能證明110年1月核發資料.csv
af42c51904c8c9f3,TW,import,passenger,ice,2021,2021-02-26,PORSCHE,PANAMERA TURBO S,A8,4D,3996.0,2211.0,台灣保時捷,進口小客車車型耗能證明110年2月核發資料.csv
393fb27f648b4d56,TW,import,passenger,bev,2021,,PORSCHE,TAYCAN,A2,4D,,2207.0,台灣保時捷,電動小客車能源效率標示110年12月核發資料.csv
31c93f89d56eedda,TW,import,passenger,bev,2021,,PORSCHE,TAYCAN (280kW),A2,4D,,2313.0,台灣保時捷,電動小客車能源效率標示110年12月核發資料.csv
0e22ce17398e6735,TW,import,passenger,bev,2021,,PORSCHE,TAYCAN 4 CROSS TURISMO,A2,5D,,2396.0,台灣保時捷,電動小客車能源效率標示110年12月核發資料.csv
5589f0e752b36e69,TW,import,passenger,bev,2021,,PORSCHE,TAYCAN 4S,A2,4D,,2356.0,台灣保時捷,電動小客車能源效率標示110年12月核發資料.csv
e971fd2ce78d2399,TW,import,passenger,bev,2021,,PORSCHE,TAYCAN 4S CROSS TURISMO,A2,5D,,2410.0,台灣保時捷,電動小客車能源效率標示110年12月核發資料.csv
91c99a33d1301859,TW,import,passenger,bev,2021,,PORSCHE,TAYCAN TURBO,A2,4D,,2425.0,台灣保時捷,電動小客車能源效率標示110年12月核發資料.csv
ae6fc5383fbfd3e1,TW,import,passenger,bev,2021,,PORSCHE,TAYCAN TURBO S,A2,4D,,2362.0,台灣保時捷,電動小客車能源效率標示110年12月核發資料.csv
14520c02b4b33a28,TW,import,passenger,ice,2021,2021-02-20,ROLLS-ROYCE,CULLINAN,A8,5D,6749.0,3051.0,盛惟公司,進口小客車車型耗能證明110年2月核發資料.csv
dce6bcb64d4ed53a,TW,import,passenger,ice,2021,2021-02-04,ROLLS-ROYCE,WRAITH,A8,2D,6592.0,2627.0,盛惟公司,進口小客車車型耗能證明110年2月核發資料.csv
1ac74ecd7960cf96,TW,import,passenger,ice,2021,2021-11-25,SKODA,FABIA 1.0 TSI HATCHBACK,A7,4D,999.0,1261.0,奧迪福斯,進口小客車車型耗能證明110年11月核發資料.csv
18f35df8056adcf8,TW,import,passenger,ice,2021,2021-01-19,SKODA,KODIAQ 1.5 TSI HATCHBACK,A7,4D,1498.0,1711.0,奧迪福斯,進口小客車車型耗能證明110年1月核發資料.csv
9e001d1aa5503e46,TW,import,passenger,ice,2021,2021-05-03,SKODA,KODIAQ 2.0 TSI HATCHBACK,A7,4D,1984.0,1876.0,奧迪福斯,進口小客車車型耗能證明110年5月核發資料.csv
ec9d13cad8365421,TW,import,passenger,ice,2021,2021-11-24,SKODA,KODIAQ RS 2.0 TSI HATCHBACK,A7,4D,1984.0,1923.0,奧迪福斯,進口小客車車型耗能證明110年11月核發資料.csv
a879bde0102aed23,TW,import,passenger,ice,2021,2021-03-26,SKODA,OCTAVIA 1.0 TSI eTEC,A7,4D,999.0,1437.0,奧迪福斯,進口小客車車型耗能證明110年3月核發資料.csv
345316db31dff236,TW,import,passenger,ice,2021,2021-06-01,SKODA,OCTAVIA 1.5 TSI eTEC,A7,4D,1498.0,1480.0,奧迪福斯,進口小客車車型耗能證明110年6月核發資料.csv
a28e8be2af4629b1,TW,import,passenger,ice,2021,2021-03-26,SKODA,OCTAVIA COMBI 1.0 TSI eTEC HATCHBACK,A7,4D,999.0,1460.0,奧迪福斯,進口小客車車型耗能證明110年3月核發資料.csv
a09830fe26e12f4d,TW,import,passenger,ice,2021,2021-06-01,SKODA,OCTAVIA COMBI 1.5 TSI eTEC HATCHBACK,A7,4D,1498.0,1501.0,奧迪福斯,進口小客車車型耗能證明110年6月核發資料.csv
80e9ed5c9deca6a3,TW,import,passenger,ice,2021,2021-06-21,SKODA,OCTAVIA COMBI 2.0 TSI HATCHBACK,A7,4D,1984.0,1659.0,奧迪福斯,進口小客車車型耗能證明110年6月核發資料.csv
2992dbf48be5bd5c,TW,import,passenger,ice,2021,2021-11-29,SKODA,OCTAVIA COMBI RS 2.0 TSI HATCHBACK,A7,4D,1984.0,1625.0,奧迪福斯,進口小客車車型耗能證明110年11月核發資料.csv
b2b47f911cdca214,TW,import,passenger,ice,2021,2021-11-25,SKODA,OCTAVIA RS 2.0 TSI,A7,4D,1984.0,1578.0,奧迪福斯,進口小客車車型耗能證明110年11月核發資料.csv
39299ffe78c8fc1c,TW,import,passenger,ice,2021,2021-03-08,SKODA,SUPERB 1.5 TSI,A7,4D,1498.0,1556.0,奧迪福斯,進口小客車車型耗能證明110年3月核發資料.csv
e50650255fc5f0b2,TW,import,passenger,ice,2021,2021-03-08,SKODA,SUPERB 2.0 TSI,A7,4D,1984.0,1781.0,奧迪福斯,進口小客車車型耗能證明110年3月核發資料.csv
07d379306cb3ab84,TW,import,passenger,ice,2021,2021-04-09,SKODA,SUPERB 2.0 TSI 2WD,A7,4D,1984.0,1652.0,奧迪福斯,進口小客車車型耗能證明110年4月核發資料.csv
0d98663ac46a13dd,TW,import,passenger,ice,2021,2021-03-16,SKODA,SUPERB COMBI 1.5 TSI HATCHBACK,A7,4D,1498.0,1585.0,奧迪福斯,進口小客車車型耗能證明110年3月核發資料.csv
1378eda5d0ed5464,TW,import,passenger,ice,2021,2021-04-09,SKODA,SUPERB COMBI 2.0 TSI 2WD HATCHBACK,A7,4D,1984.0,1703.0,奧迪福斯,進口小客車車型耗能證明110年4月核發資料.csv
f8d66bbb6481caf5,TW,import,passenger,ice,2021,2021-03-08,SKODA,SUPERB COMBI 2.0 TSI HATCHBACK,A7,4D,1984.0,1806.0,奧迪福斯,進口小客車車型耗能證明110年3月核發資料.csv
1852b7b65d3ff9ec,TW,import,passenger,ice,2021,2021-11-12,SSANGYONG,KORANDO D16DTF 2WD,A6,5D,1597.0,1722.0,永嘉雙龍,進口小客車車型耗能證明110年11月核發資料.csv
4fb4a64b6be69e72,TW,import,passenger,ice,2021,2021-12-23,SSANGYONG,KORANDO G15DTF 2WD,A6,5D,1497.0,1622.0,永嘉雙龍,進口小客車車型耗能證明110年12月核發資料.csv
8b3c5d46b4170c8f,TW,import,passenger,ice,2021,2021-08-18,SUZUKI,VITARA S,A6,5D,1373.0,1306.0,金鈴汽車,進口小客車車型耗能證明110年8月核發資料.csv
4679f4b01b9397b7,TW,import,passenger,ice,2021,2021-08-18,SUZUKI,VITARA S ALLGRIP,A6,5D,1373.0,1405.0,金鈴汽車,進口小客車車型耗能證明110年8月核發資料.csv
acf1493ec062f158,TW,import,passenger,ice,2021,2021-03-04,TOYOTA,CAMRY,CVT,4D,1987.0,1606.0,和泰汽車,進口小客車車型耗能證明110年3月核發資料.csv
ebc193e57257f746,TW,import,passenger,ice,2021,2021-03-05,TOYOTA,CAMRY HYBRID G,CVT,4D,2487.0,1699.0,和泰汽車,進口小客車車型耗能證明110年3月核發資料.csv
90ae693d15f0921f,TW,import,passenger,ice,2021,2021-03-04,TOYOTA,CAMRY HYBRID Q,CVT,4D,2487.0,1748.0,和泰汽車,進口小客車車型耗能證明110年3月核發資料.csv
c667088cb4a24331,TW,import,passenger,ice,2021,2021-07-05,TOYOTA,GR YARIS,M6,3D,1618.0,1386.0,和泰汽車,進口小客車車型耗能證明110年7月核發資料.csv
af1db9449004da66,TW,import,passenger,ice,2021,2021-10-05,TOYOTA,RAV4,CVT,5D,1987.0,1623.0,和泰汽車,進口小客車車型耗能證明110年10月核發資料.csv
6de01d38c186e466,TW,import,passenger,ice,2021,2021-12-03,TOYOTA,RAV4 HYBRID 2WD,CVT,5D,2487.0,1707.0,和泰汽車,進口小客車車型耗能證明110年12月核發資料.csv
ef7b7e73618fe3ed,TW,import,passenger,ice,2021,2021-03-10,TOYOTA,SIENNA LIMITED FWD,CVT,5D,2487.0,2252.0,金門公會,進口小客車車型耗能證明110年3月核發資料.csv
b3c0d42021bc52b5,TW,import,passenger,ice,2021,2021-01-20,TOYOTA,SIENNA PLATINUM FWD,CVT,5D,2487.0,2282.0,金門公會,進口小客車車型耗能證明110年1月核發資料.csv
a323e749373c602b,TW,import,passenger,ice,2021,2021-05-21,TOYOTA,Supra,A8,2D,1998.0,1563.0,和泰汽車,進口小客車車型耗能證明110年5月核發資料.csv
f023f9fb91896fab,TW,import,passenger,ice,2021,2021-05-21,TOYOTA,Supra,A8,2D,2998.0,1619.0,和泰汽車,進口小客車車型耗能證明110年5月核發資料.csv
684db7b3048cc34d,TW,import,passenger,bev,2021,,Tesla,Model 3 E1R 3D5,A1,5D,,1780.0,台灣特斯拉,電動小客車能源效率標示110年12月核發資料.csv
3f38447481ad86fb,TW,import,passenger,bev,2021,,Tesla,Model 3 E3D,A1,5D,,1999.0,台灣特斯拉,電動小客車能源效率標示110年12月核發資料.csv
fc44479a21786548,TW,import,passenger,ice,2021,2021-11-23,VOLKSWAGEN,ARTEON 330 TSI,A7,4D,1984.0,1680.0,奧迪福斯,進口小客車車型耗能證明110年11月核發資料.csv
58fd49914b2635ac,TW,import,passenger,ice,2021,2021-11-24,VOLKSWAGEN,ARTEON 430 TSI,A7,4D,1984.0,1838.0,奧迪福斯,進口小客車車型耗能證明110年11月核發資料.csv
1c74f1bf8bd9d14c,TW,import,passenger,ice,2021,2021-11-23,VOLKSWAGEN,ARTEON SB 330 TSI HATCHBACK,A7,4D,1984.0,1696.0,奧迪福斯,進口小客車車型耗能證明110年11月核發資料.csv
96ea414cf7edc2fc,TW,import,passenger,ice,2021,2021-12-21,VOLKSWAGEN,ARTEON SB 430 TSI HATCHBACK,A7,4D,1984.0,1849.0,奧迪福斯,進口小客車車型耗能證明110年12月核發資料.csv
9a942cd7aac15938,TW,import,passenger,ice,2021,2021-06-24,VOLKSWAGEN,CADDY MAXI 1.5 TSI HATCHBACK,A7,4D,1498.0,1783.0,奧迪福斯,進口小客車車型耗能證明110年6月核發資料.csv
2d92047647c21818,TW,import,passenger,ice,2021,2021-06-24,VOLKSWAGEN,CADDY MAXI 2.0 TDI HATCHBACK,A7,4D,1968.0,1888.0,奧迪福斯,進口小客車車型耗能證明110年6月核發資料.csv
16bcd4d9cc15ef4f,TW,import,passenger,ice,2021,2021-06-28,VOLKSWAGEN,CADDY MAXI CALIFORNIA 2.0 TDI HATCHBACK,A7,4D,1968.0,1937.0,奧迪福斯,進口小客車車型耗能證明110年6月核發資料.csv
d4e52c0b5035b8c9,TW,import,passenger,ice,2021,2021-05-03,VOLKSWAGEN,GOLF 230 eTSI HATCHBACK,A7,4D,999.0,1376.0,奧迪福斯,進口小客車車型耗能證明110年5月核發資料.csv
d11dc825d2fff723,TW,import,passenger,ice,2021,2021-05-06,VOLKSWAGEN,GOLF 280 eTSI HATCHBACK,A7,4D,1498.0,1451.0,奧迪福斯,進口小客車車型耗能證明110年5月核發資料.csv
33132b4518c2f935,TW,import,passenger,ice,2021,2021-12-21,VOLKSWAGEN,GOLF GTI HATCHBACK,A7,4D,1984.0,1538.0,奧迪福斯,進口小客車車型耗能證明110年12月核發資料.csv
9874dd62288fc974,TW,import,passenger,ice,2021,2021-08-17,VOLKSWAGEN,GOLF R HATCHBACK,A7,4D,1984.0,1648.0,奧迪福斯,進口小客車車型耗能證明110年8月核發資料.csv
2d4d3aa0755ba231,TW,import,passenger,ice,2021,2021-05-06,VOLKSWAGEN,GOLF VARIANT 280 eTSI HATCHBACK,A7,4D,1498.0,1518.0,奧迪福斯,進口小客車車型耗能證明110年5月核發資料.csv
1f272692a7e77292,TW,import,passenger,ice,2021,2021-10-08,VOLKSWAGEN,GOLF VARIANT R HATCHBACK,A7,4D,1984.0,1723.0,奧迪福斯,進口小客車車型耗能證明110年10月核發資料.csv
dd04024d7419ebc4,TW,import,passenger,ice,2021,2021-10-14,VOLKSWAGEN,POLO 230 TSI HATCHBACK,A7,4D,999.0,1280.0,奧迪福斯,進口小客車車型耗能證明110年10月核發資料.csv
59be407f8577d320,TW,import,passenger,ice,2021,2021-01-07,VOLKSWAGEN,POLO GTI HATCHBACK,A6,4D,1984.0,1421.0,奧迪福斯,進口小客車車型耗能證明110年1月核發資料.csv
cd9ad619a51ddb1c,TW,import,passenger,ice,2021,2021-12-21,VOLKSWAGEN,T-CROSS 230 TSI HATCHBACK,A7,4D,999.0,1355.0,奧迪福斯,進口小客車車型耗能證明110年12月核發資料.csv
a49f608cec3ffd6c,TW,import,passenger,ice,2021,2021-09-30,VOLKSWAGEN,T-ROC 280 TSI HATCHBACK,A7,4D,1498,1431,奧迪福斯,進口小客車車型耗能證明110年8月核發資料.csv
6e16ab2f8ad54d1d,TW,import,passenger,ice,2021,2021-12-21,VOLKSWAGEN,TIGUAN 280 TSI HATCHBACK,A7,4D,1498.0,1640.0,奧迪福斯,進口小客車車型耗能證明110年12月核發資料.csv
a466deb6b94e0e7f,TW,import,passenger,ice,2021,2021-12-21,VOLKSWAGEN,TIGUAN 330 TSI HATCHBACK,A7,4D,1984.0,1789.0,奧迪福斯,進口小客車車型耗能證明110年12月核發資料.csv
e6a4ec38a0b7a643,TW,import,passenger,ice,2021,2021-06-29,VOLKSWAGEN,TIGUAN 330 TSI HATCHBACK,A7,4D,1984.0,1807.0,奧迪福斯,進口小客車車型耗能證明110年6月核發資料.csv
68f4df677ff9c619,TW,import,passenger,ice,2021,2021-12-23,VOLKSWAGEN,TIGUAN 380 TSI HATCHBACK,A7,4D,1984.0,1863.0,奧迪福斯,進口小客車車型耗能證明110年12月核發資料.csv
f29f9bcf46184755,TW,import,passenger,ice,2021,2021-11-11,VOLKSWAGEN,TIGUAN ALLSPACE 330 TSI HATCHBACK,A7,4D,1984.0,1897.0,奧迪福斯,進口小客車車型耗能證明110年11月核發資料.csv
bde30e56958b54f0,TW,import,passenger,ice,2021,2021-11-11,VOLKSWAGEN,TIGUAN ALLSPACE 380 TSI HATCHBACK,A7,4D,1984.0,1969.0,奧迪福斯,進口小客車車型耗能證明110年11月核發資料.csv
dca6db370507220e,TW,import,passenger,ice,2021,2021-12-21,VOLKSWAGEN,TIGUAN R HATCHBACK 4WD,A7,4D,1984.0,1870.0,奧迪福斯,進口小客車車型耗能證明110年12月核發資料.csv
4be6b9c443739a8a,TW,import,passenger,ice,2021,2021-12-21,VOLKSWAGEN,TOURAN 280 TSI HATCHBACK,A7,4D,1498.0,1661.0,奧迪福斯,進口小客車車型耗能證明110年12月核發資料.csv
6cb34ca3223f9c65,TW,import,passenger,ice,2021,2021-03-22,VOLVO,S90 B4,A8,4D,1969.0,1911.0,國際富豪,進口小客車車型耗能證明110年3月核發資料.csv
243afef26568bbaf,TW,import,passenger,ice,2021,2021-02-01,VOLVO,XC40 B4 AWD,A8,5D,1969.0,1871.0,國際富豪,進口小客車車型耗能證明110年2月核發資料.csv
e4daf47280dd625b,TW,import,passenger,bev,2021,,VOLVO,XC40 P8,A1,5D,,2235.0,國際富豪,電動小客車能源效率標示110年12月核發資料.csv
731982e3b71a08f4,TW,import,passenger,ice,2021,2021-08-18,VOLVO,XC60 B4,A8,5D,1969.0,1908.0,國際富豪,進口小客車車型耗能證明110年8月核發資料.csv
07841a7f47d22d58,TW,import,passenger,ice,2021,2021-08-18,VOLVO,XC60 B5 AWD,A8,5D,1969.0,1982.0,國際富豪,進口小客車車型耗能證明110年8月核發資料.csv
ecb44c78d812bdfc,TW,domestic,passenger,ice,2021,2021-05-06,三陽,VENUE QXG-D,CVT,5D,1598.0,1278.0,三陽工業,國產小客車車型耗能證明110年5月核發資料.csv
d420ca09ca367ee2,TW,domestic,passenger,ice,2021,2021-05-21,三陽,VENUE QXG-E,CVT,5D,1598.0,1307.0,三陽工業,國產小客車車型耗能證明110年5月核發資料.csv
47428abb3ea67f6f,TW,domestic,passenger,ice,2021,2021-05-06,三陽,VENUE QXG-F,CVT,5D,1598.0,1312.0,三陽工業,國產小客車車型耗能證明110年5月核發資料.csv
eeb294d20a9ac659,TW,domestic,passenger,ice,2021,2021-08-09,國瑞,COROLLA CROSS HYBRID ZVG10L-EHXLBR,CVT,5D,1798.0,1514.0,國瑞汽車,國產小客車車型耗能證明110年8月核發資料.csv
8d87e6226f386ec6,TW,domestic,passenger,ice,2021,2021-08-09,國瑞,COROLLA CROSS HYBRID ZVG10L-EHXMBR,CVT,5D,1798.0,1512.0,國瑞汽車,國產小客車車型耗能證明110年8月核發資料.csv
8b52180f7637b209,TW,domestic,passenger,ice,2021,2021-10-22,國瑞,COROLLA CROSS ZSG10L-EHXGKR,CVT,5D,1798.0,1428.0,國瑞汽車,國產小客車車型耗能證明110年10月核發資料.csv
8f1c863a888aa200,TW,domestic,passenger,ice,2021,2021-10-22,國瑞,COROLLA CROSS ZSG10L-EHXJKR,CVT,5D,1798.0,1422.0,國瑞汽車,國產小客車車型耗能證明110年10月核發資料.csv
fb0bcad83e80fb6a,TW,domestic,passenger,ice,2021,2021-08-09,國瑞,COROLLA CROSS ZSG10L-EHXMKR,CVT,5D,1798.0,1438.0,國瑞汽車,國產小客車車型耗能證明110年8月核發資料.csv
5e3707beff240cdd,TW,domestic,passenger,ice,2021,2021-10-15,國瑞,COROLLA CROSS ZSG10L-EHXNKR,CVT,5D,1798.0,1426.0,國瑞汽車,國產小客車車型耗能證明110年10月核發資料.csv
dbed37cebb146ddc,TW,domestic,passenger,ice,2021,2021-12-07,國瑞,SIENTA ZSP170L-MNXWPR,CVT,5D,1798.0,1436.0,國瑞汽車,國產小客車車型耗能證明110年12月核發資料.csv
b00ec47b2aa6926f,TW,domestic,passenger,ice,2021,2021-11-10,國瑞,SIENTA ZSP170L-MWXDPR,CVT,5D,1798.0,1479.0,國瑞汽車,國產小客車車型耗能證明110年11月核發資料.csv
68fc6e398c2d29bb,TW,domestic,passenger,ice,2021,2021-10-25,國瑞,SIENTA ZSP170L-MWXNPR,CVT,5D,1798.0,1462.0,國瑞汽車,國產小客車車型耗能證明110年10月核發資料.csv
ae93907e22c83759,TW,domestic,passenger,ice,2021,2021-11-10,國瑞,SIENTA ZSP170L-MWXQPR,CVT,5D,1798.0,1469.0,國瑞汽車,國產小客車車型耗能證明110年11月核發資料.csv
78e89945d06734d6,TW,domestic,passenger,ice,2021,2021-10-18,國瑞,YARIS NSP151L-FHXGKR,CVT,4D,1496.0,1191.0,國瑞汽車,國產小客車車型耗能證明110年10月核發資料.csv
190c7bcfcc6799dd,TW,domestic,passenger,ice,2021,2021-10-15,國瑞,YARIS NSP151L-FHXRKR,CVT,4D,1496.0,1186.0,國瑞汽車,國產小客車車型耗能證明110年10月核發資料.csv
2cbba990d3266054,TW,domestic,passenger,ice,2021,2021-11-10,國瑞,YARIS NSP151L-FHXVKR,CVT,4D,1496.0,1221.0,國瑞汽車,國產小客車車型耗能證明110年11月核發資料.csv
8770a270485a73b0,TW,domestic,passenger,ice,2021,2021-11-03,本田,FIT A522H1502,A1,5D,1498.0,1320.0,台灣本田,國產小客車車型耗能證明110年11月核發資料.csv
97c4a908a8aaa954,TW,domestic,passenger,ice,2021,2021-07-02,本田,FIT A522N1501,CVT,5D,1498.0,1205.0,台灣本田,國產小客車車型耗能證明110年7月核發資料.csv
ccfd18e510dd93e4,TW,import,passenger,ice,2022,2022-07-27,ASTON MARTIN,DB11 V12,A8,2D,5204.0,2045.0,永三汽車,進口小客車車型耗能證明111年7月核發資料.csv
e65148456840602a,TW,import,passenger,ice,2022,2022-06-28,ASTON MARTIN,DBX707,A9,5D,3982.0,2403.0,永三汽車,進口小客車車型耗能證明111年6月核發資料.csv
46e57234ccdc4ffa,TW,import,passenger,ice,2022,2022-11-25,ASTON MARTIN,V12 VANTAGE,A8,2D,5204.0,2009.0,永三汽車,進口小客車車型耗能證明111年11月核發資料.csv
c11fdda67ce7a23a,TW,import,passenger,ice,2022,2022-04-19,ASTON MARTIN,VANTAGE ROADSTER F1 EDITION,A8,2D,3982.0,1906.0,永三汽車,進口小客車車型耗能證明111年4月核發資料.csv
715c8f847379ec6b,TW,import,passenger,ice,2022,2022-03-08,AUDI,A4 AVANT 45 TFSI quattro HATCHBACK,A7,4D,1984.0,1779.0,奧迪福斯,進口小客車車型耗能證明111年3月核發資料.csv
55c9b3176093d604,TW,import,passenger,ice,2022,2022-02-11,Audi,A1 SPORTBACK 30 TFSI HATCHBACK,A7,4D,999.0,1292.0,奧迪福斯,進口小客車車型耗能證明111年2月核發資料.csv
76eb1160ad413d02,TW,import,passenger,ice,2022,2022-07-01,Audi,A7 55 TFSI quattro,A7,4D,2995.0,2002.0,台灣福斯,進口小客車車型耗能證明111年7月核發資料.csv
579c32f5cc543332,TW,import,passenger,ice,2022,2022-04-29,Audi,A8 55 TFSI quattro,A8,4D,2995.0,2138.0,奧迪福斯,進口小客車車型耗能證明111年4月核發資料.csv
73b6903345d95af1,TW,import,passenger,ice,2022,2022-04-29,Audi,A8 L 55 TFSI quattro,A8,4D,2995.0,2229.0,奧迪福斯,進口小客車車型耗能證明111年4月核發資料.csv
d5a4eaa0feea8aaf,TW,import,passenger,ice,2022,2022-06-21,Audi,Q5 40 TFSI quattro HATCHBACK,A7,4D,1984.0,1903.0,奧迪福斯,進口小客車車型耗能證明111年6月核發資料.csv
e94660839b987394,TW,import,passenger,ice,2022,2022-06-27,Audi,Q5 SPORTBACK 40 TFSI quattro HATCHBACK,A7,4D,1984.0,1926.0,奧迪福斯,進口小客車車型耗能證明111年6月核發資料.csv
5b9e7ade0e1efa19,TW,import,passenger,ice,2022,2022-04-11,Audi,RS3 SPORTBACK quattro HATCHBACK,A7,4D,2480.0,1722.0,奧迪福斯,進口小客車車型耗能證明111年4月核發資料.csv
7cb28d91b34fe5bb,TW,import,passenger,ice,2022,2022-05-16,Audi,S8 quattro,A8,4D,3996.0,2382.0,奧迪福斯,進口小客車車型耗能證明111年5月核發資料.csv
05054f8793077d38,TW,import,passenger,bev,2022,2022-03-02,Audi,e-tron S SPORTBACK quattro HATCHBACK,A1,4D,,2746.0,奧迪福斯,電動小客車能源效率標示111年3月核發資料.csv
c1b4f11098da74a4,TW,import,passenger,bev,2022,2022-06-30,Audi,e-tron S quattro HATCHBACK,A1,4D,,2762.0,奧迪福斯,電動小客車能效標示111年6月核發資料.csv
5ac1d687fa27896d,TW,import,passenger,ice,2022,2022-01-27,BENTLEY,BENTAYGA S,A8,5D,3996.0,2646.0,永三汽車,進口小客車車型耗能證明111年1月核發資料.csv
b0a138a932f1e12b,TW,import,passenger,ice,2022,2022-04-11,BENTLEY,CONTINENTAL GT SPEED CONVERTIBLE,A8,2D,5950.0,2583.0,永三汽車,進口小客車車型耗能證明111年4月核發資料.csv
f9ada991e38b9489,TW,import,passenger,ice,2022,2022-11-02,BMW,220I ACTIVE TOURER,A7,5D,1499.0,1634.0,汎德公司,進口小客車車型耗能證明111年11月核發資料.csv
275b6f05416a7a2e,TW,import,passenger,ice,2022,2022-10-11,BMW,318I SEDAN MX,A8,4D,1998.0,1632.0,汎德公司,進口小客車車型耗能證明111年10月核發資料.csv
b9dd93957aa3a750,TW,import,passenger,ice,2022,2022-10-11,BMW,320I SEDAN MX,A8,4D,1998.0,1641.0,汎德公司,進口小客車車型耗能證明111年10月核發資料.csv
79b207f025658cda,TW,import,passenger,ice,2022,2022-10-20,BMW,320I TOURING,A8,5D,1998.0,1756.0,汎德公司,進口小客車車型耗能證明111年10月核發資料.csv
bee8f697a0ba7495,TW,import,passenger,ice,2022,2022-11-09,BMW,330I SEDAN MX,A8,4D,1998.0,1698.0,汎德公司,進口小客車車型耗能證明111年11月核發資料.csv
90f55c2eed0ad382,TW,import,passenger,ice,2022,2022-11-09,BMW,530I SEDAN,A8,4D,1998.0,1816.0,汎德公司,進口小客車車型耗能證明111年11月核發資料.csv
da4e0277c407f460,TW,import,passenger,ice,2022,2022-08-22,BMW,630I GRAN TURISMO,A8,5D,1998.0,1999.0,汎德公司,進口小客車車型耗能證明111年8月核發資料.csv
99e2f5ed2e662f71,TW,import,passenger,ice,2022,2022-11-18,BMW,735I SEDAN,A8,4D,2998.0,2147.0,汎德公司,進口小客車車型耗能證明111年11月核發資料.csv
97d0a958c764089f,TW,import,passenger,ice,2022,2022-11-24,BMW,740I SEDAN,A8,4D,2998.0,2230.0,汎德公司,進口小客車車型耗能證明111年11月核發資料.csv
1c4f10e29ebb14ef,TW,import,passenger,ice,2022,2022-05-24,BMW,840I GRAN COUPE,A8,4D,2998.0,1970.0,汎德公司,進口小客車車型耗能證明111年5月核發資料.csv
a4cda2007f018755,TW,import,passenger,bev,2022,2022-04-29,BMW,I4 EDRIVE40 GRAN COUPE,A1,5D,,2211.0,汎德公司,電動小客車能效標示111年4月核發資料.csv
3e8ae015073bfccf,TW,import,passenger,bev,2022,2022-04-29,BMW,I4 M50 GRAN COUPE,A1,5D,,2360.0,汎德公司,電動小客車能效標示111年4月核發資料.csv
ba61cd7dc27796cd,TW,unspecified,passenger,bev,2022,2022-09-23,BMW,IX M60,A1,5D,,2704.0,汎德公司,小客車電動車能效標示111年9月核發資料.csv
db154635ce634470,TW,import,passenger,bev,2022,2022-01-12,BMW,IX XDRIVE40,A1,5D,,2681.0,汎德公司,電動小客車能源效率標示111年1月核發資料.csv
e380f1955c3c7f08,TW,import,passenger,bev,2022,2022-01-12,BMW,IX XDRIVE50,A1,5D,,2813.0,汎德公司,電動小客車能源效率標示111年1月核發資料.csv
f6130bafd0d029f0,TW,import,passenger,ice,2022,2022-11-09,BMW,M135I XDRIVE HATCH,A8,5D,1998.0,1644.0,汎德公司,進口小客車車型耗能證明111年11月核發資料.csv
6910e8d6f8367f5b,TW,import,passenger,ice,2022,2022-10-11,BMW,M340I XDRIVE SEDAN MX,A8,4D,2998.0,1882.0,汎德公司,進口小客車車型耗能證明111年10月核發資料.csv
d33261a319d63d86,TW,import,passenger,ice,2022,2022-10-26,BMW,M340I XDRIVE TOURING,A8,5D,2998.0,1965.0,汎德公司,進口小客車車型耗能證明111年10月核發資料.csv
3672d1161261cd1d,TW,import,passenger,ice,2022,2022-05-24,BMW,M850I XDRIVE GRAN COUPE,A8,4D,4395.0,2161.0,汎德公司,進口小客車車型耗能證明111年5月核發資料.csv
1e9ce7893d570a81,TW,import,passenger,ice,2022,2022-12-23,BMW,X1 SDRIVE20I,A7,5D,1499.0,1681.0,汎德公司,進口小客車車型耗能證明111年12月核發資料.csv
4bd05ed62eb2c8b1,TW,import,passenger,ice,2022,2022-11-14,CITROEN,BERLINGO (M),A8,5D,1499.0,1718.0,寶嘉聯合,進口小客車車型耗能證明111年11月核發資料.csv
9987de3aaa5a10c5,TW,import,passenger,ice,2022,2022-11-15,CITROEN,BERLINGO (XL),M6,5D,1499.0,1746.0,寶嘉聯合,進口小客車車型耗能證明111年11月核發資料.csv
aa6fc0da89871240,TW,import,passenger,ice,2022,2022-08-01,FERRARI,812 COMPETIZIONE,A7,3D,6496.0,1836.0,臺灣蒙地拿,進口小客車車型耗能證明111年8月核發資料.csv
cf82907fdc78e2ae,TW,import,passenger,ice,2022,2022-12-07,FORD,FOCUS ST,A7,5D,2261.0,1624.0,福特六和,進口小客車車型耗能證明111年12月核發資料.csv
37dc09882f297e96,TW,import,passenger,ice,2022,2022-12-07,FORD,FOCUS ST,M6,5D,2261.0,1604.0,福特六和,進口小客車車型耗能證明111年12月核發資料.csv
c7d3db215e36ab3c,TW,import,passenger,ice,2022,2022-12-07,FORD,FOCUS ST WAGON,A7,5D,2261.0,1685.0,福特六和,進口小客車車型耗能證明111年12月核發資料.csv
4deac13b7f40e1cf,TW,import,passenger,ice,2022,2022-09-05,FORD,TOURNEO CONNECT,A7,5D,1968.0,1845.0,福特六和,進口小客車車型耗能證明111年9月核發資料.csv
7dca1c81564cec7a,TW,import,passenger,bev,2022,2022-01-21,HONDA,e,A1,5D,,1635.0,新北市公會,電動小客車能源效率標示111年1月核發資料.csv
b29e68c10961a7b2,TW,import,passenger,bev,2022,2022-01-22,HYUNDAI,IONIQ5-A,A1,5D,,1970.0,三陽工業,電動小客車能源效率標示111年1月核發資料.csv
859d12448fa0c0cf,TW,import,passenger,bev,2022,2022-01-22,HYUNDAI,IONIQ5-B,A1,5D,,2096.0,三陽工業,電動小客車能源效率標示111年1月核發資料.csv
243be3f4a1ce1111,TW,import,passenger,bev,2022,2022-01-22,HYUNDAI,IONIQ5-C,A1,5D,,2207.0,三陽工業,電動小客車能源效率標示111年1月核發資料.csv
32fe4b2a0ae3ead0,TW,import,passenger,ice,2022,2022-02-14,HYUNDAI,Santa Fe-J,A6,5D,1598.0,2061.0,三陽工業,進口小客車車型耗能證明111年2月核發資料.csv
f79f3a8bae1916b3,TW,import,passenger,ice,2022,2022-05-05,HYUNDAI,Santa Fe-K,A6,5D,1598.0,1934.0,三陽工業,進口小客車車型耗能證明111年5月核發資料.csv
891024006b0b1abc,TW,import,passenger,ice,2022,2022-05-06,HYUNDAI,Santa Fe-L,A6,5D,1598.0,2046.0,三陽工業,進口小客車車型耗能證明111年5月核發資料.csv
196a802a6df2e1e1,TW,import,passenger,ice,2022,2022-06-21,HYUNDAI,Santa Fe-M,A8,5D,2151.0,1912.0,三陽工業,進口小客車車型耗能證明111年6月核發資料.csv
8d58beb71e93be85,TW,import,passenger,ice,2022,2022-06-27,HYUNDAI,Santa Fe-N,A8,5D,2151.0,111.0,三陽工業,進口小客車車型耗能證明111年6月核發資料.csv
23cd7f6a5c91e44b,TW,import,passenger,ice,2022,2022-06-21,HYUNDAI,Santa Fe-O,A8,5D,2151.0,1901.0,三陽工業,進口小客車車型耗能證明111年6月核發資料.csv
354d8146f0d9af05,TW,import,passenger,ice,2022,2022-06-13,HYUNDAI,Santa Fe-P,A8,5D,2151.0,1929.0,三陽工業,進口小客車車型耗能證明111年6月核發資料.csv
6346e47e73426675,TW,import,passenger,ice,2022,2022-06-21,HYUNDAI,Santa Fe-Q,A8,5D,2151.0,2023.0,三陽工業,進口小客車車型耗能證明111年6月核發資料.csv
e87ceb7ff512af19,TW,import,passenger,ice,2022,2022-03-04,INFINITI,QX60 AWD,A9,5D,3498.0,2229.0,裕隆汽車,進口小客車車型耗能證明111年3月核發資料.csv
00ea3cd23a181692,TW,import,passenger,ice,2022,2022-01-27,JAGUAR,XE 184kW,A8,4D,1997.0,1760.0,台灣捷豹,進口小客車車型耗能證明111年1月核發資料.csv
ae5a6ea6c7d943a7,TW,import,passenger,ice,2022,2022-11-09,KIA,CEED SW PE M1.5A,A7,5D,1482.0,1518.0,台灣森那美,進口小客車車型耗能證明111年11月核發資料.csv
e179ffff0aafb628,TW,import,passenger,bev,2022,2022-06-14,KIA,EV6 AIR LR,A1,5D,,2116.0,台灣森那美,電動小客車能效標示111年6月核發資料.csv
825ca9d6f5099cc5,TW,import,passenger,bev,2022,2022-06-14,KIA,EV6 AIR SR,A1,5D,,2018.0,台灣森那美,電動小客車能效標示111年6月核發資料.csv
dcab9de017445350,TW,import,passenger,bev,2022,2022-06-14,KIA,EV6 GT LINE LA,A1,5D,,2257.0,台灣森那美,電動小客車能效標示111年6月核發資料.csv
8a0ceb62b7a834ae,TW,import,passenger,bev,2022,2022-06-23,KIA,EV6 GT LINE LR,A1,5D,,2150.0,台灣森那美,電動小客車能效標示111年6月核發資料.csv
126c08a802415ce3,TW,import,passenger,ice,2022,2022-05-31,KIA,SPORTAGE NQ5 A2 2WD,A7,5D,1598.0,1701.0,台灣森那美,進口小客車車型耗能證明111年5月核發資料.csv
15c15b62b9c2c9b8,TW,import,passenger,ice,2022,2022-06-14,KIA,SPORTAGE NQ5 B1 2WD,A7,5D,1598.0,1726.0,台灣森那美,進口小客車車型耗能證明111年6月核發資料.csv
af204058a38f1ef0,TW,import,passenger,ice,2022,2022-06-14,KIA,SPORTAGE NQ5 X1 2WD,A7,5D,1598.0,1736.0,台灣森那美,進口小客車車型耗能證明111年6月核發資料.csv
d2cd756e30b1d51b,TW,import,passenger,ice,2022,2022-05-31,KIA,SPORTAGE NQ5 X2 4WD,A7,5D,1598.0,1814.0,台灣森那美,進口小客車車型耗能證明111年5月核發資料.csv
56062405be1e356b,TW,import,passenger,ice,2022,2022-01-21,LAND ROVER,RANGE ROVER VELAR,A8,5D,1997.0,2073.0,台灣捷豹,進口小客車車型耗能證明111年1月核發資料.csv
1318399db1edecaf,TW,import,passenger,ice,2022,2022-10-14,LEXUS,RX350,A8,5D,2393.0,1957.0,和泰汽車,進口小客車車型耗能證明111年10月核發資料.csv
6a4dcf1fa5fd41c1,TW,import,passenger,ice,2022,2022-10-14,LEXUS,RX350 4WD,A8,5D,2393.0,2080.0,和泰汽車,進口小客車車型耗能證明111年10月核發資料.csv
94dc077c2a271dc5,TW,import,passenger,ice,2022,2022-10-14,LEXUS,RX350h 4WD HYBRID,CVT,5D,2487.0,2139.0,和泰汽車,進口小客車車型耗能證明111年10月核發資料.csv
79b91a93656cdde3,TW,import,passenger,ice,2022,2022-10-20,LEXUS,RX350h HYBRID,CVT,5D,2487.0,2028.0,和泰汽車,進口小客車車型耗能證明111年10月核發資料.csv
00f7a10e0b5df38f,TW,import,passenger,ice,2022,2022-10-14,LEXUS,RX500h HYBRID,A6,5D,2393.0,2224.0,和泰汽車,進口小客車車型耗能證明111年10月核發資料.csv
0a0681fae8b660ac,TW,import,passenger,ice,2022,2022-11-18,MASERAT,GRECALE GT HYBRID,A8,5D,1995.0,2126.0,臺灣蒙地拿,進口小客車車型耗能證明111年11月核發資料.csv
95e7f4e9595a05ba,TW,import,passenger,ice,2022,2022-12-01,MASERATI,GRECALE TROFEO,A8,5D,2992.0,2257.0,臺灣蒙地拿,進口小客車車型耗能證明111年12月核發資料.csv
53a0d37f5d7c3287,TW,import,passenger,ice,2022,2022-04-15,MASERATI,LEVANTE MODENA S,A8,4D,2979.0,2383.0,臺灣蒙地拿,進口小客車車型耗能證明111年4月核發資料.csv
ca550aaf6da88dcd,TW,import,passenger,ice,2022,2022-03-07,MASERATI,MC20,A8,2D,2992.0,1807.0,臺灣蒙地拿,進口小客車車型耗能證明111年3月核發資料.csv
061b28e4bc408ab8,TW,import,passenger,ice,2022,2022-09-22,MAZDA,CX-3,A6,5D,1998.0,1374.0,台灣馬自達,進口小客車車型耗能證明111年9月核發資料.csv
f6fb3b268b3e0b1f,TW,import,passenger,ice,2022,2022-04-14,MAZDA,Mazda3 HYBRID,A6,5D,1998.0,1548.0,台灣馬自達,進口小客車車型耗能證明111年4月核發資料.csv
9234c498440c48d9,TW,import,passenger,ice,2022,2022-11-22,MERCEDES-BENZ,AMG C 43 4MATIC+,A9,4D,1991.0,1951.0,台灣賓士,進口小客車車型耗能證明111年11月核發資料.csv
3d05cd017b4b21a4,TW,unspecified,passenger,bev,2022,2022-09-23,MERCEDES-BENZ,AMG EQE 43 4MATIC,A1,4D,,2585.0,台灣賓士,小客車電動車能效標示111年9月核發資料.csv
ca9aba638c7632b4,TW,import,passenger,bev,2022,2022-04-21,MERCEDES-BENZ,AMG EQS 53 4MATIC+,A1,5D,,2792.0,台灣賓士,電動小客車能效標示111年4月核發資料.csv
debbdb9fa29dc196,TW,unspecified,passenger,bev,2022,2022-09-19,MERCEDES-BENZ,AMG EQS 53 4MATIC+,A1,5D,,2774.0,台灣賓士,小客車電動車能效標示111年9月核發資料.csv
372a6c605ab25b70,TW,import,passenger,ice,2022,2022-01-07,MERCEDES-BENZ,C 200,A9,4D,1496.0,1763.0,台灣賓士,進口小客車車型耗能證明111年1月核發資料.csv
fbdb75304233e224,TW,import,passenger,ice,2022,2022-01-07,MERCEDES-BENZ,C 300,A9,4D,1999.0,1814.0,台灣賓士,進口小客車車型耗能證明111年1月核發資料.csv
841efad7b62bdd8b,TW,unspecified,passenger,bev,2022,2022-09-08,MERCEDES-BENZ,EQA 250,A1,5D,,2071.0,台灣賓士,小客車電動車能效標示111年9月核發資料.csv
8b651f9e37cc4f07,TW,import,passenger,bev,2022,2022-07-26,MERCEDES-BENZ,EQB 300 4MATIC,A1,5D,,2282.0,台灣賓士,小客車電動車能效標示111年7月核發資料.csv
02c0c9e2ecb5e3bb,TW,import,passenger,bev,2022,2022-08-02,MERCEDES-BENZ,EQC 400 4MATIC,A1,5D,,2599.0,新北市公會,小客車電動車能效標示111年8月核發資料.csv
7e45f7a053987dde,TW,import,passenger,bev,2022,2022-11-08,MERCEDES-BENZ,EQE 300,A1,4D,,2491.0,台灣賓士,小客車電動車能效標示111年11月核發資料.csv
93318ca4d96090f6,TW,import,passenger,bev,2022,2022-12-12,MERCEDES-BENZ,EQS 450+,A1,4D,,2613.0,新北市公會,小客車電動車能效標示111年12月核發資料.csv
5b5be19d52f32b8b,TW,unspecified,passenger,bev,2022,2022-09-08,MERCEDES-BENZ,EQS 450+,A1,5D,,2583.0,台灣賓士,小客車電動車能效標示111年9月核發資料.csv
6558b27550715444,TW,import,passenger,ice,2022,2022-12-01,MERCEDES-BENZ,GLC 200 4MATIC,A9,5D,1999.0,2027.0,台灣賓士,進口小客車車型耗能證明111年12月核發資料.csv
0c255e8e7e4e8804,TW,import,passenger,ice,2022,2022-12-12,MERCEDES-BENZ,GLC 200 4MATIC,A9,5D,1999.0,1947.0,台灣賓士,進口小客車車型耗能證明111年12月核發資料.csv
da89c2b53822c950,TW,import,passenger,ice,2022,2022-12-01,MERCEDES-BENZ,GLC 300 4MATIC,A9,5D,1999.0,2018.0,台灣賓士,進口小客車車型耗能證明111年12月核發資料.csv
2bc6118fc0faa8fa,TW,import,passenger,ice,2022,2022-08-10,MERCEDES-BENZ,S 580 4MATIC,A9,4D,3982.0,2390.0,台灣賓士,進口小客車車型耗能證明111年8月核發資料.csv
c9ee9e552b1d547c,TW,import,passenger,ice,2022,2022-08-09,MERCEDES-BENZ,S 580 MAYBACH,A9,4D,3982.0,2507.0,台灣賓士,進口小客車車型耗能證明111年8月核發資料.csv
2d9bc9c842b2e3b8,TW,import,passenger,ice,2022,2022-08-10,MERCEDES-BENZ,S450 4MATIC,A9,4D,2999.0,2239.0,台灣賓士,進口小客車車型耗能證明111年8月核發資料.csv
83ad84fadf39e28d,TW,import,passenger,bev,2022,2022-07-13,MINI,MINI COOPER SE HATCH,A1,3D,,1501.0,汎德公司,小客車電動車能效標示111年7月核發資料.csv
acb5d4023f2c0624,TW,import,passenger,ice,2022,2022-07-12,MINI,MINI JOHN COOPER WORKS HATCH,A8,3D,1998.0,1385.0,汎德公司,進口小客車車型耗能證明111年7月核發資料.csv
c2bbbd76566a4c8f,TW,import,passenger,ice,2022,2022-09-07,Mahindra,KUV100,M5,5D,1198.0,1198.0,百吉發,進口小客車車型耗能證明111年9月核發資料.csv
09b8d3424e97715c,TW,import,passenger,ice,2022,2022-03-10,McLaren,765LT Spider,A7,2D,3994.0,1584.0,永三汽車,進口小客車車型耗能證明111年3月核發資料.csv
41dcb7d67361ddcf,TW,import,passenger,ice,2022,2022-07-07,Mercedes-AMG,AMG SL 55 4MATIC+,A9,2D,3982.0,1988.0,台灣賓士,進口小客車車型耗能證明111年7月核發資料.csv
13a0819309d1c2b2,TW,import,passenger,ice,2022,2022-06-29,NISSAN,ALTIMA,CVT,4D,1997.0,1667.0,裕隆汽車,進口小客車車型耗能證明111年6月核發資料.csv
a79015ff97ba1621,TW,import,passenger,bev,2022,2022-05-11,NISSAN,LEAF,A1,5D,,1656.0,裕隆汽車,電動小客車能效標示111年5月核發資料.csv
ef3025e51d8acaaf,TW,import,passenger,bev,2022,2022-05-11,NISSAN,LEAF 214HP,A1,5D,,1781.0,裕隆汽車,電動小客車能效標示111年5月核發資料.csv
5fd86ca9b1d37a44,TW,import,passenger,ice,2022,2022-12-01,NISSAN,X-TRAIL e-POWER,A1,5D,1497.0,1989.0,裕隆汽車,進口小客車車型耗能證明111年12月核發資料.csv
f94f8cc0ba718f0c,TW,import,passenger,ice,2022,2022-12-30,OPEL,GRANDLAND GS LINE,A8,5D,1199.0,1523.0,歐吉汽車,進口小客車車型耗能證明111年12月核發資料.csv
8245e889cc083393,TW,import,passenger,ice,2022,2022-11-18,OPEL,MOKKA ELEGANCE,A8,5D,1199.0,1336.0,歐吉汽車,進口小客車車型耗能證明111年11月核發資料.csv
30cb785eead295db,TW,import,passenger,bev,2022,2022-12-15,OPEL,MOKKA-e,A1,5D,,1654.0,歐吉汽車,小客車電動車能效標示111年12月核發資料.csv
5dd9b1f2cf627930,TW,import,passenger,bev,2022,2022-04-13,PEUGEOT,e2008,A1,5D,,1680.0,寶嘉聯合,電動小客車能效標示111年4月核發資料.csv
2e9a5df7c9a7ad56,TW,import,passenger,ice,2022,2022-09-13,PORSCHE,718 CAYMAN GT4 RS,A7,2D,3996.0,1585.0,台灣保時捷,進口小客車車型耗能證明111年9月核發資料.csv
15b02df30c9ef42f,TW,import,passenger,ice,2022,2022-05-06,PORSCHE,718 CAYMAN S,A7,2D,2497.0,1525.0,台灣保時捷,進口小客車車型耗能證明111年5月核發資料.csv
f3bfd943d73e33df,TW,import,passenger,ice,2022,2022-07-15,PORSCHE,911 GT3 WITH TOURING PACKAGE,A7,2D,3996.0,1602.0,台灣保時捷,進口小客車車型耗能證明111年7月核發資料.csv
54896d045ed1d017,TW,import,passenger,ice,2022,2022-05-05,PORSCHE,911 GT3 WITH TOURING PACKAGE,M6,2D,3996.0,1586.0,台灣保時捷,進口小客車車型耗能證明111年5月核發資料.csv
a6a307f643430b55,TW,import,passenger,ice,2022,2022-11-02,PORSCHE,MACAN,A7,5D,1984.0,1999.0,台灣保時捷,進口小客車車型耗能證明111年11月核發資料.csv
fca0c4a35a466ed6,TW,import,passenger,ice,2022,2022-11-02,PORSCHE,MACAN,A7,5D,1984.0,1980.0,台灣保時捷,進口小客車車型耗能證明111年11月核發資料.csv
c18c5d9b48d0ad13,TW,import,passenger,ice,2022,2022-03-03,PORSCHE,MACAN,A7,5D,1984.0,2010.0,台灣保時捷,進口小客車車型耗能證明111年3月核發資料.csv
971f34dab06cea4e,TW,import,passenger,ice,2022,2022-05-12,PORSCHE,MACAN,A7,5D,1984.0,2028.0,台中市公會,進口小客車車型耗能證明111年5月核發資料.csv
28c1919de2bf418c,TW,import,passenger,ice,2022,2022-11-24,PORSCHE,MACAN GTS,A7,5D,2894.0,2082.0,台灣保時捷,進口小客車車型耗能證明111年11月核發資料.csv
4b655989aa34e0c0,TW,import,passenger,ice,2022,2022-11-24,PORSCHE,MACAN GTS,A7,5D,2894.0,2111.0,台灣保時捷,進口小客車車型耗能證明111年11月核發資料.csv
74714739d094d348,TW,import,passenger,ice,2022,2022-11-01,PORSCHE,MACAN S,A7,5D,2894.0,2067.0,台灣保時捷,進口小客車車型耗能證明111年11月核發資料.csv
76d1c565696428cb,TW,import,passenger,bev,2022,2022-06-08,PORSCHE,TAYCAN GTS,A2,4D,,2474.0,台灣保時捷,電動小客車能效標示111年6月核發資料.csv
fff51977879adaf2,TW,import,passenger,ice,2022,2022-03-14,ROLLS-ROYCE,GHOST BLACK BADGE,A8,4D,6749.0,2788.0,盛惟公司,進口小客車車型耗能證明111年3月核發資料.csv
2a3e9d6324a83f23,TW,import,passenger,ice,2022,2022-03-11,SKODA,FABIA 1.5 TSI HATCHBACK,A7,4D,1498.0,1320.0,奧迪福斯,進口小客車車型耗能證明111年3月核發資料.csv
c809dbc84d89bec6,TW,import,passenger,ice,2022,2022-06-14,SKODA,KAROQ 1.5 TSI HATCHBACK,A7,4D,1498.0,1496.0,奧迪福斯,進口小客車車型耗能證明111年6月核發資料.csv
39095c79627e1275,TW,import,passenger,ice,2022,2022-09-28,SKODA,KAROQ 1.5 TSI HATCHBACK,A7,4D,1498.0,1500.0,台灣福斯,進口小客車車型耗能證明111年9月核發資料.csv
0e30a0cd3280242b,TW,import,passenger,bev,2022,2022-08-04,SMART,EQ FORTWO CABRIO,A1,2D,,1197.0,苗栗縣公會,小客車電動車能效標示111年8月核發資料.csv
ff7e63070bdba390,TW,import,passenger,bev,2022,2022-08-04,SSANGYONG,KORANDO E-MOTION,A1,5D,,1997.0,永嘉雙龍,小客車電動車能效標示111年8月核發資料.csv
58be9b27c401ef0c,TW,import,passenger,ice,2022,2022-02-09,SUBARU,BRZ 2.4 EyeSight RWD 6AT,A6,2D,2387.0,1455.0,台灣速霸陸,進口小客車車型耗能證明111年2月核發資料.csv
da63b1deec1079a5,TW,import,passenger,ice,2022,2022-02-14,SUBARU,BRZ 2.4 RWD 6MT,M6,2D,2387.0,1434.0,台灣速霸陸,進口小客車車型耗能證明111年2月核發資料.csv
dd8e9f56776bbbea,TW,import,passenger,bev,2022,2022-08-02,SUBARU,SOLTERRA,A1,5D,,2120.0,台灣速霸陸,小客車電動車能效標示111年8月核發資料.csv
80b31f122ba82bb7,TW,import,passenger,ice,2022,2022-04-26,SUBARU,SUBARU XV 2.0i-S EyeSight AWD CVT,CVT,5D,1995.0,1552.0,台灣速霸陸,進口小客車車型耗能證明111年4月核發資料.csv
184235683a65e1c8,TW,import,passenger,ice,2022,2022-05-31,SUZUKI,SX4 GLX 2WD,A6,5D,1373.0,1339.0,金鈴汽車,進口小客車車型耗能證明111年5月核發資料.csv
113674c47ad39150,TW,import,passenger,ice,2022,2022-06-01,SUZUKI,SX4 GLX ALLGRIP,A6,5D,1373.0,1427.0,金鈴汽車,進口小客車車型耗能證明111年6月核發資料.csv
f3a214b172d9d899,TW,import,passenger,ice,2022,2022-09-13,TOYOTA,COROLLA SPORT,CVT,5D,1987.0,1474.0,和泰汽車,進口小客車車型耗能證明111年9月核發資料.csv
91da76a4adbb758a,TW,import,passenger,ice,2022,2022-07-27,TOYOTA,GR 86,A6,2D,2387.0,1442.0,和泰汽車,進口小客車車型耗能證明111年7月核發資料.csv
ff7014b4f11f4f09,TW,import,passenger,ice,2022,2022-07-27,TOYOTA,GR 86,M6,2D,2387.0,1424.0,和泰汽車,進口小客車車型耗能證明111年7月核發資料.csv
a46eb0b68175bd44,TW,import,passenger,ice,2022,2022-09-02,TOYOTA,Supra,M6,2D,2998.0,1604.0,和泰汽車,進口小客車車型耗能證明111年9月核發資料.csv
0ab6ab0a58727543,TW,import,passenger,bev,2022,2022-05-03,TOYOTA,bZ4X,A1,5D,,1996.0,和泰汽車,電動小客車能效標示111年5月核發資料.csv
56b43eec970a93cb,TW,import,passenger,bev,2022,2022-06-30,Tesla,Model 3 E3DP,A1,5D,,1999.0,台灣特斯拉,電動小客車能效標示111年6月核發資料.csv
a7c36cc8daed2c7b,TW,import,passenger,bev,2022,2022-01-24,Tesla,Model 3 E6L,A1,5D,,1915.0,台灣特斯拉,電動小客車能源效率標示111年1月核發資料.csv
e06c912cd7b1ba16,TW,import,passenger,bev,2022,2022-10-07,Tesla,Model Y Long Range,A1,5D,,2211.0,台灣特斯拉,小客車電動車能效標示111年10月核發資料.csv
e9b2afd1494c2080,TW,import,passenger,bev,2022,2022-10-07,Tesla,Model Y Performance,A1,5D,,2187.0,台灣特斯拉,小客車電動車能效標示111年10月核發資料.csv
66017f256f5814e8,TW,import,passenger,bev,2022,2022-11-18,VOLKSWAGEN,E-GOLF,A1,5D,,1660.0,苗栗縣公會,小客車電動車能效標示111年11月核發資料.csv
d51f068fcde8a827,TW,import,passenger,bev,2022,2022-08-04,VOLKSWAGEN,E-GOLF SEL PREMIUM,A1,5D,,1657.0,苗栗縣公會,小客車電動車能效標示111年8月核發資料.csv
2e18909ac346ca28,TW,import,passenger,ice,2022,2022-04-14,VOLKSWAGEN,T-ROC 280 TSI HATCHBACK,A7,4D,1498.0,1445.0,奧迪福斯,進口小客車車型耗能證明111年4月核發資料.csv
a8ccb20516333ebb,TW,import,passenger,ice,2022,2022-04-12,VOLKSWAGEN,T-ROC 330 TSI HATCHBACK,A7,4D,1984.0,1627.0,奧迪福斯,進口小客車車型耗能證明111年4月核發資料.csv
9be82f79056bea96,TW,import,passenger,ice,2022,2022-04-27,VOLKSWAGEN,T-ROC R HATCHBACK,A7,4D,1984.0,1679.0,奧迪福斯,進口小客車車型耗能證明111年4月核發資料.csv
364ab176f2f96828,TW,import,passenger,bev,2022,2022-11-23,VOLVO,C40 Twin Motor,A1,5D,,2232.0,國際富豪,小客車電動車能效標示111年11月核發資料.csv
3edee848c2b74440,TW,import,passenger,ice,2022,2022-09-06,VOLVO,S60 B4,A7,4D,1969.0,1767.0,國際富豪,進口小客車車型耗能證明111年9月核發資料.csv
e690067b00eca4bf,TW,import,passenger,ice,2022,2022-02-23,VOLVO,V60 B4,A7,5D,1969.0,1793.0,國際富豪,進口小客車車型耗能證明111年2月核發資料.csv
5df1cf34ac4d4ce5,TW,import,passenger,ice,2022,2022-03-31,VOLVO,XC40 B4,A7,5D,1969.0,1781.0,國際富豪,進口小客車車型耗能證明111年3月核發資料.csv
02c6c9ae54ea564e,TW,import,passenger,bev,2022,2022-06-23,VOLVO,XC40 Single Motor,A1,5D,,2081.0,國際富豪,電動小客車能效標示111年6月核發資料.csv
987cd4a6b0f8ee70,TW,import,passenger,ice,2022,2022-07-08,VOLVO,XC40 T2,A8,5D,1477.0,1662.0,國際富豪,進口小客車車型耗能證明111年7月核發資料.csv
dcc39b35261d5b1b,TW,domestic,passenger,ice,2022,2022-08-17,三陽,CUSTIN KUG-A,A8,5D,1497.0,1777.0,三陽工業,國產小客車車型耗能證明111年8月核發資料.csv
e05cd8ba0e580989,TW,domestic,passenger,ice,2022,2022-08-11,三陽,CUSTIN KUG-B,A8,5D,1497.0,1842.0,三陽工業,國產小客車車型耗能證明111年8月核發資料.csv
ad8be41159924498,TW,domestic,passenger,ice,2022,2022-08-03,中華名爵,MG HS HS152BA,A7,5D,1490.0,1662.0,中華汽車,國產小客車車型耗能證明111年8月核發資料.csv
3ac4a32dcc8bdf2c,TW,domestic,passenger,ice,2022,2022-12-21,中華名爵,MG HS HS20BA,A6,5D,1995.0,1823.0,中華汽車,國產小客車車型耗能證明111年12月核發資料.csv
c44dc2367895f486,TW,domestic,passenger,ice,2022,2022-11-08,國瑞,YARIS NSP151L-FHXGKR (R15),CVT,4D,1496.0,1189.0,國瑞汽車,國產小客車車型耗能證明111年11月核發資料.csv
6859695a805844eb,TW,domestic,passenger,ice,2022,2022-11-09,國瑞,YARIS NSP151L-FHXGKR (R16),CVT,4D,1496.0,1208.0,國瑞汽車,國產小客車車型耗能證明111年11月核發資料.csv
e3d96b69faf1aeeb,TW,domestic,passenger,ice,2022,2022-11-10,國瑞,YARIS NSP151L-FHXVKR,CVT,4D,1496.0,1208.0,國瑞汽車,國產小客車車型耗能證明111年11月核發資料.csv
9dbc2adf423bd8ec,TW,domestic,passenger,ice,2022,2022-06-22,日產,KICKS P15 GV,CVT,5D,1598.0,1297.0,裕隆汽車,國產小客車車型耗能證明111年6月核發資料.csv
bccae2824e978e37,TW,domestic,passenger,ice,2022,2022-04-13,本田,HR-V B523N1501,CVT,5D,1498.0,1362.0,台灣本田,國產小客車車型耗能證明111年4月核發資料.csv
8ad0fac0f2567e84,TW,domestic,passenger,ice,2022,2022-04-07,本田,HR-V B523N1502,CVT,5D,1498.0,1368.0,台灣本田,國產小客車車型耗能證明111年4月核發資料.csv
384f78892dcf41a3,TW,domestic,passenger,ice,2022,2022-12-12,福特六和,FOCUS ACTIVE C519-2Z,A8,5D,1497.0,1459.0,福特六和,國產小客車車型耗能證明111年12月核發資料.csv
0bea8091df9a6144,TW,domestic,passenger,ice,2022,2022-12-06,福特六和,FOCUS ACTIVE C519-3Z,A8,5D,1497.0,1494.0,福特六和,國產小客車車型耗能證明111年12月核發資料.csv
657fa46d5ee99740,TW,domestic,passenger,ice,2022,2022-12-06,福特六和,FOCUS C519-NZ,A8,5D,1497.0,1409.0,福特六和,國產小客車車型耗能證明111年12月核發資料.csv
7141fadf92d0d319,TW,domestic,passenger,ice,2022,2022-12-12,福特六和,FOCUS C519-PZ,A8,5D,1497.0,1442.0,福特六和,國產小客車車型耗能證明111年12月核發資料.csv
9bd42364367b7044,TW,domestic,passenger,ice,2022,2022-12-06,福特六和,FOCUS C519-RZ,A8,5D,1497.0,1475.0,福特六和,國產小客車車型耗能證明111年12月核發資料.csv
efaab4ce48694773,TW,domestic,passenger,ice,2022,2022-12-06,福特六和,FOCUS WAGON C519-AZ,A8,5D,1497.0,1488.0,福特六和,國產小客車車型耗能證明111年12月核發資料.csv
c7c1ac6112a712e7,TW,domestic,passenger,ice,2022,2022-12-12,福特六和,FOCUS WAGON C519-BZ,A8,5D,1497.0,1519.0,福特六和,國產小客車車型耗能證明111年12月核發資料.csv
295431af55ac71a9,TW,domestic,passenger,ice,2022,2022-12-06,福特六和,FOCUS WAGON C519-CZ,A8,5D,1497.0,1517.0,福特六和,國產小客車車型耗能證明111年12月核發資料.csv
dbc082a0ca3ed156,TW,domestic,passenger,ice,2022,2022-09-13,福特六和,KUGA CX482-TA,A8,5D,1999.0,1764.0,福特六和,國產小客車車型耗能證明111年9月核發資料.csv
dd74307370565fc0,TW,domestic,passenger,ice,2022,2022-11-18,納智捷,LUXGEN URX L71HPAAMC,A6,5D,1798.0,1748.0,裕隆汽車,國產小客車車型耗能證明111年11月核發資料.csv
18e387784190f8dd,TW,domestic,passenger,ice,2022,2022-11-18,納智捷,LUXGEN URX L71HPBAMC,A6,5D,1798.0,1753.0,裕隆汽車,國產小客車車型耗能證明111年11月核發資料.csv
3e6cd0a45ed7188b,TW,domestic,passenger,ice,2022,2022-11-09,納智捷,LUXGEN URX L71HPVAMC,A6,5D,1798.0,1815.0,裕隆汽車,國產小客車車型耗能證明111年11月核發資料.csv
46558f620d68c49f,TW,import,passenger,ice,2023,2023-10-17,ASTON MARTIN,DB12,A8,2D,3982.0,1980.0,永三汽車,進口小客車車型耗能證明112年10月核發資料.csv
9cd0819f509129a6,TW,import,passenger,ice,2023,2023-11-22,ASTON MARTIN,DBS 770 ULTIMATE,A8,2D,5204.0,2035.0,永三汽車,進口小客車車型耗能證明112年11月核發資料.csv
08a0db8ef1b990c0,TW,import,passenger,ice,2023,2023-09-22,ASTON MARTIN,DBS 770 ULTIMATE VOLANTE,A8,2D,5204.0,2118.0,永三汽車,進口小客車車型耗能證明112年9月核發資料.csv
a8dde547cc987272,TW,import,passenger,ice,2023,2023-04-07,ASTON MARTIN,V12 VANTAGE ROADSTER,A8,2D,5204.0,2009.0,永三汽車,進口小客車車型耗能證明112年4月核發資料.csv
6eb0e853ed348908,TW,import,passenger,ice,2023,2023-10-23,Audi,A4 AVANT 45 TFSI quattro HATCHBACK,A7,4D,1984.0,1752.0,台灣福斯,進口小客車車型耗能證明112年10月核發資料.csv
8954084683518c95,TW,import,passenger,ice,2023,2023-11-22,Audi,A5 SPORTBACK 45 TFSI quattro,A7,4D,1984.0,1772.0,台灣福斯,進口小客車車型耗能證明112年11月核發資料.csv
0a920ed531b01fb6,TW,import,passenger,bev,2023,2023-08-04,Audi,Q8 e-tron 50 quattro HATCHBACK,A1,4D,,2705.0,台灣福斯,小客車電動車能效標示112年8月核發資料.csv
9c4835c7e7bc3837,TW,import,passenger,bev,2023,2023-08-04,Audi,Q8 e-tron 55 quattro HATCHBACK,A1,4D,,2729.0,台灣福斯,小客車電動車能效標示112年8月核發資料.csv
caf2c3d825276d43,TW,import,passenger,bev,2023,2023-08-04,Audi,Q8 e-tron SPORTBACK 50 quattro HATCHBACK,A1,4D,,2705.0,台灣福斯,小客車電動車能效標示112年8月核發資料.csv
f2817192cc48103e,TW,import,passenger,bev,2023,2023-08-04,Audi,Q8 e-tron SPORTBACK 55 quattro HATCHBACK,A1,4D,,2728.0,台灣福斯,小客車電動車能效標示112年8月核發資料.csv
c776c665c29424bf,TW,import,passenger,ice,2023,2023-04-27,Audi,RS6 AVANT PERFORMANCE quattro HATCHBACK,A8,4D,3996.0,2316.0,台灣福斯,進口小客車車型耗能證明112年4月核發資料.csv
55a98aff75401d71,TW,import,passenger,ice,2023,2023-05-12,Audi,RS7 PERFORMANCE quattro,A8,4D,3996.0,2304.0,台灣福斯,進口小客車車型耗能證明112年5月核發資料.csv
7d1afa1297c4f42d,TW,import,passenger,bev,2023,2023-12-18,Audi,SQ8 e-tron SPORTBACK quattro HATCHBACK,A1,4D,,2791.0,台灣福斯,小客車電動車能效標示112年12月核發資料.csv
a2164b0369f2c4aa,TW,import,passenger,bev,2023,2023-12-18,Audi,SQ8 e-tron quattro HATCHBACK,A1,4D,,2773.0,台灣福斯,小客車電動車能效標示112年12月核發資料.csv
57d20d737b12b22c,TW,import,passenger,ice,2023,2023-02-03,BENTLEY,BENTAYGA EWB,A8,5D,3996,2722,永三汽車,進口小客車車型耗能證明112年2月核發資料.csv
eb854a6d96467f92,TW,import,passenger,ice,2023,2023-04-10,BENTLEY,CONTINENTAL GT,A8,2D,5950.0,2475.0,永三汽車,進口小客車車型耗能證明112年4月核發資料.csv
4b1254d6f2325b68,TW,import,passenger,ice,2023,2023-11-06,BENTLEY,CONTINENTAL GT CONVERTIBLE,A8,2D,5950.0,2657.0,永三汽車,進口小客車車型耗能證明112年11月核發資料.csv
f2dad36fef12cc9f,TW,import,passenger,ice,2023,2023-12-21,BMW,220I ACTIVE TOURER,A7,5D,1499.0,1624.0,汎德公司,進口小客車車型耗能證明112年12月核發資料.csv
d4662e784c266186,TW,import,passenger,ice,2023,2023-11-13,BMW,318I SEDAN MX,A8,4D,1998.0,1630.0,汎德公司,進口小客車車型耗能證明112年11月核發資料.csv
1c0236ee431d0438,TW,import,passenger,ice,2023,2023-10-17,BMW,320I SEDAN MX,A8,4D,1998.0,1642.0,汎德公司,進口小客車車型耗能證明112年10月核發資料.csv
e5843f0231042a6a,TW,import,passenger,ice,2023,2023-09-01,BMW,320I TOURING,A8,5D,1998.0,1741.0,汎德公司,進口小客車車型耗能證明112年9月核發資料.csv
310f80a7e86ec69c,TW,import,passenger,ice,2023,2023-10-23,BMW,330I SEDAN MX,A8,4D,1998.0,1704.0,汎德公司,進口小客車車型耗能證明112年10月核發資料.csv
f6494ecc56c93e7f,TW,import,passenger,ice,2023,2023-09-01,BMW,330I TOURING,A8,5D,1998.0,1804.0,汎德公司,進口小客車車型耗能證明112年9月核發資料.csv
6579abadd63cc183,TW,import,passenger,ice,2023,2023-09-04,BMW,420I GRAN COUPE,A8,5D,1998.0,1734.0,汎德公司,進口小客車車型耗能證明112年9月核發資料.csv
55a9032919f45679,TW,import,passenger,ice,2023,2023-09-04,BMW,430I GRAN COUPE,A8,5D,1998.0,1809.0,汎德公司,進口小客車車型耗能證明112年9月核發資料.csv
b2464d77598da506,TW,import,passenger,ice,2023,2023-09-05,BMW,520I SEDAN,A8,4D,1998.0,1844.0,汎德公司,進口小客車車型耗能證明112年9月核發資料.csv
741d5b99180564f9,TW,import,passenger,ice,2023,2023-08-29,BMW,735I SEDAN,A8,4D,2998,2165,汎德公司,進口小客車車型耗能證明112年8月核發資料.csv
34687bc35c37b988,TW,import,passenger,ice,2023,2023-08-29,BMW,740I SEDAN,A8,4D,2998,2247,汎德公司,進口小客車車型耗能證明112年8月核發資料.csv
c5fc3d5a29fa6b66,TW,import,passenger,bev,2023,2023-11-09,BMW,BMW I5 EDRIVE40 SEDAN,A1,4D,,2282.0,汎德公司,小客車電動車能效標示112年11月核發資料.csv
34ee2fa66a7b1795,TW,import,passenger,bev,2023,2023-11-09,BMW,BMW I5 M60 XDRIVE SEDAN,A1,4D,,2451.0,汎德公司,小客車電動車能效標示112年11月核發資料.csv
a196f4dda2688751,TW,import,passenger,bev,2023,2023-10-23,BMW,BMW I7 EDRIVE50 SEDAN,A1,4D,,2676.0,汎德公司,小客車電動車能效標示112年10月核發資料.csv
e10f168024c4a3d2,TW,import,passenger,bev,2023,2023-02-18,BMW,BMW I7 XDRIVE60 SEDAN,A1,4D,,2793.0,汎德公司,小客車電動車能效標示112年2月核發資料.csv
dc25bd67585f12b2,TW,import,passenger,ice,2023,2023-03-14,BMW,M2 COUPE MX,A8,2D,2993.0,1823.0,汎德公司,進口小客車車型耗能證明112年3月核發資料.csv
69d8e7414391feb6,TW,import,passenger,ice,2023,2023-03-14,BMW,M3 COMPETITION M XDRIVE TOURING,A8,5D,2993.0,1972.0,汎德公司,進口小客車車型耗能證明112年3月核發資料.csv
6c9422e332864c5c,TW,import,passenger,ice,2023,2023-07-12,BMW,M3 CS SEDAN,A8,4D,2993.0,1858.0,汎德公司,進口小客車車型耗能證明112年7月核發資料.csv
94178466428f9a07,TW,import,passenger,ice,2023,2023-10-23,BMW,M340I XDRIVE SEDAN MX,A8,4D,2998.0,1884.0,汎德公司,進口小客車車型耗能證明112年10月核發資料.csv
4f3b9be80c1be5a0,TW,import,passenger,ice,2023,2023-09-04,BMW,M340I XDRIVE TOURING,A8,5D,2998.0,1955.0,汎德公司,進口小客車車型耗能證明112年9月核發資料.csv
26a7d6ddc8ff900b,TW,import,passenger,ice,2023,2023-01-06,BMW,M4 CSL COUPE,A8,2D,2993.0,1741.0,汎德公司,進口小客車車型耗能證明112年1月核發資料.csv
e118436184a69c88,TW,import,passenger,ice,2023,2023-03-02,BMW,Z4 M40I,A8,2D,2998.0,1682.0,汎德公司,進口小客車車型耗能證明112年3月核發資料.csv
65bf0a687d04ddd4,TW,import,passenger,ice,2023,2023-03-02,BMW,Z4 SDRIVE20I,A8,2D,1998.0,1590.0,汎德公司,進口小客車車型耗能證明112年3月核發資料.csv
b733ec7d2e95e426,TW,import,passenger,bev,2023,2023-09-19,BRABUS,92R,A1,2D,,1226.0,三一國際,小客車電動車能效標示112年9月核發資料.csv
22c77a57ef0bba9d,TW,import,passenger,ice,2023,2023-02-10,CITROEN,C4,A8,5D,1199,1381,寶嘉聯合,進口小客車車型耗能證明112年2月核發資料.csv
bf4e3a8dba3ad6ca,TW,import,passenger,bev,2023,2023-07-13,CITROEN,eC4 (100kW),A1,5D,,1695.0,寶嘉聯合,小客車電動車能效標示112年7月核發資料.csv
eee9366b1e653345,TW,import,passenger,ice,2023,2023-04-07,FERRARI,812 COMPETIZIONE A,A7,2D,6496.0,1904.0,臺灣蒙地拿,進口小客車車型耗能證明112年4月核發資料.csv
98b223c512e8701d,TW,import,passenger,ice,2023,2023-11-13,FERRARI,DAYTONA SP3,A7,2D,6496.0,1774.0,臺灣蒙地拿,進口小客車車型耗能證明112年11月核發資料.csv
be802a2b4b28b775,TW,import,passenger,ice,2023,2023-08-02,FERRARI,PUROSANGUE,A8,5D,6496,2402,臺灣蒙地拿,進口小客車車型耗能證明112年8月核發資料.csv
28a6d3cf61f76acc,TW,import,passenger,bev,2023,2023-01-12,FIAT,NEW 500e,A1,3D,,1465,省聯合會,小客車電動車能效標示112年1月核發資料.csv
63579b51613ac43c,TW,import,passenger,ice,2023,2023-10-24,FORD,MUSTANG,A10,2D,2261.0,1818.0,福特六和,進口小客車車型耗能證明112年10月核發資料.csv
9f2a4861350eabfb,TW,import,passenger,ice,2023,2023-10-18,FORD,MUSTANG FC,M6,2D,5038.0,1944.0,福特六和,進口小客車車型耗能證明112年10月核發資料.csv
462669107223d8b2,TW,import,passenger,ice,2023,2023-10-18,FORD,MUSTANG GT,M6,2D,5038.0,1913.0,福特六和,進口小客車車型耗能證明112年10月核發資料.csv
f2c6039abfdeb95f,TW,import,passenger,bev,2023,2023-08-23,FORD,MUSTANG MACH-E AWD,A1,5D,,2347.0,福特六和,小客車電動車能效標示112年8月核發資料.csv
7550e9fff3c6d85a,TW,import,passenger,bev,2023,2023-08-23,FORD,MUSTANG MACH-E GT,A1,5D,,2415.0,福特六和,小客車電動車能效標示112年8月核發資料.csv
b04798da88a15609,TW,import,passenger,bev,2023,2023-08-23,FORD,MUSTANG MACH-E RWD,A1,5D,,2259.0,福特六和,小客車電動車能效標示112年8月核發資料.csv
33ea09d94de09929,TW,import,passenger,ice,2023,2023-01-10,HONDA,CIVIC TOP-E,A1,5D,1993.0,1594.0,本田公司,進口小客車車型耗能證明112年1月核發資料.csv
aa64d747157bc6b2,TW,import,passenger,bev,2023,2023-03-29,HYUNDAI,IONIQ5-D,A1,5D,,2088.0,三陽工業,小客車電動車能效標示112年3月核發資料.csv
c04e1e7920e38068,TW,import,passenger,bev,2023,2023-03-29,HYUNDAI,IONIQ5-E,A1,5D,,2224.0,三陽工業,小客車電動車能效標示112年3月核發資料.csv
059a6dd3cece027e,TW,import,passenger,bev,2023,2023-05-29,HYUNDAI,IONIQ6-A,A1,4D,,1890.0,三陽工業,小客車電動車能效標示112年5月核發資料.csv
65ba8f49024182ce,TW,import,passenger,bev,2023,2023-05-29,HYUNDAI,IONIQ6-B,A1,4D,,2039.0,三陽工業,小客車電動車能效標示112年5月核發資料.csv
b618ad3ce6578437,TW,import,passenger,bev,2023,2023-05-29,HYUNDAI,IONIQ6-C,A1,4D,,2158.0,三陽工業,小客車電動車能效標示112年5月核發資料.csv
d6d1e1cb263fdafa,TW,import,passenger,bev,2023,2023-05-29,HYUNDAI,IONIQ6-D,A1,4D,,2186.0,三陽工業,小客車電動車能效標示112年5月核發資料.csv
534dcc558dd8572f,TW,import,passenger,ice,2023,2023-01-10,INFINITI,QX50 FWD,CVT,5D,1997.0,1946.0,裕隆汽車,進口小客車車型耗能證明112年1月核發資料.csv
9162f5c37333f939,TW,import,passenger,ice,2023,2023-05-29,JAGUAR,F-TYPE 423kW,A8,2D,5000.0,1958.0,台灣捷豹,進口小客車車型耗能證明112年5月核發資料.csv
b30230c126b31eb7,TW,import,passenger,ice,2023,2023-05-31,JAGUAR,F-TYPE CONVERTIBLE,A8,2D,5000.0,1977.0,台灣捷豹,進口小客車車型耗能證明112年5月核發資料.csv
8cc7d88779d6e628,TW,import,passenger,ice,2023,2023-03-30,KIA,SORENTO 2WD 6P,A8,5D,2151.0,1912.0,台灣森那美,進口小客車車型耗能證明112年3月核發資料.csv
704777ef8eda7c6e,TW,import,passenger,ice,2023,2023-03-13,KIA,SORENTO 2WD 7P,A8,5D,2151.0,1919.0,台灣森那美,進口小客車車型耗能證明112年3月核發資料.csv
b6b96790551c9476,TW,import,passenger,ice,2023,2023-03-22,KIA,SORENTO 2WD 7P HEV,A6,5D,1598.0,2073.0,台灣森那美,進口小客車車型耗能證明112年3月核發資料.csv
aa546115b0e47b27,TW,import,passenger,ice,2023,2023-03-13,KIA,SORENTO AWD 6P,A8,5D,2151.0,1993.0,台灣森那美,進口小客車車型耗能證明112年3月核發資料.csv
ec24cd1c1b5f5306,TW,import,passenger,ice,2023,2023-03-30,KIA,SORENTO AWD 7P,A8,5D,2151.0,1992.0,台灣森那美,進口小客車車型耗能證明112年3月核發資料.csv
a349f509fadf8bf1,TW,import,passenger,ice,2023,2023-06-12,LAMBORGHINI,HURACAN STERRATO,A7,2D,5204.0,1821.0,嘉鎷興業,進口小客車車型耗能證明112年6月核發資料.csv
1e59795065062926,TW,import,passenger,ice,2023,2023-02-23,LAMBORGHINI,HURACAN TECNICA,A7,2D,5204,1755,嘉鎷興業,進口小客車車型耗能證明112年2月核發資料.csv
e4d220c29464ee93,TW,import,passenger,ice,2023,2023-02-23,LAMBORGHINI,URUS PERFORMANTE,A8,5D,3996,2250,嘉鎷興業,進口小客車車型耗能證明112年2月核發資料.csv
fa617eb1e48928b6,TW,import,passenger,ice,2023,2023-03-20,LAMBORGHINI,URUS S,A8,5D,3996.0,2297.0,嘉鎷興業,進口小客車車型耗能證明112年3月核發資料.csv
e885452c04749d29,TW,import,passenger,ice,2023,2023-12-06,LEXUS,LBX HYBRID,CVT,5D,1490.0,1404.0,和泰汽車,進口小客車車型耗能證明112年12月核發資料.csv
1325f18cb0a6e660,TW,import,passenger,ice,2023,2023-02-20,LEXUS,NX350,A8,5D,2393,1913,和泰汽車,進口小客車車型耗能證明112年2月核發資料.csv
77ef6bd2c22a9237,TW,import,passenger,bev,2023,2023-04-20,LEXUS,RZ450e,A1,5D,,2279.0,和泰汽車,小客車電動車能效標示112年4月核發資料.csv
1eac33cc387a2008,TW,import,passenger,bev,2023,2023-03-23,LEXUS,UX300e,A1,5D,,1872.0,和泰汽車,小客車電動車能效標示112年3月核發資料.csv
bb430c71c6886ec9,TW,import,passenger,ice,2023,2023-10-20,MASERAT,MC20 CIELO,A8,2D,2992.0,1879.0,臺灣蒙地拿,進口小客車車型耗能證明112年10月核發資料.csv
b8210df26d84551f,TW,import,passenger,ice,2023,2023-11-22,MASERATI,GRANTURISMO MODENA,A8,2D,2992.0,2037.0,臺灣蒙地拿,進口小客車車型耗能證明112年11月核發資料.csv
748514d1db61be54,TW,import,passenger,ice,2023,2023-11-22,MASERATI,GRANTURISMO TROFEO,A8,2D,2992.0,2039.0,臺灣蒙地拿,進口小客車車型耗能證明112年11月核發資料.csv
4eb5c200fa9a016f,TW,import,passenger,ice,2023,2023-04-25,MASERATI,GRECALE MODENA HYBRID,A8,5D,1995.0,2148.0,臺灣蒙地拿,進口小客車車型耗能證明112年4月核發資料.csv
00b52b8e89b7e492,TW,import,passenger,ice,2023,2023-04-11,MERCEDES-BENZ,A 180,A7,4D,1332.0,1514.0,台灣賓士,進口小客車車型耗能證明112年4月核發資料.csv
c0f9055eb1abdd2c,TW,import,passenger,ice,2023,2023-04-20,MERCEDES-BENZ,A 180,A7,4D,1332.0,1550.0,台灣賓士,進口小客車車型耗能證明112年4月核發資料.csv
1816c34fe8bfa103,TW,import,passenger,ice,2023,2023-04-11,MERCEDES-BENZ,A 180,A7,5D,1332.0,1499.0,台灣賓士,進口小客車車型耗能證明112年4月核發資料.csv
7c1e301854d4ecd4,TW,import,passenger,ice,2023,2023-04-20,MERCEDES-BENZ,A 180,A7,5D,1332.0,1531.0,台灣賓士,進口小客車車型耗能證明112年4月核發資料.csv
167aa4756f54386b,TW,import,passenger,ice,2023,2023-04-11,MERCEDES-BENZ,AMG A 35 4MATIC,A8,5D,1991.0,1706.0,台灣賓士,進口小客車車型耗能證明112年4月核發資料.csv
c4ca517a21a18efd,TW,import,passenger,ice,2023,2023-04-12,MERCEDES-BENZ,AMG A 45 S 4MATIC+,A8,5D,1991.0,1746.0,台灣賓士,進口小客車車型耗能證明112年4月核發資料.csv
08375f37bf3e2c16,TW,import,passenger,ice,2023,2023-01-18,MERCEDES-BENZ,AMG C 43 4MATIC+,A9,5D,1991.0,1987.0,台灣賓士,進口小客車車型耗能證明112年1月核發資料.csv
6d0fecb3bb7d9b7d,TW,import,passenger,ice,2023,2023-09-12,MERCEDES-BENZ,AMG CLA 35 4MATIC,A8,4D,1991.0,1725.0,台灣賓士,進口小客車車型耗能證明112年9月核發資料.csv
b629b14a7ee0a4f3,TW,import,passenger,ice,2023,2023-09-14,MERCEDES-BENZ,AMG CLA 35 4MATIC,A8,5D,1991.0,1744.0,台灣賓士,進口小客車車型耗能證明112年9月核發資料.csv
ed3249f3c00442bf,TW,import,passenger,ice,2023,2023-09-14,MERCEDES-BENZ,AMG CLA 45 S 4MATIC+,A8,4D,1991.0,1772.0,台灣賓士,進口小客車車型耗能證明112年9月核發資料.csv
5d03f0bd823ce193,TW,import,passenger,bev,2023,2023-10-26,MERCEDES-BENZ,AMG EQE 43 4MATIC,A1,4D,,2602.0,台灣賓士,小客車電動車能效標示112年10月核發資料.csv
be48ee89e4ebb2c4,TW,import,passenger,bev,2023,2023-04-26,MERCEDES-BENZ,AMG EQE 43 4MATIC,A1,5D,,2676.0,台灣賓士,小客車電動車能效標示112年4月核發資料.csv
171a173cbbec0979,TW,import,passenger,bev,2023,2023-09-21,MERCEDES-BENZ,AMG EQS 53 4MATIC+,A1,5D,,2765.0,台灣賓士,小客車電動車能效標示112年9月核發資料.csv
54771f60cafcfea3,TW,import,passenger,ice,2023,2023-09-27,MERCEDES-BENZ,AMG GLA 35 4MATIC,A8,5D,1991.0,1821.0,台灣賓士,進口小客車車型耗能證明112年9月核發資料.csv
aaafd95ee23f9514,TW,import,passenger,ice,2023,2023-11-21,MERCEDES-BENZ,AMG GLB 35 4MATIC,A8,5D,1991.0,1931.0,台灣賓士,進口小客車車型耗能證明112年11月核發資料.csv
646dc8836307d26d,TW,import,passenger,ice,2023,2023-04-11,MERCEDES-BENZ,B 180,A7,5D,1332.0,1629.0,台灣賓士,進口小客車車型耗能證明112年4月核發資料.csv
9c2767baf621e427,TW,import,passenger,ice,2023,2023-10-18,MERCEDES-BENZ,CLA 200,A7,4D,1332.0,1554.0,台灣賓士,進口小客車車型耗能證明112年10月核發資料.csv
2d4ad2acd7d59d31,TW,import,passenger,ice,2023,2023-10-18,MERCEDES-BENZ,CLA 200,A7,5D,1332.0,1572.0,台灣賓士,進口小客車車型耗能證明112年10月核發資料.csv
67a90adaa2dd38bf,TW,import,passenger,ice,2023,2023-11-21,MERCEDES-BENZ,E 200,A9,4D,1999.0,1928.0,台灣賓士,進口小客車車型耗能證明112年11月核發資料.csv
bbc4bd1b09c46f74,TW,import,passenger,ice,2023,2023-12-25,MERCEDES-BENZ,E 200,A9,5D,1999.0,1953.0,台灣賓士,進口小客車車型耗能證明112年12月核發資料.csv
c8c8412cedde2559,TW,import,passenger,ice,2023,2023-11-21,MERCEDES-BENZ,E 300,A9,4D,1999.0,1944.0,台灣賓士,進口小客車車型耗能證明112年11月核發資料.csv
ed9c717594e6d2f2,TW,import,passenger,ice,2023,2023-11-24,MERCEDES-BENZ,E 300,A9,4D,1999.0,1984.0,台灣賓士,進口小客車車型耗能證明112年11月核發資料.csv
618d03d0a6d571dc,TW,import,passenger,bev,2023,2023-10-04,MERCEDES-BENZ,EQE 300,A1,4D,,2436.0,台灣賓士,小客車電動車能效標示112年10月核發資料.csv
9afd518e95792726,TW,import,passenger,bev,2023,2023-04-26,MERCEDES-BENZ,EQE 350 4MATIC,A1,5D,,2680.0,台灣賓士,小客車電動車能效標示112年4月核發資料.csv
fadd0b4ecd040526,TW,import,passenger,bev,2023,2023-05-04,MERCEDES-BENZ,EQS 450 4MATIC (SUV),A1,5D,,2998.0,台灣賓士,小客車電動車能效標示112年5月核發資料.csv
514542117e026416,TW,import,passenger,bev,2023,2023-10-26,MERCEDES-BENZ,EQS 450+,A1,5D,,2611.0,台灣賓士,小客車電動車能效標示112年10月核發資料.csv
8c5d2939a5a6f284,TW,import,passenger,bev,2023,2023-06-26,MERCEDES-BENZ,EQS 580 4MATIC,A1,4D,,2739.0,連江縣公會,小客車電動車能效標示112年6月核發資料.csv
473cbd0661e44af6,TW,import,passenger,ice,2023,2023-10-18,MERCEDES-BENZ,GLA 180,A7,5D,1332.0,1610.0,台灣賓士,進口小客車車型耗能證明112年10月核發資料.csv
970ec62b037316e9,TW,import,passenger,ice,2023,2023-08-18,MERCEDES-BENZ,GLA 200,A7,5D,1332,1657,台灣賓士,進口小客車車型耗能證明112年8月核發資料.csv
7c9fa5c1238bc621,TW,import,passenger,ice,2023,2023-10-18,MERCEDES-BENZ,GLB 180,A7,5D,1332.0,1697.0,台灣賓士,進口小客車車型耗能證明112年10月核發資料.csv
5b259535dc9a3b2f,TW,import,passenger,ice,2023,2023-10-18,MERCEDES-BENZ,GLB 200,A7,5D,1332.0,1789.0,台灣賓士,進口小客車車型耗能證明112年10月核發資料.csv
e0d941ee8aa1c98b,TW,import,passenger,ice,2023,2023-08-15,MERCEDES-BENZ,GLC 200 4MATIC,A9,5D,1999,2021,台灣賓士,進口小客車車型耗能證明112年8月核發資料.csv
45cfe2b79a660993,TW,import,passenger,ice,2023,2023-07-28,MERCEDES-BENZ,GLC 200 4MATIC,A9,5D,1999.0,1937.0,台灣賓士,進口小客車車型耗能證明112年7月核發資料.csv
f97f706a906dbb5d,TW,import,passenger,ice,2023,2023-09-12,MERCEDES-BENZ,GLC 200 4MATIC Coupe,A9,5D,1999.0,1963.0,台灣賓士,進口小客車車型耗能證明112年9月核發資料.csv
dc10d6f677a28e66,TW,import,passenger,ice,2023,2023-09-22,MERCEDES-BENZ,GLC 200 4MATIC Coupe,A9,5D,1999.0,2056.0,台灣賓士,進口小客車車型耗能證明112年9月核發資料.csv
98ced642df67f7e5,TW,import,passenger,ice,2023,2023-09-12,MERCEDES-BENZ,GLC 300 4MATIC Coupe,A9,5D,1999.0,1987.0,台灣賓士,進口小客車車型耗能證明112年9月核發資料.csv
b4f282481dd8b6cb,TW,import,passenger,ice,2023,2023-06-29,MERCEDES-BENZ,GLE 300 d 4MATIC,A9,5D,1993.0,2495.0,台灣賓士,進口小客車車型耗能證明112年6月核發資料.csv
026740d06b0a81ca,TW,import,passenger,ice,2023,2023-08-18,MERCEDES-BENZ,GLE 450 4MATIC,A9,5D,2999,2413,台灣賓士,進口小客車車型耗能證明112年8月核發資料.csv
9ae8139c2f21797c,TW,import,passenger,ice,2023,2023-06-17,MERCEDES-BENZ,GLE 450 4MATIC,A9,5D,2999.0,2532.0,台灣賓士,進口小客車車型耗能證明112年6月核發資料.csv
6e228f6bded9dbc5,TW,import,passenger,ice,2023,2023-09-12,MERCEDES-BENZ,S 350 d,A9,4D,2989.0,2227.0,台灣賓士,進口小客車車型耗能證明112年9月核發資料.csv
a876f818131e66cd,TW,import,passenger,ice,2023,2023-09-12,MERCEDES-BENZ,S 350 d (SWB),A9,4D,2989.0,2123.0,台灣賓士,進口小客車車型耗能證明112年9月核發資料.csv
2e7fbdd7b25168df,TW,import,passenger,ice,2023,2023-02-07,MERCEDES-BENZ,S 450 4MATIC,A9,4D,2999,2225,台灣賓士,進口小客車車型耗能證明112年2月核發資料.csv
67261f01d7ecc759,TW,import,passenger,ice,2023,2023-09-12,MERCEDES-BENZ,S 450 4MATIC,A9,4D,2999.0,2237.0,台灣賓士,進口小客車車型耗能證明112年9月核發資料.csv
affadd1b17bcec03,TW,import,passenger,ice,2023,2023-10-20,MERCEDES-BENZ,S 580 4MATIC,A9,4D,3982.0,2320.0,台灣賓士,進口小客車車型耗能證明112年10月核發資料.csv
b30bcdc8a5736fdd,TW,import,passenger,ice,2023,2023-10-20,MERCEDES-BENZ,S 580 MAYBACH,A9,4D,3982.0,2479.0,台灣賓士,進口小客車車型耗能證明112年10月核發資料.csv
1a541d857d6243b2,TW,import,passenger,ice,2023,2023-12-27,McLaren,750S Coupe,A7,2D,3994.0,1559.0,永三汽車,進口小客車車型耗能證明112年12月核發資料.csv
d65748c309164cf8,TW,import,passenger,ice,2023,2023-12-11,McLaren,750S Spider,A7,2D,3994.0,1614.0,永三汽車,進口小客車車型耗能證明112年12月核發資料.csv
490507bc5d96cdfd,TW,import,passenger,ice,2023,2023-12-27,Mercedes-AMG,AMG GT 43 4MATIC+,A9,5D,2999.0,2152.0,台灣賓士,進口小客車車型耗能證明112年12月核發資料.csv
5c2922faf88d4af1,TW,import,passenger,ice,2023,2023-02-07,Mercedes-AMG,AMG SL 43,A9,2D,1991,1890,台灣賓士,進口小客車車型耗能證明112年2月核發資料.csv
0f0bf76dabc88851,TW,import,passenger,ice,2023,2023-08-07,NISSAN,KICKS e-POWER,A1,5D,1198,1461,裕隆汽車,進口小客車車型耗能證明112年8月核發資料.csv
511addefa9afd7b0,TW,import,passenger,ice,2023,2023-01-16,NISSAN,X-TRAIL e-POWER 2WD,A1,5D,1497.0,1858.0,裕隆汽車,進口小客車車型耗能證明112年1月核發資料.csv
224f1b4e0ea45a6b,TW,import,passenger,ice,2023,2023-08-21,OPEL,ASTRA,A8,5D,1199,1443,歐吉汽車,進口小客車車型耗能證明112年8月核發資料.csv
5bde9a72230de23f,TW,import,passenger,ice,2023,2023-05-10,OPEL,ASTRA,A8,5D,1199.0,1471.0,歐吉汽車,進口小客車車型耗能證明112年5月核發資料.csv
2a635af1e66b7257,TW,import,passenger,ice,2023,2023-08-21,OPEL,GRANDLAND,A8,5D,1199,1531,歐吉汽車,進口小客車車型耗能證明112年8月核發資料.csv
9395a6d3a095890f,TW,import,passenger,ice,2023,2023-05-10,OPEL,GRANDLAND,A8,5D,1199.0,1540.0,歐吉汽車,進口小客車車型耗能證明112年5月核發資料.csv
15d55acdefa22a54,TW,import,passenger,ice,2023,2023-01-12,PORSCHE,718 BOXSTER S,A7,2D,2497.0,1536.0,台灣保時捷,進口小客車車型耗能證明112年1月核發資料.csv
0e25c43c197cbd8f,TW,import,passenger,ice,2023,2023-04-25,PORSCHE,911 CARRERA T,A8,2D,2981.0,1641.0,台灣保時捷,進口小客車車型耗能證明112年4月核發資料.csv
a887d2a0d5b18f3d,TW,import,passenger,ice,2023,2023-04-25,PORSCHE,911 CARRERA T,M7,2D,2981.0,1601.0,台灣保時捷,進口小客車車型耗能證明112年4月核發資料.csv
5e9d3d2b59826f0a,TW,import,passenger,ice,2023,2023-05-29,PORSCHE,911 DAKAR,A8,2D,2981.0,1725.0,台灣保時捷,進口小客車車型耗能證明112年5月核發資料.csv
0ffcf7f6a7acad45,TW,import,passenger,ice,2023,2023-07-28,PORSCHE,911 GT3 RS,A7,2D,3996.0,1641.0,台灣保時捷,進口小客車車型耗能證明112年7月核發資料.csv
18a9dcd119688e67,TW,import,passenger,ice,2023,2023-07-28,PORSCHE,911 GT3 RS,A7,2D,3996.0,1606.0,台灣保時捷,進口小客車車型耗能證明112年7月核發資料.csv
400c1d9db53a07be,TW,import,passenger,ice,2023,2023-02-18,PORSCHE,911 SPORT CLASSIC,M7,2D,3745,1664,台灣保時捷,進口小客車車型耗能證明112年2月核發資料.csv
8c8ee06c3300167b,TW,import,passenger,ice,2023,2023-08-02,PORSCHE,CAYENNE,A8,5D,2995,2198,台灣保時捷,進口小客車車型耗能證明112年8月核發資料.csv
2a8daf7ba322d87e,TW,import,passenger,ice,2023,2023-08-02,PORSCHE,CAYENNE,A8,5D,2995,2226,台灣保時捷,進口小客車車型耗能證明112年8月核發資料.csv
a10e2a11e2a1eefe,TW,import,passenger,ice,2023,2023-08-02,PORSCHE,CAYENNE COUPE,A8,5D,2995,2254,台灣保時捷,進口小客車車型耗能證明112年8月核發資料.csv
5aae2bebf08a827f,TW,import,passenger,ice,2023,2023-08-02,PORSCHE,CAYENNE COUPE,A8,5D,2995,2210,台灣保時捷,進口小客車車型耗能證明112年8月核發資料.csv
a3110cdb71e8147b,TW,import,passenger,ice,2023,2023-07-28,PORSCHE,CAYENNE S,A8,5D,3996.0,2313.0,台灣保時捷,進口小客車車型耗能證明112年7月核發資料.csv
2aaa2c9420bdf03c,TW,import,passenger,ice,2023,2023-07-28,PORSCHE,CAYENNE S,A8,5D,3996.0,2454.0,台灣保時捷,進口小客車車型耗能證明112年7月核發資料.csv
9908683813088060,TW,import,passenger,ice,2023,2023-07-28,PORSCHE,CAYENNE S COUPE,A8,5D,3996.0,2314.0,台灣保時捷,進口小客車車型耗能證明112年7月核發資料.csv
1ae7bfd9ebd05705,TW,import,passenger,ice,2023,2023-07-28,PORSCHE,CAYENNE S COUPE,A8,5D,3996.0,2392.0,台灣保時捷,進口小客車車型耗能證明112年7月核發資料.csv
0c0adae28edc56af,TW,import,passenger,ice,2023,2023-07-05,PORSCHE,PANAMERA TURBO S,A8,4D,3996.0,2206.0,台灣保時捷,進口小客車車型耗能證明112年7月核發資料.csv
9f9f64c7bbeb3ba8,TW,import,passenger,bev,2023,2023-11-29,ROLLS-ROYCE,SPECTRE,A1,2D,,3008.0,盛惟公司,小客車電動車能效標示112年11月核發資料.csv
64f02121c7057bef,TW,import,passenger,bev,2023,2023-09-19,SKODA,ENYAQ 80 HATCHBACK,A1,4D,,2210.0,台灣福斯,小客車電動車能效標示112年9月核發資料.csv
46fa8bb87fe9f26c,TW,import,passenger,bev,2023,2023-11-06,SKODA,ENYAQ 80X HATCHBACK,A1,4D,,2350.0,台灣福斯,小客車電動車能效標示112年11月核發資料.csv
97ed77901701320e,TW,import,passenger,bev,2023,2023-09-19,SKODA,ENYAQ COUPE RS HATCHBACK,A1,4D,,2346.0,台灣福斯,小客車電動車能效標示112年9月核發資料.csv
0721d9ed8620e69a,TW,import,passenger,ice,2023,2023-03-09,SKODA,FABIA 1.5 TSI HATCHBACK,A7,4D,1498.0,1304.0,台灣福斯,進口小客車車型耗能證明112年3月核發資料.csv
19c652acead243d3,TW,import,passenger,ice,2023,2023-03-09,SKODA,KAMIQ 1.5 TSI HATCHBACK,A7,4D,1498.0,1366.0,台灣福斯,進口小客車車型耗能證明112年3月核發資料.csv
388329826e090b76,TW,import,passenger,ice,2023,2023-03-09,SKODA,SCALA 1.5 TSI HATCHBACK,A7,4D,1498.0,1349.0,台灣福斯,進口小客車車型耗能證明112年3月核發資料.csv
d2c717d9904c9b44,TW,import,passenger,ice,2023,2023-12-25,SSANGYONG,TORRES G15DT 2WD,A6,5D,1497.0,1640.0,永嘉雙龍,進口小客車車型耗能證明112年12月核發資料.csv
19ea9cb275dc5754,TW,import,passenger,ice,2023,2023-12-25,SSANGYONG,TORRES G15DT 4WD,A6,5D,1497.0,1719.0,永嘉雙龍,進口小客車車型耗能證明112年12月核發資料.csv
ea752d828d08331f,TW,import,passenger,ice,2023,2023-04-27,SUBARU,WRX tS 4D 2.4 EyeSight AWD CVT,CVT,4D,2387.0,1708.0,台灣速霸陸,進口小客車車型耗能證明112年4月核發資料.csv
f0d090d6c8a6a3e3,TW,import,passenger,ice,2023,2023-04-25,SUBARU,WRX tS Wagon 2.4 EyeSight AWD CVT,CVT,5D,2387.0,1748.0,台灣速霸陸,進口小客車車型耗能證明112年4月核發資料.csv
7a65c2d7d25c1f28,TW,import,passenger,bev,2023,2023-01-19,TESLA,MODEL S,A1,4D,,2365,彰化縣公會,小客車電動車能效標示112年1月核發資料.csv
4250f4c5a9675aea,TW,import,passenger,ice,2023,2023-03-06,TOYOTA,CROWN HYBRID,A6,4D,2393.0,2031.0,和泰汽車,進口小客車車型耗能證明112年3月核發資料.csv
0f191fd32c60edf5,TW,import,passenger,ice,2023,2023-03-03,TOYOTA,CROWN HYBRID,CVT,4D,2487.0,1807.0,和泰汽車,進口小客車車型耗能證明112年3月核發資料.csv
792ab398d0259ac8,TW,import,passenger,bev,2023,2023-04-26,Tesla,Model S LR,A1,5D,,2242.0,台灣特斯拉,小客車電動車能效標示112年4月核發資料.csv
dfd8f99292b5638e,TW,import,passenger,bev,2023,2023-04-26,Tesla,Model S Plaid,A1,5D,,2335.0,台灣特斯拉,小客車電動車能效標示112年4月核發資料.csv
ecc14c5540bd89ee,TW,import,passenger,bev,2023,2023-04-24,Tesla,Model X LR,A1,5D,,2578.0,台灣特斯拉,小客車電動車能效標示112年4月核發資料.csv
1314f775db258f13,TW,import,passenger,bev,2023,2023-04-24,Tesla,Model X Plaid,A1,5D,,2672.0,台灣特斯拉,小客車電動車能效標示112年4月核發資料.csv
2e9bde9ce0cbe77b,TW,import,passenger,bev,2023,2023-04-26,Tesla,Model Y Perf4,A1,5D,,2171.0,台灣特斯拉,小客車電動車能效標示112年4月核發資料.csv
7c2bbc061ef60c0f,TW,import,passenger,bev,2023,2023-12-04,Tesla,Model Y RWD,A1,5D,,2095.0,台灣特斯拉,小客車電動車能效標示112年12月核發資料.csv
b4dcfe46f02f1901,TW,import,passenger,bev,2023,2023-01-05,VOLKSWAGEN,ID.3 PRO,A1,5D,,1846,苗栗縣公會,小客車電動車能效標示112年1月核發資料.csv
99607c7166b61109,TW,import,passenger,bev,2023,2023-08-23,VOLKSWAGEN,ID.4 PRO,A1,5D,,2184.0,苗栗縣公會,小客車電動車能效標示112年8月核發資料.csv
705357f6ea06e390,TW,import,passenger,ice,2023,2023-05-12,VOLKSWAGEN,TIGUAN R HATCHBACK 4WD,A7,4D,1984.0,1860.0,台灣福斯,進口小客車車型耗能證明112年5月核發資料.csv
7ce49979fd6fc88f,TW,import,passenger,bev,2023,2023-09-06,VOLVO,C40 Single Motor,A1,5D,,2098.0,國際富豪,小客車電動車能效標示112年9月核發資料.csv
217f7174baf96404,TW,import,passenger,bev,2023,2023-09-06,VOLVO,C40 Twin Motor,A1,5D,,2236.0,國際富豪,小客車電動車能效標示112年9月核發資料.csv
7fc814eefd24f437,TW,import,passenger,ice,2023,2023-07-17,VOLVO,V60 B3,A7,5D,1969.0,1796.0,國際富豪,進口小客車車型耗能證明112年7月核發資料.csv
746e8c03b563d0b7,TW,import,passenger,ice,2023,2023-02-02,VOLVO,XC40 B3,A7,5D,1969,1749,國際富豪,進口小客車車型耗能證明112年2月核發資料.csv
f8d1084a81d586a5,TW,import,passenger,bev,2023,2023-09-06,VOLVO,XC40 Single Motor,A1,5D,,2106.0,國際富豪,小客車電動車能效標示112年9月核發資料.csv
0c63f6f4a9069bc7,TW,import,passenger,bev,2023,2023-09-06,VOLVO,XC40 Twin Motor,A1,5D,,2246.0,國際富豪,小客車電動車能效標示112年9月核發資料.csv
99de240f62dba647,TW,domestic,passenger,ice,2023,2023-08-07,中華名爵,MG ZS ZS15BA,CVT,5D,1498.0,1418.0,中華汽車,國產小客車車型耗能證明112年8月核發資料.csv
0068ff0208d9974e,TW,domestic,passenger,ice,2023,2023-03-07,國瑞,COROLLA HYBRID ZWE211L-GEXEBR,CVT,4D,1798.0,1476.0,國瑞汽車,國產小客車車型耗能證明112年3月核發資料.csv
6e3af7c53a4e29d5,TW,domestic,passenger,ice,2023,2023-03-07,國瑞,COROLLA ZRE218L-GEXDKR,CVT,4D,1798.0,1371.0,國瑞汽車,國產小客車車型耗能證明112年3月核發資料.csv
a25cbaa413110d0e,TW,domestic,passenger,ice,2023,2023-03-07,國瑞,COROLLA ZRE218L-GEXEKR,CVT,4D,1798.0,1381.0,國瑞汽車,國產小客車車型耗能證明112年3月核發資料.csv
310dc886f366d327,TW,domestic,passenger,ice,2023,2023-06-14,國瑞,VIOS NSP151L-FEXRKR,CVT,4D,1496.0,1186.0,國瑞汽車,國產小客車車型耗能證明112年6月核發資料.csv
74a7efad03e1a21d,TW,domestic,passenger,ice,2023,2023-06-14,國瑞,VIOS NSP151L-FEXVKR,CVT,4D,1496.0,1190.0,國瑞汽車,國產小客車車型耗能證明112年6月核發資料.csv
3a1b3b7a3ea12c66,TW,domestic,passenger,ice,2023,2023-09-07,國瑞,YARIS CROSS NGC200L-RHXHKR,CVT,5D,1496.0,1235.0,國瑞汽車,國產小客車車型耗能證明112年9月核發資料.csv
a241d1bd0fd4206b,TW,domestic,passenger,ice,2023,2023-09-04,國瑞,YARIS CROSS NGC200L-RHXLKR,CVT,5D,1496.0,1226.0,國瑞汽車,國產小客車車型耗能證明112年9月核發資料.csv
e23cbbd30521b605,TW,domestic,passenger,ice,2023,2023-09-04,國瑞,YARIS CROSS NGC200L-RHXMKR,CVT,5D,1496.0,1230.0,國瑞汽車,國產小客車車型耗能證明112年9月核發資料.csv
7dc243808a3eb927,TW,domestic,passenger,ice,2023,2023-12-06,日產,SENTRA B18 GS,CVT,4D,1598.0,1391.0,裕隆汽車,國產小客車車型耗能證明112年12月核發資料.csv
2fd5f1bb63b35330,TW,domestic,passenger,ice,2023,2023-06-15,日產,X-TRAIL T33 FVAB,CVT,5D,1497.0,1704.0,裕隆汽車,國產小客車車型耗能證明112年6月核發資料.csv
6caf5eeba162d2c8,TW,domestic,passenger,ice,2023,2023-06-15,日產,X-TRAIL T33 FVBB,CVT,5D,1497.0,1715.0,裕隆汽車,國產小客車車型耗能證明112年6月核發資料.csv
60c7b6cf3ba16f63,TW,domestic,passenger,ice,2023,2023-06-01,日產,X-TRAIL T33 FVCB,CVT,5D,1497.0,1729.0,裕隆汽車,國產小客車車型耗能證明112年6月核發資料.csv
76205ac862168284,TW,domestic,passenger,ice,2023,2023-10-19,福特六和,FOCUS WAGON ACTIVE C519-KZ,A8,5D,1497.0,1519.0,福特六和,國產小客車車型耗能證明112年10月核發資料.csv
fcb6c3eb798a8314,TW,domestic,passenger,ice,2023,2023-10-16,福特六和,FOCUS WAGON ACTIVE C519-LZ,A8,5D,1497.0,1530.0,福特六和,國產小客車車型耗能證明112年10月核發資料.csv
5c3487f51863d843,TW,domestic,passenger,bev,2023,2023-10-03,納智捷(鴻華先進),LUXGEN N7 D31C5S,A1,5D,,2041.0,裕隆汽車,小客車電動車能效標示112年10月核發資料.csv
418a9edf34364591,TW,domestic,passenger,bev,2023,2023-10-13,納智捷(鴻華先進),LUXGEN N7 D31C7S,A1,5D,,2072.0,裕隆汽車,小客車電動車能效標示112年10月核發資料.csv
c7f6417f73436ef0,TW,domestic,passenger,bev,2023,2023-11-29,鴻華先進(裕隆),FOXTRON C D31C5S,A1,5D,,2000.0,裕隆汽車,小客車電動車能效標示112年11月核發資料.csv
9315a01a1ee0964a,TW,domestic,passenger,bev,2023,2023-11-29,鴻華先進(裕隆),FOXTRON C D31C7S,A1,5D,,2075.0,裕隆汽車,小客車電動車能效標示112年11月核發資料.csv
7514e11bdfe59fa1,TW,import,passenger,bev,2024,2024-02-17,ABARTH,500E,A1,3D,,1473.0,新北市公會,小客車電動車能效標示113年2月核發資料.csv
f4201104965fe506,TW,import,passenger,bev,2024,2024-03-06,ABARTH,500E,A1,3D,,1481.0,新北市公會,小客車電動車能效標示113年3月核發資料.csv
fbe525dda94cb2a0,TW,import,passenger,ice,2024,2024-01-17,ASTON MARTIN,DB12 VOLANTE,A8,2D,3982.0,2063.0,永三汽車,進口小客車車型耗能證明113年1月核發資料.csv
6c612c532a810fbd,TW,import,passenger,ice,2024,2024-06-13,ASTON MARTIN,VALOUR,M6,2D,5204.0,1916.0,永三汽車,進口小客車車型耗能證明113年6月核發資料.csv
0e927994c8b7dc9f,TW,import,passenger,ice,2024,2024-08-01,ASTON MARTIN,VANTAGE,A8,2D,3982.0,1855.0,永三汽車,進口小客車車型耗能證明113年8月核發資料.csv
c9092ecfed7f0549,TW,import,passenger,ice,2024,2024-07-17,AUDI,Q7 45 TDI quattro HATCHBACK,A8,4D,2967.0,2370.0,台灣福斯,進口小客車車型耗能證明113年7月核發資料.csv
94caf2b8a3fc223d,TW,import,passenger,ice,2024,2024-07-16,AUDI,Q7 55 TFSI quattro HATCHBACK,A8,4D,2995.0,2319.0,台灣福斯,進口小客車車型耗能證明113年7月核發資料.csv
7ac6d2e085e06625,TW,import,passenger,ice,2024,2024-07-16,AUDI,Q8 55 TFSI quattro HATCHBACK,A8,4D,2995.0,2270.0,台灣福斯,進口小客車車型耗能證明113年7月核發資料.csv
785b1ef048334b2a,TW,import,passenger,ice,2024,2024-11-27,Audi,A7 55 TFSI quattro,A7,4D,2995.0,2008.0,台灣福斯,進口小客車車型耗能證明113年11月核發資料.csv
b7c8d87050efb511,TW,import,passenger,ice,2024,2024-12-03,Audi,A8 55 TFSI quattro,A8,4D,2995.0,2149.0,台灣福斯,進口小客車車型耗能證明113年12月核發資料.csv
d116d7fcabde339a,TW,import,passenger,ice,2024,2024-12-03,Audi,A8 L 55 TFSI quattro,A8,4D,2995.0,2217.0,台灣福斯,進口小客車車型耗能證明113年12月核發資料.csv
c13ba755e5f7d5ae,TW,import,passenger,bev,2024,2024-06-24,Audi,Q4 e-tron 45 HATCHBACK,A1,4D,,2308.0,台灣福斯,小客車電動車能效標示113年6月核發資料.csv
3d9001517a9b6fbb,TW,import,passenger,bev,2024,2024-07-04,Audi,Q4 e-tron 55 quattro HATCHBACK,A1,4D,,2385.0,台灣福斯,小客車電動車能效標示113年7月核發資料.csv
d30a6291911a1283,TW,import,passenger,bev,2024,2024-06-24,Audi,Q4 e-tron SPORTBACK 45 HATCHBACK,A1,4D,,2300.0,台灣福斯,小客車電動車能效標示113年6月核發資料.csv
da5842bd296b7cc4,TW,import,passenger,bev,2024,2024-07-04,Audi,Q4 e-tron SPORTBACK 55 quattro HATCHBACK,A1,4D,,2388.0,台灣福斯,小客車電動車能效標示113年7月核發資料.csv
44638cd1a8fc7c58,TW,import,passenger,ice,2024,2024-09-02,Audi,Q7 45 TFSI quattro HATCHBACK,A8,4D,1984.0,2167.0,台灣福斯,進口小客車車型耗能證明113年9月核發資料.csv
ca9f0e31474b6495,TW,import,passenger,ice,2024,2024-08-05,Audi,S8 quattro,A8,4D,3996.0,2373.0,台灣福斯,進口小客車車型耗能證明113年8月核發資料.csv
702b8bc30ecbb542,TW,import,passenger,ice,2024,2024-06-20,Audi,SQ7 quattro HATCHBACK,A8,4D,3996.0,2439.0,台灣福斯,進口小客車車型耗能證明113年6月核發資料.csv
524a9af7fc59048f,TW,import,passenger,ice,2024,2024-10-25,BENTLEY,CONTINENTAL GT SPEED,A8,2D,3996.0,2608.0,永三汽車,進口小客車車型耗能證明113年10月核發資料.csv
4910a6432e7f3118,TW,import,passenger,ice,2024,2024-02-05,BMW,118I HATCH,A7,5D,1499.0,1498.0,汎德公司,進口小客車車型耗能證明113年2月核發資料.csv
63fa6ced454e36fc,TW,import,passenger,ice,2024,2024-11-05,BMW,120 HATCH,A7,5D,1499.0,1539.0,汎德公司,進口小客車車型耗能證明113年11月核發資料.csv
facf46e6d0565050,TW,import,passenger,ice,2024,2024-01-02,BMW,120I HATCH,A7,5D,1998.0,1526.0,汎德公司,進口小客車車型耗能證明113年1月核發資料.csv
bc518f5ac2e668aa,TW,import,passenger,ice,2024,2024-01-22,BMW,218I ACTIVE TOURER,A7,5D,1499.0,1569.0,汎德公司,進口小客車車型耗能證明113年1月核發資料.csv
cebc09603ab578a4,TW,import,passenger,ice,2024,2024-11-19,BMW,220I COUPE MX,A8,2D,1998.0,1619.0,汎德公司,進口小客車車型耗能證明113年11月核發資料.csv
9f9b1d4c9b01ed1b,TW,import,passenger,ice,2024,2024-05-10,BMW,420I COUPE,A8,2D,1998.0,1662.0,汎德公司,進口小客車車型耗能證明113年5月核發資料.csv
3bc8e68b75cdbc3a,TW,import,passenger,ice,2024,2024-05-10,BMW,430I CONVERTIBLE,A8,2D,1998.0,1850.0,汎德公司,進口小客車車型耗能證明113年5月核發資料.csv
04e512cb7877a6a0,TW,import,passenger,ice,2024,2024-05-10,BMW,430I COUPE,A8,2D,1998.0,1711.0,汎德公司,進口小客車車型耗能證明113年5月核發資料.csv
9f9d1df500778ff3,TW,import,passenger,ice,2024,2024-09-06,BMW,530I SEDAN,A8,4D,1998.0,1887.0,汎德公司,進口小客車車型耗能證明113年9月核發資料.csv
84bc5fd2e51c9e47,TW,import,passenger,ice,2024,2024-04-16,BMW,760I PROTECTION XDRIVE SEDAN,A8,4D,4395.0,4183.0,汎德公司,進口小客車車型耗能證明113年4月核發資料.csv
e5aafe6bbad7efad,TW,import,passenger,bev,2024,2024-10-09,BMW,BMW I4 EDRIVE40 GRAN COUPE,A1,5D,,2207.0,汎德公司,小客車電動車能效標示113年10月核發資料.csv
277d35b366f05721,TW,import,passenger,bev,2024,2024-10-09,BMW,BMW I4 M50 XDRIVE GRAN COUPE,A1,5D,,2363.0,汎德公司,小客車電動車能效標示113年10月核發資料.csv
955d3dc83bfb4cec,TW,import,passenger,bev,2024,2024-07-04,BMW,BMW I5 EDRIVE40 TOURING,A1,5D,,2348.0,汎德公司,小客車電動車能效標示113年7月核發資料.csv
bf4c056d144d6841,TW,import,passenger,bev,2024,2024-07-04,BMW,BMW I5 M60 XDRIVE TOURING,A1,5D,,2503.0,汎德公司,小客車電動車能效標示113年7月核發資料.csv
d5c7b08fb17cd560,TW,import,passenger,bev,2024,2024-01-04,BMW,BMW I7 M70 XDRIVE SEDAN,A1,4D,,2842.0,汎德公司,小客車電動車能效標示113年1月核發資料.csv
0909cb0e6bc22c5e,TW,import,passenger,bev,2024,2024-03-06,BMW,IX2 XDRIVE30,A1,5D,,2175.0,汎德公司,小客車電動車能效標示113年3月核發資料.csv
624713ea89903e9e,TW,import,passenger,ice,2024,2024-11-08,BMW,M135 XDRIVE HATCH,A7,5D,1998.0,1673.0,汎德公司,進口小客車車型耗能證明113年11月核發資料.csv
59ef2aedf5079355,TW,import,passenger,ice,2024,2024-02-05,BMW,M135I XDRIVE HATCH,A8,5D,1998.0,1662.0,汎德公司,進口小客車車型耗能證明113年2月核發資料.csv
e8f6427f645e5e54,TW,import,passenger,ice,2024,2024-11-19,BMW,M2 COUPE MX,A8,2D,2993.0,1821.0,汎德公司,進口小客車車型耗能證明113年11月核發資料.csv
e0149fd9b1b0d0c7,TW,import,passenger,ice,2024,2024-11-05,BMW,M2 COUPE MX,M6,2D,2993.0,1813.0,汎德公司,進口小客車車型耗能證明113年11月核發資料.csv
5821bf412360b638,TW,import,passenger,ice,2024,2024-10-11,BMW,M3 COMPETITION M XDRIVE SEDAN,A8,4D,2993.0,1882.0,汎德公司,進口小客車車型耗能證明113年10月核發資料.csv
283fd90915c016d8,TW,import,passenger,ice,2024,2024-10-11,BMW,M3 COMPETITION M XDRIVE TOURING,A8,5D,2993.0,1964.0,汎德公司,進口小客車車型耗能證明113年10月核發資料.csv
4b3e57ccd16fdd34,TW,import,passenger,ice,2024,2024-05-17,BMW,M4 COMPETITION M XDRIVE CONVERTIBLE,A8,2D,2993.0,2031.0,汎德公司,進口小客車車型耗能證明113年5月核發資料.csv
4a90bb5148ef13d5,TW,import,passenger,ice,2024,2024-05-17,BMW,M4 COMPETITION M XDRIVE COUPE,A8,2D,2993.0,1875.0,汎德公司,進口小客車車型耗能證明113年5月核發資料.csv
bd741e319ef673ff,TW,import,passenger,ice,2024,2024-11-05,BMW,M4 CS COUPE,A8,2D,2993.0,1846.0,汎德公司,進口小客車車型耗能證明113年11月核發資料.csv
a61deddbb7eb985c,TW,import,passenger,ice,2024,2024-05-17,BMW,M440I XDRIVE COUPE,A8,2D,2998.0,1871.0,汎德公司,進口小客車車型耗能證明113年5月核發資料.csv
8073025665c18f47,TW,import,passenger,ice,2024,2024-01-02,BMW,X1 SDRIVE18I SAV,A7,5D,1499.0,1608.0,汎德公司,進口小客車車型耗能證明113年1月核發資料.csv
de789fe4b56ef626,TW,import,passenger,ice,2024,2024-01-02,BMW,X2 M35I XDRIVE,A7,5D,1998.0,1810.0,汎德公司,進口小客車車型耗能證明113年1月核發資料.csv
7e97e09beab1e381,TW,import,passenger,ice,2024,2024-01-02,BMW,X2 SDRIVE20I,A7,5D,1499.0,1709.0,汎德公司,進口小客車車型耗能證明113年1月核發資料.csv
c6c55546dc17ea09,TW,import,passenger,ice,2024,2024-07-15,BMW,Z4 M40I,A8,2D,2998.0,1678.0,汎德公司,進口小客車車型耗能證明113年7月核發資料.csv
39bcc48b52efbd03,TW,import,passenger,ice,2024,2024-07-15,BMW,Z4 SDRIVE20I,A8,2D,1998.0,1585.0,汎德公司,進口小客車車型耗能證明113年7月核發資料.csv
1a277b4a3d24add5,TW,import,passenger,ice,2024,2024-08-13,CITROEN,BERLINGO (M),A8,5D,1499.0,1700.0,寶嘉聯合,進口小客車車型耗能證明113年8月核發資料.csv
6d13ac5fd6a06f03,TW,import,passenger,ice,2024,2024-08-13,CITROEN,BERLINGO (XL),A8,5D,1499.0,1764.0,寶嘉聯合,進口小客車車型耗能證明113年8月核發資料.csv
83025720d7ff719b,TW,import,passenger,ice,2024,2024-11-19,DALLARA,STRADALE,A6,2D,2261.0,1125.0,嘉鎷興業,進口小客車車型耗能證明113年11月核發資料.csv
57b80b647441fd47,TW,import,passenger,ice,2024,2024-01-25,FERRARI,ROMA SPIDER,A8,2D,3855.0,1900.0,臺灣蒙地拿,進口小客車車型耗能證明113年1月核發資料.csv
d6885ae912e37558,TW,import,passenger,bev,2024,2024-06-24,FIAT,NEW 500E,A1,4D,,1442.0,台中市公會,小客車電動車能效標示113年6月核發資料.csv
7e6e6a47f3fda0c5,TW,import,passenger,ice,2024,2024-12-13,FORD,TOURNEO CONNECT,A7,5D,1968.0,1854.0,福特六和,進口小客車車型耗能證明113年12月核發資料.csv
f21df6c27ec00c9d,TW,import,passenger,bev,2024,2024-07-10,HYUNDAI,IONIQ5-F,A1,5D,,2336.0,三陽工業,小客車電動車能效標示113年7月核發資料.csv
d64e7966c0f8b749,TW,import,passenger,bev,2024,2024-12-24,HYUNDAI,IONIQ5-G,A1,5D,,1986.0,三陽工業,小客車電動車能效標示113年12月核發資料.csv
640eafd286476e72,TW,import,passenger,bev,2024,2024-12-17,HYUNDAI,IONIQ5-H,A1,5D,,2016.0,三陽工業,小客車電動車能效標示113年12月核發資料.csv
f84371d2de00ede6,TW,import,passenger,bev,2024,2024-12-17,HYUNDAI,IONIQ5-I,A1,5D,,2160.0,三陽工業,小客車電動車能效標示113年12月核發資料.csv
3da3bf39f550fe30,TW,import,passenger,bev,2024,2024-12-24,HYUNDAI,IONIQ5-J,A1,5D,,2146.0,三陽工業,小客車電動車能效標示113年12月核發資料.csv
f1e15857a41c9f53,TW,import,passenger,bev,2024,2024-05-08,HYUNDAI,KONA-A,A1,5D,,1717.0,三陽工業,小客車電動車能效標示113年5月核發資料.csv
9c023de20f9863a4,TW,import,passenger,ice,2024,2024-10-11,HYUNDAI,Santa Fe-A,A6,5D,1598.0,1999.0,三陽公司,進口小客車車型耗能證明113年10月核發資料.csv
f395f1c4506cf1a4,TW,import,passenger,ice,2024,2024-10-17,HYUNDAI,Santa Fe-B,A6,5D,1598.0,2032.0,三陽公司,進口小客車車型耗能證明113年10月核發資料.csv
ed757fb3565c8fd4,TW,import,passenger,ice,2024,2024-10-11,HYUNDAI,Santa Fe-C,A6,5D,1598.0,2068.0,三陽公司,進口小客車車型耗能證明113年10月核發資料.csv
2e4dbde782a28e43,TW,import,passenger,ice,2024,2024-10-11,HYUNDAI,Santa Fe-D,A6,5D,1598.0,2142.0,三陽公司,進口小客車車型耗能證明113年10月核發資料.csv
32f96516ed689bd7,TW,import,passenger,ice,2024,2024-10-17,HYUNDAI,Santa Fe-E,A6,5D,1598.0,2125.0,三陽公司,進口小客車車型耗能證明113年10月核發資料.csv
18f30045b134fe47,TW,import,passenger,ice,2024,2024-10-01,INFINITI,QX60 AWD,A9,5D,1997.0,2218.0,裕隆汽車,進口小客車車型耗能證明113年10月核發資料.csv
11e3ec20e2bdff1d,TW,import,passenger,ice,2024,2024-05-30,JAGUAR,F-PACE 423kW,A8,5D,5000.0,2217.0,台灣捷豹,進口小客車車型耗能證明113年5月核發資料.csv
ea6a29b5ec917920,TW,import,passenger,bev,2024,2024-04-02,KIA,EV6 GT,A1,5D,,2320.0,台灣森那美,小客車電動車能效標示113年4月核發資料.csv
12164da643713efa,TW,import,passenger,ice,2024,2024-12-13,KIA,SORENTO PE 2WD 6P HEV,A6,5D,1598.0,1978.0,台灣森那美,進口小客車車型耗能證明113年12月核發資料.csv
a613cb1b9e152c56,TW,import,passenger,ice,2024,2024-12-13,KIA,SORENTO PE 2WD 7P,A8,5D,2151.0,1942.0,台灣森那美,進口小客車車型耗能證明113年12月核發資料.csv
09bba277e633bb67,TW,import,passenger,ice,2024,2024-12-13,KIA,SORENTO PE AWD 7P,A8,5D,2151.0,2023.0,森那美起亞,進口小客車車型耗能證明113年12月核發資料.csv
e0c40cac2f269487,TW,import,passenger,ice,2024,2024-12-16,KIA,SORENTO PE AWD 7P HEV,A6,5D,1598.0,2046.0,台灣森那美,進口小客車車型耗能證明113年12月核發資料.csv
42e21d9c0569f87d,TW,import,passenger,ice,2024,2024-10-21,KIA,STONIC PE M1.0B,A7,5D,998.0,1307.0,台灣森那美,進口小客車車型耗能證明113年10月核發資料.csv
c690f748f97321f8,TW,import,passenger,ice,2024,2024-10-29,KIA,STONIC PE M1.0C,A7,5D,998.0,1314.0,台灣森那美,進口小客車車型耗能證明113年10月核發資料.csv
42d25a875263b79c,TW,import,passenger,ice,2024,2024-10-21,KIA,STONIC PE M1.0G,A7,5D,998.0,1330.0,台灣森那美,進口小客車車型耗能證明113年10月核發資料.csv
f5d7ff3c06a062f6,TW,import,passenger,ice,2024,2024-04-09,LEXUS,NX350 OVERTRAIL,A8,5D,2393.0,1874.0,和泰汽車,進口小客車車型耗能證明113年4月核發資料.csv
6a6c7579d586bfe0,TW,import,passenger,ice,2024,2024-06-19,LOTUS,EMIRA,A8,2D,1991.0,1596.0,嘉鎷興業,進口小客車車型耗能證明113年6月核發資料.csv
35d744ec6ad334c2,TW,import,passenger,ice,2024,2024-10-01,MASERATI,GRANCABRIO TROFEO,A8,2D,2992.0,2149.0,臺灣蒙地拿,進口小客車車型耗能證明113年10月核發資料.csv
8b08fe97978bbbde,TW,import,passenger,bev,2024,2024-08-13,MASERATI,GRANTURISMO FOLGORE,A1,2D,,2504.0,臺灣蒙地拿,小客車電動車能效標示113年8月核發資料.csv
8a23ecc043bba808,TW,import,passenger,bev,2024,2024-05-16,MASERATI,GRECALE FOLGORE,A1,5D,,2769.0,臺灣蒙地拿,小客車電動車能效標示113年5月核發資料.csv
89d0e7afb758ac38,TW,import,passenger,ice,2024,2024-02-27,MERCEDES-BENZ,A 180,A7,4D,1332.0,1510.0,台灣賓士,進口小客車車型耗能證明113年2月核發資料.csv
b7ee4d5f2c9b696b,TW,import,passenger,ice,2024,2024-02-27,MERCEDES-BENZ,A 180,A7,5D,1332.0,1504.0,台灣賓士,進口小客車車型耗能證明113年2月核發資料.csv
433e93fb9d80aba7,TW,import,passenger,ice,2024,2024-02-27,MERCEDES-BENZ,AMG A 35 4MATIC,A8,5D,1991.0,1679.0,台灣賓士,進口小客車車型耗能證明113年2月核發資料.csv
ff9046ac40ba01a8,TW,import,passenger,ice,2024,2024-08-13,MERCEDES-BENZ,AMG C 43 4MATIC,A9,5D,1991.0,1991.0,台灣賓士,進口小客車車型耗能證明113年8月核發資料.csv
a4a8f26b2abc96f4,TW,import,passenger,ice,2024,2024-01-23,MERCEDES-BENZ,AMG CLA 35 4MATIC,A8,4D,1991.0,1733.0,台灣賓士,進口小客車車型耗能證明113年1月核發資料.csv
3ddf46694dec5bba,TW,import,passenger,ice,2024,2024-01-23,MERCEDES-BENZ,AMG CLA 35 4MATIC,A8,5D,1991.0,1748.0,台灣賓士,進口小客車車型耗能證明113年1月核發資料.csv
7a7d9fe55ce0cfc5,TW,import,passenger,ice,2024,2024-05-20,MERCEDES-BENZ,AMG CLE 53 4MATIC,A9,2D,2999.0,2088.0,台灣賓士,進口小客車車型耗能證明113年5月核發資料.csv
92e064cd6dd40d23,TW,import,passenger,ice,2024,2024-09-23,MERCEDES-BENZ,AMG CLE 53 4MATIC,A9,2D,2999.0,2091.0,台灣賓士,進口小客車車型耗能證明113年9月核發資料.csv
c437637d00fbfb2d,TW,import,passenger,ice,2024,2024-10-15,MERCEDES-BENZ,AMG CLE 53 4MATIC Cabriolet,A9,2D,2999.0,2193.0,台灣賓士,進口小客車車型耗能證明113年10月核發資料.csv
2c9e0c3a6f555148,TW,import,passenger,bev,2024,2024-04-12,MERCEDES-BENZ,AMG EQE 43 4MATIC,A1,5D,,2678.0,台灣賓士,小客車電動車能效標示113年4月核發資料.csv
5eb70980ac696dac,TW,import,passenger,bev,2024,2024-10-15,MERCEDES-BENZ,AMG EQE 53 4MATIC+,A1,4D,,2636.0,台中市公會,小客車電動車能效標示113年10月核發資料.csv
67b4dd160fa7ff66,TW,import,passenger,ice,2024,2024-01-22,MERCEDES-BENZ,AMG GLC 43 4MATIC Coupe,A9,5D,1991.0,2102.0,台灣賓士,進口小客車車型耗能證明113年1月核發資料.csv
97b68bd64a81f94a,TW,import,passenger,ice,2024,2024-02-27,MERCEDES-BENZ,B 180,A7,5D,1332.0,1587.0,台灣賓士,進口小客車車型耗能證明113年2月核發資料.csv
515e9f1ab9e0f4bc,TW,import,passenger,ice,2024,2024-02-23,MERCEDES-BENZ,C 180,A9,4D,1496.0,1742.0,台灣賓士,進口小客車車型耗能證明113年2月核發資料.csv
3c47fbd1f8c1be13,TW,import,passenger,ice,2024,2024-12-12,MERCEDES-BENZ,C 180,A9,4D,1496.0,1747.0,台灣賓士,進口小客車車型耗能證明113年12月核發資料.csv
e93e944a36c85869,TW,import,passenger,ice,2024,2024-12-30,MERCEDES-BENZ,C 180,A9,4D,1496.0,1767.0,台灣賓士,進口小客車車型耗能證明113年12月核發資料.csv
2e1b621d32695c2d,TW,import,passenger,ice,2024,2024-03-01,MERCEDES-BENZ,C 180,A9,4D,1496.0,1765.0,台灣賓士,進口小客車車型耗能證明113年3月核發資料.csv
d1f0961e699b1f6a,TW,import,passenger,ice,2024,2024-12-12,MERCEDES-BENZ,C 200,A9,4D,1496.0,1776.0,台灣賓士,進口小客車車型耗能證明113年12月核發資料.csv
66969e1ca961fc25,TW,import,passenger,ice,2024,2024-02-23,MERCEDES-BENZ,C 200,A9,4D,1496.0,1773.0,台灣賓士,進口小客車車型耗能證明113年2月核發資料.csv
5d6f34ec7cf6c6e9,TW,import,passenger,ice,2024,2024-12-12,MERCEDES-BENZ,C 200,A9,5D,1496.0,1807.0,台灣賓士,進口小客車車型耗能證明113年12月核發資料.csv
7979fd4cc563b99d,TW,import,passenger,ice,2024,2024-02-23,MERCEDES-BENZ,C 200,A9,5D,1496.0,1808.0,台灣賓士,進口小客車車型耗能證明113年2月核發資料.csv
58eadf93c34fa4b9,TW,import,passenger,ice,2024,2024-12-26,MERCEDES-BENZ,C 300,A9,4D,1999.0,1822.0,台灣賓士,進口小客車車型耗能證明113年12月核發資料.csv
73db20f038abd2c5,TW,import,passenger,ice,2024,2024-02-23,MERCEDES-BENZ,C 300,A9,4D,1999.0,1820.0,台灣賓士,進口小客車車型耗能證明113年2月核發資料.csv
ff94ffc0908ff4a0,TW,import,passenger,ice,2024,2024-12-12,MERCEDES-BENZ,C 300,A9,5D,1999.0,1871.0,台灣賓士,進口小客車車型耗能證明113年12月核發資料.csv
9097374ee9e0b684,TW,import,passenger,ice,2024,2024-02-23,MERCEDES-BENZ,C 300,A9,5D,1999.0,1877.0,台灣賓士,進口小客車車型耗能證明113年2月核發資料.csv
a653bdbea70acde6,TW,import,passenger,ice,2024,2024-01-23,MERCEDES-BENZ,CLA 200,A7,4D,1332.0,1566.0,台灣賓士,進口小客車車型耗能證明113年1月核發資料.csv
4a20dbb1d53f0210,TW,import,passenger,ice,2024,2024-01-23,MERCEDES-BENZ,CLA 200,A7,5D,1332.0,1591.0,台灣賓士,進口小客車車型耗能證明113年1月核發資料.csv
000d538935be0672,TW,import,passenger,ice,2024,2024-01-22,MERCEDES-BENZ,CLE 200,A9,2D,1999.0,1827.0,台灣賓士,進口小客車車型耗能證明113年1月核發資料.csv
4933d02b9f363a15,TW,import,passenger,ice,2024,2024-02-05,MERCEDES-BENZ,CLE 200,A9,2D,1999.0,1886.0,台灣賓士,進口小客車車型耗能證明113年2月核發資料.csv
03c5ef032dffb471,TW,import,passenger,ice,2024,2024-05-10,MERCEDES-BENZ,CLE 200 Cabriolet,A9,2D,1999.0,1978.0,台灣賓士,進口小客車車型耗能證明113年5月核發資料.csv
72769b16e2eff4c6,TW,import,passenger,ice,2024,2024-01-22,MERCEDES-BENZ,CLE 300 4MATIC,A9,2D,1999.0,1934.0,台灣賓士,進口小客車車型耗能證明113年1月核發資料.csv
bccd05465cd6041b,TW,import,passenger,ice,2024,2024-12-16,MERCEDES-BENZ,E 200,A9,4D,1999.0,1875.0,台灣賓士,進口小客車車型耗能證明113年12月核發資料.csv
c3b35aba28145ff3,TW,import,passenger,ice,2024,2024-12-26,MERCEDES-BENZ,E 200,A9,5D,1999.0,1949.0,台灣賓士,進口小客車車型耗能證明113年12月核發資料.csv
0ae71de3f6be03ad,TW,import,passenger,ice,2024,2024-01-02,MERCEDES-BENZ,E 200,A9,5D,1999.0,2021.0,台灣賓士,進口小客車車型耗能證明113年1月核發資料.csv
512563438fade7bd,TW,import,passenger,ice,2024,2024-12-16,MERCEDES-BENZ,E 300,A9,4D,1999.0,1942.0,台灣賓士,進口小客車車型耗能證明113年12月核發資料.csv
9da98b922bb5234c,TW,import,passenger,bev,2024,2024-02-07,MERCEDES-BENZ,EQA 250,A1,5D,,2061.0,台灣賓士,小客車電動車能效標示113年2月核發資料.csv
42a1cfef217e146d,TW,import,passenger,bev,2024,2024-02-17,MERCEDES-BENZ,EQB 250+,A1,5D,,2184.0,台灣賓士,小客車電動車能效標示113年2月核發資料.csv
c6d4a47f93b635ec,TW,import,passenger,bev,2024,2024-01-24,MERCEDES-BENZ,EQB 300 4MATIC,A1,5D,,2285.0,台灣賓士,小客車電動車能效標示113年1月核發資料.csv
10489f30cfc96c11,TW,import,passenger,bev,2024,2024-09-24,MERCEDES-BENZ,EQB 350 4MATIC,A1,5D,,2284.0,新北市公會,小客車電動車能效標示113年9月核發資料.csv
f08a4c2a362c700e,TW,import,passenger,bev,2024,2024-04-12,MERCEDES-BENZ,EQE 300,A1,5D,,2556.0,台灣賓士,小客車電動車能效標示113年4月核發資料.csv
bf0ae7d08b5fb2f9,TW,import,passenger,bev,2024,2024-04-12,MERCEDES-BENZ,EQE 350 4MATIC,A1,5D,,2622.0,台灣賓士,小客車電動車能效標示113年4月核發資料.csv
1f7f19d59b5545c3,TW,import,passenger,bev,2024,2024-04-26,MERCEDES-BENZ,EQS 450 4MATIC (SUV),A1,5D,,3003.0,台灣賓士,小客車電動車能效標示113年4月核發資料.csv
dd5055a93ec9c565,TW,import,passenger,bev,2024,2024-07-30,MERCEDES-BENZ,EQS 450+,A1,4D,,2657.0,苗栗縣公會,小客車電動車能效標示113年7月核發資料.csv
d2a7adad2ebd1ccb,TW,import,passenger,bev,2024,2024-07-30,MERCEDES-BENZ,EQS 450+,A1,5D,,2622.0,台灣賓士,小客車電動車能效標示113年7月核發資料.csv
f925d9888542fed8,TW,import,passenger,bev,2024,2024-06-07,MERCEDES-BENZ,EQS 580 4MATIC,A1,4D,,2736.0,台中市公會,小客車電動車能效標示113年6月核發資料.csv
0fea2e6adbf83ac7,TW,import,passenger,ice,2024,2024-10-24,MERCEDES-BENZ,GLE 450 4MATIC,A9,5D,2999.0,2382.0,台灣賓士,進口小客車車型耗能證明113年10月核發資料.csv
d9c6046ddce38213,TW,import,passenger,bev,2024,2024-05-21,MERCEDES-BENZ,Maybach EQS 680,A1,5D,,3151.0,台灣賓士,小客車電動車能效標示113年5月核發資料.csv
5555032fc532fc50,TW,import,passenger,ice,2024,2024-09-23,MERCEDES-BENZ,S 450 4MATIC,A9,4D,2999.0,2255.0,台灣賓士,進口小客車車型耗能證明113年9月核發資料.csv
593489680f8b4c6c,TW,import,passenger,ice,2024,2024-05-27,MINI,MINI COOPER C,A7,3D,1499.0,1379.0,汎德公司,進口小客車車型耗能證明113年5月核發資料.csv
6e43c2f810157c54,TW,import,passenger,ice,2024,2024-11-05,MINI,MINI COOPER C 5-DOORS,A7,5D,1499.0,1438.0,汎德公司,進口小客車車型耗能證明113年11月核發資料.csv
f14a6302dbaabdef,TW,import,passenger,ice,2024,2024-07-12,MINI,MINI COOPER S,A7,3D,1998.0,1414.0,汎德公司,進口小客車車型耗能證明113年7月核發資料.csv
a64afc2fe17a378f,TW,import,passenger,ice,2024,2024-11-07,MINI,MINI COOPER S 5-DOORS,A7,5D,1998.0,1467.0,汎德公司,進口小客車車型耗能證明113年11月核發資料.csv
165641cf8e4fd669,TW,import,passenger,ice,2024,2024-01-02,MINI,MINI COUNTRYMAN C,A7,5D,1499.0,1687.0,汎德公司,進口小客車車型耗能證明113年1月核發資料.csv
efcc5d78af69273a,TW,import,passenger,ice,2024,2024-05-27,MINI,MINI COUNTRYMAN S ALL4,A7,5D,1998.0,1791.0,汎德公司,進口小客車車型耗能證明113年5月核發資料.csv
1c3024b3626b74bb,TW,import,passenger,bev,2024,2024-07-04,MINI,MINI COUNTRYMAN SE ALL4,A1,5D,,2151.0,汎德公司,小客車電動車能效標示113年7月核發資料.csv
87765f291510f278,TW,import,passenger,ice,2024,2024-01-22,MINI,MINI JCW COUNTRYMAN ALL4,A7,5D,1998.0,1815.0,汎德公司,進口小客車車型耗能證明113年1月核發資料.csv
8bb98f6a46036d05,TW,import,passenger,ice,2024,2024-09-19,McLaren,GTS,A7,2D,3994.0,1707.0,永三汽車,進口小客車車型耗能證明113年9月核發資料.csv
b3f64ffe24f777ff,TW,import,passenger,ice,2024,2024-10-18,Mercedes-AMG,AMG GT 43,A9,3D,1991.0,1872.0,台灣賓士,進口小客車車型耗能證明113年10月核發資料.csv
385d47014eb83882,TW,import,passenger,ice,2024,2024-09-25,Mercedes-AMG,AMG SL 43,A9,2D,1991.0,1903.0,台灣賓士,進口小客車車型耗能證明113年9月核發資料.csv
e8cec24b37fd42fb,TW,import,passenger,bev,2024,2024-05-13,NISSAN,ARIYA 160kW,A1,5D,,2043.0,裕隆汽車,小客車電動車能效標示113年5月核發資料.csv
5dae86c7fc17223e,TW,import,passenger,bev,2024,2024-05-13,NISSAN,ARIYA 178kW,A1,5D,,2226.0,裕隆汽車,小客車電動車能效標示113年5月核發資料.csv
b68204f131a329bb,TW,import,passenger,ice,2024,2024-08-06,PORSCHE,718 SPYDER RS,A7,2D,3996.0,1556.0,台灣保時捷,進口小客車車型耗能證明113年8月核發資料.csv
9f4236aa65852b1a,TW,import,passenger,ice,2024,2024-12-10,PORSCHE,911 CARRERA,A8,2D,2981.0,1637.0,台灣保時捷,進口小客車車型耗能證明113年12月核發資料.csv
3ffbb2ad648b63c1,TW,import,passenger,ice,2024,2024-12-10,PORSCHE,911 CARRERA,A8,2D,2981.0,1672.0,台灣保時捷,進口小客車車型耗能證明113年12月核發資料.csv
e4670900d68fa0d3,TW,import,passenger,ice,2024,2024-09-04,PORSCHE,911 S/T,M6,2D,3996.0,1560.0,台灣保時捷,進口小客車車型耗能證明113年9月核發資料.csv
4e76f66234791f38,TW,import,passenger,ice,2024,2024-11-25,PORSCHE,911 TURBO,A8,2D,3745.0,1765.0,台灣保時捷,進口小客車車型耗能證明113年11月核發資料.csv
f050e12731855b2e,TW,import,passenger,ice,2024,2024-09-13,PORSCHE,CAYENNE GTS COUPE,A8,5D,3996.0,2382.0,台灣保時捷,進口小客車車型耗能證明113年9月核發資料.csv
3c99fe4a6da0e998,TW,import,passenger,ice,2024,2024-09-13,PORSCHE,CAYENNE GTS COUPE,A8,5D,3996.0,2374.0,台灣保時捷,進口小客車車型耗能證明113年9月核發資料.csv
2f5e769bda814476,TW,import,passenger,bev,2024,2024-12-11,PORSCHE,MACAN 4,A1,5D,,2518.0,台灣保時捷,小客車電動車能效標示113年12月核發資料.csv
c92b0811cc0be640,TW,import,passenger,ice,2024,2024-10-08,PORSCHE,MACAN T,A7,5D,1984.0,1970.0,台灣保時捷,進口小客車車型耗能證明113年10月核發資料.csv
89251175f78a2cf8,TW,import,passenger,ice,2024,2024-10-08,PORSCHE,MACAN T,A7,5D,1984.0,2009.0,台灣保時捷,進口小客車車型耗能證明113年10月核發資料.csv
cc5f9fc141149cff,TW,import,passenger,bev,2024,2024-12-11,PORSCHE,MACAN TURBO,A1,5D,,2567.0,台灣保時捷,小客車電動車能效標示113年12月核發資料.csv
19bb497e95081200,TW,import,passenger,ice,2024,2024-07-12,PORSCHE,PANAMERA,A8,4D,2894.0,2096.0,台灣保時捷,進口小客車車型耗能證明113年7月核發資料.csv
bf9fe23e67b1c1d9,TW,import,passenger,ice,2024,2024-07-12,PORSCHE,PANAMERA,A8,4D,2894.0,2107.0,台灣保時捷,進口小客車車型耗能證明113年7月核發資料.csv
d2f36948e347bdb1,TW,import,passenger,ice,2024,2024-07-12,PORSCHE,PANAMERA 4,A8,4D,2894.0,2075.0,台灣保時捷,進口小客車車型耗能證明113年7月核發資料.csv
e5e2c632fa9b4e33,TW,import,passenger,ice,2024,2024-07-12,PORSCHE,PANAMERA 4,A8,4D,2894.0,2129.0,台灣保時捷,進口小客車車型耗能證明113年7月核發資料.csv
9abe4d206d487409,TW,import,passenger,bev,2024,2024-10-16,PORSCHE,TAYCAN,A2,4D,,2199.0,台灣保時捷,小客車電動車能效標示113年10月核發資料.csv
b6367b5c308543ee,TW,import,passenger,bev,2024,2024-10-16,PORSCHE,TAYCAN,A2,4D,,2225.0,台灣保時捷,小客車電動車能效標示113年10月核發資料.csv
da06dfde0ba24113,TW,import,passenger,bev,2024,2024-10-16,PORSCHE,TAYCAN (320kW),A2,4D,,2333.0,台灣保時捷,小客車電動車能效標示113年10月核發資料.csv
9c218fc73f701e37,TW,import,passenger,bev,2024,2024-10-16,PORSCHE,TAYCAN 4 CROSS TURISMO,A2,5D,,2391.0,台灣保時捷,小客車電動車能效標示113年10月核發資料.csv
76a6aabf578a0f97,TW,import,passenger,bev,2024,2024-10-16,PORSCHE,TAYCAN 4S,A2,4D,,2357.0,台灣保時捷,小客車電動車能效標示113年10月核發資料.csv
effa1adbd26498c3,TW,import,passenger,bev,2024,2024-10-16,PORSCHE,TAYCAN 4S,A2,4D,,2407.0,台灣保時捷,小客車電動車能效標示113年10月核發資料.csv
7f2958ff7b9828f2,TW,import,passenger,bev,2024,2024-11-18,PORSCHE,TAYCAN 4S,A2,4D,,2431,苗栗縣公會,小客車電動車能效標示113年11月核發資料.csv
e0b5cbb734201be8,TW,import,passenger,bev,2024,2024-10-16,PORSCHE,TAYCAN 4S CROSS TURISMO,A2,5D,,2391.0,台灣保時捷,小客車電動車能效標示113年10月核發資料.csv
56c8f1dafe65c5bb,TW,import,passenger,bev,2024,2024-10-25,PORSCHE,TAYCAN TURBO,A2,4D,,2378.0,台灣保時捷,小客車電動車能效標示113年10月核發資料.csv
7d948881931694d8,TW,import,passenger,bev,2024,2024-10-16,PORSCHE,TAYCAN TURBO CROSS TURISMO,A2,5D,,2435.0,台灣保時捷,小客車電動車能效標示113年10月核發資料.csv
519fa6078745a8eb,TW,import,passenger,bev,2024,2024-10-23,PORSCHE,TAYCAN TURBO GT,A2,4D,,2419.0,台灣保時捷,小客車電動車能效標示113年10月核發資料.csv
14797d6f353f0f16,TW,import,passenger,bev,2024,2024-10-16,PORSCHE,TAYCAN TURBO S,A2,4D,,2462.0,台灣保時捷,小客車電動車能效標示113年10月核發資料.csv
02c4857368822f62,TW,import,passenger,bev,2024,2024-11-15,SKODA,ENYAQ 85 HATCHBACK,A1,4D,,2272,台灣福斯,小客車電動車能效標示113年11月核發資料.csv
31eb573d83f83bab,TW,import,passenger,bev,2024,2024-11-15,SKODA,ENYAQ COUPE 85 HATCHBACK,A1,4D,,2285,台灣福斯,小客車電動車能效標示113年11月核發資料.csv
3534d0041264fd2c,TW,import,passenger,bev,2024,2024-11-15,SKODA,ENYAQ COUPE RS HATCHBACK,A1,4D,,2413,台灣福斯,小客車電動車能效標示113年11月核發資料.csv
ed773bc73696b87e,TW,import,passenger,ice,2024,2024-05-20,SKODA,FABIA 1.0 TSI HATCHBACK,A7,4D,999.0,1255.0,台灣福斯,進口小客車車型耗能證明113年5月核發資料.csv
7ecbf6a714b572d9,TW,import,passenger,ice,2024,2024-05-20,SKODA,FABIA 1.5 TSI HATCHBACK,A7,4D,1498.0,1305.0,台灣福斯,進口小客車車型耗能證明113年5月核發資料.csv
04b8d93ffa993bbe,TW,import,passenger,ice,2024,2024-05-28,SKODA,KAMIQ 1.0 TSI HATCHBACK,A7,4D,999.0,1337.0,台灣福斯,進口小客車車型耗能證明113年5月核發資料.csv
a86589c9358f5876,TW,import,passenger,ice,2024,2024-05-28,SKODA,KAMIQ 1.5 TSI HATCHBACK,A7,4D,1498.0,1368.0,台灣福斯,進口小客車車型耗能證明113年5月核發資料.csv
4ce938acd9f2b2dc,TW,import,passenger,ice,2024,2024-08-01,SKODA,KODIAQ 1.5 TSI eTEC HATCHBACK,A7,4D,1498.0,1816.0,台灣福斯,進口小客車車型耗能證明113年8月核發資料.csv
435ae0b49b08bc9f,TW,import,passenger,ice,2024,2024-08-06,SKODA,OCTAVIA 1.5 TSI eTEC,A7,4D,1498.0,1481.0,台灣福斯,進口小客車車型耗能證明113年8月核發資料.csv
7ade249288bd5201,TW,import,passenger,ice,2024,2024-11-21,SKODA,OCTAVIA 1.5 TSI eTEC 85,A7,4D,1498.0,1458.0,台灣福斯,進口小客車車型耗能證明113年11月核發資料.csv
60830d7a436ba188,TW,import,passenger,ice,2024,2024-10-15,SKODA,OCTAVIA COMBI 1.5 TSI eTEC 85 HATCHBACK,A7,4D,1498.0,1483.0,台灣福斯,進口小客車車型耗能證明113年10月核發資料.csv
12ebad115211a771,TW,import,passenger,ice,2024,2024-08-06,SKODA,OCTAVIA COMBI 1.5 TSI eTEC HATCHBACK,A7,4D,1498.0,1500.0,台灣福斯,進口小客車車型耗能證明113年8月核發資料.csv
45a69a4ec428f9d3,TW,import,passenger,ice,2024,2024-11-21,SKODA,OCTAVIA COMBI RS 2.0 TSI HATCHBACK,A7,4D,1984.0,1628.0,台灣福斯,進口小客車車型耗能證明113年11月核發資料.csv
08838e2bb4efb387,TW,import,passenger,ice,2024,2024-11-22,SKODA,OCTAVIA RS 2.0 TSI,A7,4D,1984.0,1581.0,台灣福斯,進口小客車車型耗能證明113年11月核發資料.csv
d8c89b7b34e3b587,TW,import,passenger,ice,2024,2024-05-20,SKODA,SCALA 1.0 TSI HATCHBACK,A7,4D,999.0,1326.0,台灣福斯,進口小客車車型耗能證明113年5月核發資料.csv
e535fba057284ac0,TW,import,passenger,ice,2024,2024-05-28,SKODA,SCALA 1.5 TSI HATCHBACK,A7,4D,1498.0,1358.0,台灣福斯,進口小客車車型耗能證明113年5月核發資料.csv
66c3757c315f5818,TW,import,passenger,ice,2024,2024-01-23,SUBARU,BRZ 2.4 EyeSight RWD 6MT,M6,2D,2387.0,1433.0,台灣速霸陸,進口小客車車型耗能證明113年1月核發資料.csv
87311713e0e27d0a,TW,import,passenger,ice,2024,2024-12-06,SUBARU,WRX GT-S Wagon 2.4 EyeSight AWD CVT,CVT,5D,2387.0,1730.0,台灣速霸陸,進口小客車車型耗能證明113年12月核發資料.csv
82f91eae9673701f,TW,import,passenger,ice,2024,2024-10-15,SUZUKI,S-CROSS 2WD,A6,5D,1373.0,1336.0,金鈴汽車,進口小客車車型耗能證明113年10月核發資料.csv
51f5eb3ccda07aab,TW,import,passenger,ice,2024,2024-10-15,SUZUKI,S-CROSS ALLGRIP,A6,5D,1373.0,1421.0,金鈴汽車,進口小客車車型耗能證明113年10月核發資料.csv
1eeef5ea63ad7aa6,TW,import,passenger,ice,2024,2024-05-28,SUZUKI,SWIFT GLX,CVT,5D,1197.0,1044.0,金鈴汽車,進口小客車車型耗能證明113年5月核發資料.csv
fbd09d4f410078b3,TW,import,passenger,ice,2024,2024-10-21,SUZUKI,VITARA S ALLGRIP,A6,5D,1373.0,1389.0,金鈴汽車,進口小客車車型耗能證明113年10月核發資料.csv
6ddbee05f89a3ce3,TW,import,passenger,ice,2024,2024-07-02,TOYOTA,CAMRY,CVT,4D,1987.0,1602.0,和泰汽車,進口小客車車型耗能證明113年7月核發資料.csv
cbfb90312c4bf6d8,TW,import,passenger,ice,2024,2024-07-02,TOYOTA,CAMRY HYBRID,CVT,4D,2487.0,1678.0,和泰汽車,進口小客車車型耗能證明113年7月核發資料.csv
92ef860e2d18fa6b,TW,import,passenger,bev,2024,2024-05-21,Tesla,Model 3 H5LDB,A1,5D,,1995.0,台灣特斯拉,小客車電動車能效標示113年5月核發資料.csv
93876849fa1e693f,TW,import,passenger,bev,2024,2024-08-16,Tesla,Model 3 H5LDP,A1,5D,,2003.0,台灣特斯拉,小客車電動車能效標示113年8月核發資料.csv
ae09fe5ad1273667,TW,import,passenger,bev,2024,2024-05-21,Tesla,Model 3 H6LR,A1,5D,,1932.0,台灣特斯拉,小客車電動車能效標示113年5月核發資料.csv
7a72b190c17ad085,TW,import,passenger,bev,2024,2024-03-06,Tesla,Model Y LR4,A1,5D,,2157.0,台灣特斯拉,小客車電動車能效標示113年3月核發資料.csv
b9e0d8c0fdddd45e,TW,import,passenger,bev,2024,2024-09-02,Tesla(註一),Model Y 5LDV3,A1,5D,,2157.0,台灣特斯拉,小客車電動車能效標示113年9月核發資料.csv
f3b2934d8f6ad1eb,TW,import,passenger,ice,2024,2024-12-03,VOLKSWAGEN,CADDY MAXI 2.0 TDI HATCHBACK,A7,4D,1968.0,1871.0,台灣福斯,進口小客車車型耗能證明113年12月核發資料.csv
19176ba1d57c427f,TW,import,passenger,bev,2024,2024-10-09,VOLKSWAGEN,ID.4 GTX HATCHBACK,A1,4D,,2414.0,台灣福斯,小客車電動車能效標示113年10月核發資料.csv
decbc9c33504b4c2,TW,import,passenger,bev,2024,2024-10-09,VOLKSWAGEN,ID.4 Pro HATCHBACK,A1,4D,,2295.0,台灣福斯,小客車電動車能效標示113年10月核發資料.csv
e7c4f585c1b33b92,TW,import,passenger,bev,2024,2024-10-09,VOLKSWAGEN,ID.5 GTX HATCHBACK,A1,4D,,2378.0,台灣福斯,小客車電動車能效標示113年10月核發資料.csv
bd6f94fa8d1bf0b4,TW,import,passenger,bev,2024,2024-10-09,VOLKSWAGEN,ID.5 Pro HATCHBACK,A1,4D,,2332.0,台灣福斯,小客車電動車能效標示113年10月核發資料.csv
3eb0674ecf0607bc,TW,import,passenger,ice,2024,2024-07-15,VOLKSWAGEN,POLO 230 TSI HATCHBACK,A7,4D,999.0,1269.0,台灣福斯,進口小客車車型耗能證明113年7月核發資料.csv
e2dc6035d1a648f9,TW,import,passenger,ice,2024,2024-02-20,VOLKSWAGEN,T-CROSS 230 TSI HATCHBACK,A7,4D,999.0,1362.0,台灣福斯,進口小客車車型耗能證明113年2月核發資料.csv
b18b9422522f3af9,TW,import,passenger,ice,2024,2024-05-06,VOLKSWAGEN,T-CROSS 230 TSI HATCHBACK,A7,4D,999.0,1387.0,台灣福斯,進口小客車車型耗能證明113年5月核發資料.csv
4eaf088b43818984,TW,import,passenger,bev,2024,2024-09-09,VOLVO,EC40 Single,A1,5D,,2088.0,國際富豪,小客車電動車能效標示113年9月核發資料.csv
cdec9b30b93364c7,TW,import,passenger,bev,2024,2024-09-09,VOLVO,EC40 Twin,A1,5D,,2227.0,國際富豪,小客車電動車能效標示113年9月核發資料.csv
a5db35fa2398ad5e,TW,import,passenger,bev,2024,2024-09-09,VOLVO,EX40 Single,A1,5D,,2104.0,國際富豪,小客車電動車能效標示113年9月核發資料.csv
3f1c2a692300d18a,TW,import,passenger,bev,2024,2024-09-09,VOLVO,EX40 Twin,A1,5D,,2230.0,國際富豪,小客車電動車能效標示113年9月核發資料.csv
a3cd588a326b2f65,TW,import,passenger,ice,2024,2024-02-22,VOLVO,S90 B5,A8,4D,1969.0,1912.0,國際富豪,進口小客車車型耗能證明113年2月核發資料.csv
fde07ffdbb194aee,TW,import,passenger,ice,2024,2024-07-29,VOLVO,V60 B4,A7,5D,1969.0,1833.0,國際富豪,進口小客車車型耗能證明113年7月核發資料.csv
934390d1c412a7bf,TW,import,passenger,ice,2024,2024-09-19,VOLVO,XC60 B5 AWD,A8,5D,1969.0,2023.0,國際富豪,進口小客車車型耗能證明113年9月核發資料.csv
e17ba6b498b6f6f6,TW,import,passenger,ice,2024,2024-09-16,VOLVO,XC90 B5 AWD,A8,5D,1969.0,2218.0,國際富豪,進口小客車車型耗能證明113年9月核發資料.csv
855136fad5313556,TW,domestic,passenger,ice,2024,2024-03-07,三陽,CUSTIN KUG-C,A8,5D,1497.0,1767.0,三陽工業,國產小客車車型耗能證明113年3月核發資料.csv
eba5389ca715677b,TW,domestic,passenger,bev,2024,2024-05-08,中華名爵,MG MG4 EH321B,A1,5D,,1737.0,中華汽車,小客車電動車能效標示113年5月核發資料.csv
69f902b6dc49c5be,TW,domestic,passenger,bev,2024,2024-05-08,中華名爵,MG MG4 EH322B,A1,5D,,1794.0,中華汽車,小客車電動車能效標示113年5月核發資料.csv
e8c9cce0d132f51c,TW,domestic,passenger,bev,2024,2024-05-08,中華名爵,MG MG4 EH323B,A1,5D,,1956.0,中華汽車,小客車電動車能效標示113年5月核發資料.csv
79b46e1ef8b7e4f2,TW,domestic,passenger,ice,2024,2024-07-17,台灣大通,MAXUS G50 PLUS G50PLUSB,A7,5D,1490.0,1714.0,裕隆汽車,國產小客車車型耗能證明113年7月核發資料.csv
cd1030a6de3adb12,TW,domestic,passenger,ice,2024,2024-08-16,國瑞,COROLLA CROSS HYBRID ZVG10L-EHXEBR,CVT,5D,1798.0,1506.0,國瑞汽車,國產小客車車型耗能證明113年8月核發資料.csv
edf51bc889f17767,TW,domestic,passenger,ice,2024,2024-08-23,國瑞,COROLLA CROSS HYBRID ZVG10L-EHXGBR,CVT,5D,1798.0,1480.0,國瑞汽車,國產小客車車型耗能證明113年8月核發資料.csv
24f52461d20a9714,TW,domestic,passenger,ice,2024,2024-08-19,國瑞,COROLLA CROSS HYBRID ZVG10L-EHXLBR,CVT,5D,1798.0,1508.0,國瑞汽車,國產小客車車型耗能證明113年8月核發資料.csv
047a57732400aea1,TW,domestic,passenger,ice,2024,2024-08-27,國瑞,COROLLA CROSS HYBRID ZVG10L-EHXMBR,CVT,5D,1798.0,1491.0,國瑞汽車,國產小客車車型耗能證明113年8月核發資料.csv
8fd601260c17d400,TW,domestic,passenger,ice,2024,2024-08-23,國瑞,COROLLA CROSS HYBRID ZVG10L-EHXNBR,CVT,5D,1798.0,1481.0,國瑞汽車,國產小客車車型耗能證明113年8月核發資料.csv
e159534d7a2b3b08,TW,domestic,passenger,ice,2024,2024-08-16,國瑞,COROLLA CROSS ZSG10L-EHXGKR,CVT,5D,1798.0,1431.0,國瑞汽車,國產小客車車型耗能證明113年8月核發資料.csv
0698b14433e3fb72,TW,domestic,passenger,ice,2024,2024-08-16,國瑞,COROLLA CROSS ZSG10L-EHXMKR,CVT,5D,1798.0,1445.0,國瑞汽車,國產小客車車型耗能證明113年8月核發資料.csv
a55cdf220524e53f,TW,domestic,passenger,ice,2024,2024-08-26,國瑞,COROLLA CROSS ZSG10L-EHXNKR,CVT,5D,1798.0,1422.0,國瑞汽車,國產小客車車型耗能證明113年8月核發資料.csv
a1218d800d9eea53,TW,domestic,passenger,ice,2024,2024-10-15,國瑞,COROLLA HYBRID ZWE211L-GEXEBR,CVT,4D,1798.0,1462.0,國瑞汽車,國產小客車車型耗能證明113年10月核發資料.csv
b1f9bd4dc4eaa7fd,TW,domestic,passenger,ice,2024,2024-10-08,國瑞,COROLLA HYBRID ZWE211L-GEXVBR,CVT,4D,1798.0,1467.0,國瑞汽車,國產小客車車型耗能證明113年10月核發資料.csv
cf8151d2024b2202,TW,domestic,passenger,ice,2024,2024-04-12,國瑞,COROLLA MZEA12L-GEXXBR,CVT,4D,1987.0,1472.0,國瑞汽車,國產小客車車型耗能證明113年4月核發資料.csv
86166a16b18814e2,TW,domestic,passenger,ice,2024,2024-08-01,福特六和,KUGA CX482-7M,A8,5D,1995.0,1767.0,福特六和,國產小客車車型耗能證明113年8月核發資料.csv
13f00a1ab4e42e67,TW,domestic,passenger,ice,2024,2024-08-06,福特六和,KUGA CX482-GM,A8,5D,1496.0,1605.0,福特六和,國產小客車車型耗能證明113年8月核發資料.csv
8957a1ff8c8c9c06,TW,domestic,passenger,ice,2024,2024-08-01,福特六和,KUGA CX482-HM,A8,5D,1496.0,1639.0,福特六和,國產小客車車型耗能證明113年8月核發資料.csv
b2b9ad44d6fd116a,TW,domestic,passenger,bev,2024,2024-07-30,納智捷(鴻華先進),LUXGEN N7 D31C5LE,A1,5D,,2250.0,裕隆汽車,小客車電動車能效標示113年7月核發資料.csv
e3aa9d794096cb68,TW,domestic,passenger,bev,2024,2024-07-04,納智捷(鴻華先進),LUXGEN N7 D31C5LS,A1,5D,,2200.0,裕隆汽車,小客車電動車能效標示113年7月核發資料.csv
d61f555dc040d8fc,TW,domestic,passenger,bev,2024,2024-07-04,納智捷(鴻華先進),LUXGEN N7 D31C7LE,A1,5D,,2270.0,裕隆汽車,小客車電動車能效標示113年7月核發資料.csv
6872d20d649ccd6b,TW,import,passenger,ice,2025,2025-09-25,ALFA ROMEO,GIULIA INTENSA (AWD),A8,4D,1995.0,1823.0,寶嘉聯合,進口小客車車型耗能證明114年9月核發資料.csv
117c70e72abcba9d,TW,import,passenger,ice,2025,2025-09-24,ALFA ROMEO,GIULIA QUADRIFOGLIO (RWD),A8,4D,2891.0,1876.0,寶嘉聯合,進口小客車車型耗能證明114年9月核發資料.csv
c202df14a287fdf0,TW,import,passenger,ice,2025,2025-09-24,ALFA ROMEO,GIULIA SPRINT(AWD),A8,4D,1995.0,1788.0,寶嘉聯合,進口小客車車型耗能證明114年9月核發資料.csv
8e700cb13f0f423c,TW,import,passenger,ice,2025,2025-12-11,ALFA ROMEO,JUNIOR IBRIDA Q2,A6,5D,1199.0,1445.0,寶嘉聯合,進口小客車車型耗能證明114年12月核發資料.csv
799da93a07322fdb,TW,import,passenger,ice,2025,2025-09-24,ALFA ROMEO,STELVIO INTENSA (AWD),A8,5D,1995.0,1955.0,寶嘉聯合,進口小客車車型耗能證明114年9月核發資料.csv
d6775151ca185569,TW,import,passenger,ice,2025,2025-09-24,ALFA ROMEO,STELVIO SPRINT(AWD),A8,5D,1995.0,1943.0,寶嘉聯合,進口小客車車型耗能證明114年9月核發資料.csv
8f26ee15b48b729f,TW,import,passenger,ice,2025,2025-03-14,ASTON MARTIN,VANQUISH,A8,2D,5204.0,2069.0,永三汽車,進口小客車車型耗能證明114年3月核發資料.csv
3834c93280cc5c48,TW,import,passenger,ice,2025,2025-07-28,ASTON MARTIN,VANTAGE ROADSTER,A8,2D,3982.0,1966.0,永三汽車,進口小客車車型耗能證明114年7月核發資料.csv
6d51dea53bc71ff2,TW,import,passenger,ice,2025,2025-12-18,ASTON MARTIN,VANTAGE S,A8,2D,3982.0,1866.0,永三汽車,進口小客車車型耗能證明114年12月核發資料.csv
491fff00ad1bfc7b,TW,import,passenger,bev,2025,2025-03-28,AUDI,Q4 E-TRON,A1,5D,,2255.0,彰化縣公會,小客車電動車能效標示114年3月核發資料.csv
c3f8b6114e7c1069,TW,import,passenger,ice,2025,2025-02-14,Audi,A1 SPORTBACK 30 TFSI HATCHBACK,A7,4D,999.0,1259.0,台灣福斯,進口小客車車型耗能證明114年2月核發資料.csv
65eeaea0990249e4,TW,import,passenger,ice,2025,2025-10-08,Audi,A3 SPORTBACK 30 TFSI HATCHBACK,A7,4D,1498.0,1446.0,台灣福斯,進口小客車車型耗能證明114年10月核發資料.csv
f49568493cabe298,TW,import,passenger,ice,2025,2025-02-13,Audi,A3 SPORTBACK 30 TFSI HATCHBACK,A7,4D,1498.0,1436.0,台灣福斯,進口小客車車型耗能證明114年2月核發資料.csv
3ed115d854f1dcef,TW,import,passenger,ice,2025,2025-10-08,Audi,A3 SPORTBACK 35 TFSI HATCHBACK,A7,4D,1498.0,1478.0,台灣福斯,進口小客車車型耗能證明114年10月核發資料.csv
e5617020247cbe14,TW,import,passenger,ice,2025,2025-01-08,Audi,A3 SPORTBACK 35 TFSI HATCHBACK,A7,4D,1498.0,1459.0,台灣福斯,進口小客車車型耗能證明114年1月核發資料.csv
dafa3da017b02dcf,TW,import,passenger,ice,2025,2025-06-12,Audi,A5 35 TFSI,A7,4D,1984.0,1843.0,台灣福斯,進口小客車車型耗能證明114年6月核發資料.csv
d9ef3ef79cd5a939,TW,import,passenger,ice,2025,2025-06-12,Audi,A5 40 TFSI,A7,4D,1984.0,1848.0,台灣福斯,進口小客車車型耗能證明114年6月核發資料.csv
c5c6da3b75c6be17,TW,import,passenger,ice,2025,2025-06-12,Audi,A5 AVANT 35 TFSI HATCHBACK,A7,4D,1984.0,1861.0,台灣福斯,進口小客車車型耗能證明114年6月核發資料.csv
60e10447e08fc432,TW,import,passenger,ice,2025,2025-06-12,Audi,A5 AVANT 40 TFSI HATCHBACK,A7,4D,1984.0,1867.0,台灣福斯,進口小客車車型耗能證明114年6月核發資料.csv
affe0cb01e89a1d7,TW,import,passenger,ice,2025,2025-09-16,Audi,A6 AVANT TFSI 150kW HATCHBACK,A7,4D,1984.0,1972.0,台灣福斯,進口小客車車型耗能證明114年9月核發資料.csv
d7f1029b2a0a348e,TW,import,passenger,bev,2025,2025-11-10,Audi,A6 AVANT e-tron HATCHBACK,A1,4D,,2338.0,台灣福斯,小客車電動車能效標示114年11月核發資料.csv
269cbe8138ec252b,TW,import,passenger,bev,2025,2025-11-07,Audi,A6 AVANT e-tron PERFORMANCE HATCHBACK,A1,4D,,2415.0,台灣福斯,小客車電動車能效標示114年11月核發資料.csv
b67c5ec34de15c10,TW,import,passenger,bev,2025,2025-11-10,Audi,A6 SPORTBACK e-tron,A1,4D,,2294.0,台灣福斯,小客車電動車能效標示114年11月核發資料.csv
b28e31bb4e1c3b56,TW,import,passenger,bev,2025,2025-11-21,Audi,A6 SPORTBACK e-tron PERFORMANCE,A1,4D,,2422.0,台灣福斯,小客車電動車能效標示114年11月核發資料.csv
4072e6620dadc232,TW,import,passenger,ice,2025,2025-12-10,Audi,A6 TFSI 150kW,A7,4D,1984.0,1910.0,台灣福斯,進口小客車車型耗能證明114年12月核發資料.csv
23d271cd940dc254,TW,import,passenger,ice,2025,2025-11-21,Audi,Q2 35 TFSI HATCHBACK,A7,4D,1498.0,1449.0,台灣福斯,進口小客車車型耗能證明114年11月核發資料.csv
07102d0ee90ed82b,TW,import,passenger,ice,2025,2025-02-10,Audi,Q3 35 TFSI HATCHBACK,A7,4D,1498.0,1611.0,台灣福斯,進口小客車車型耗能證明114年2月核發資料.csv
23890544f65cc3e8,TW,import,passenger,ice,2025,2025-02-13,Audi,Q3 40 TFSI quattro HATCHBACK,A7,4D,1984.0,1782.0,台灣福斯,進口小客車車型耗能證明114年2月核發資料.csv
a7f90727d08881c1,TW,import,passenger,ice,2025,2025-02-10,Audi,Q3 SPORTBACK 35 TFSI HATCHBACK,A7,4D,1498.0,1616.0,台灣福斯,進口小客車車型耗能證明114年2月核發資料.csv
10453e51bbc8bcfd,TW,import,passenger,ice,2025,2025-02-13,Audi,Q3 SPORTBACK 40 TFSI quattro HATCHBACK,A7,4D,1984.0,1767.0,台灣福斯,進口小客車車型耗能證明114年2月核發資料.csv
3157a7c0ed2288a5,TW,import,passenger,ice,2025,2025-09-16,Audi,Q5 40 TFSI HATCHBACK,A7,4D,1984.0,1996.0,台灣福斯,進口小客車車型耗能證明114年9月核發資料.csv
98cdbc53590e199e,TW,import,passenger,ice,2025,2025-09-17,Audi,Q5 40 TFSI quattro HATCHBACK,A7,4D,1984.0,2074.0,台灣福斯,進口小客車車型耗能證明114年9月核發資料.csv
4e0747c407c2c871,TW,import,passenger,ice,2025,2025-09-16,Audi,Q5 SPORTBACK 40 TFSI HATCHBACK,A7,4D,1984.0,1988.0,台灣福斯,進口小客車車型耗能證明114年9月核發資料.csv
a51e20404486644d,TW,import,passenger,ice,2025,2025-09-17,Audi,Q5 SPORTBACK 40 TFSI quattro HATCHBACK,A7,4D,1984.0,2066.0,台灣福斯,進口小客車車型耗能證明114年9月核發資料.csv
397fa15914c4243a,TW,import,passenger,bev,2025,2025-09-19,Audi,Q6 SPORTBACK e-tron HATCHBACK,A1,4D,,2390.0,台灣福斯,小客車電動車能效標示114年9月核發資料.csv
10adaedf442d5741,TW,import,passenger,bev,2025,2025-09-24,Audi,Q6 SPORTBACK e-tron quattro HATCHBACK,A1,4D,,2578.0,台灣福斯,小客車電動車能效標示114年9月核發資料.csv
e3f5ea9e48d3b984,TW,import,passenger,bev,2025,2025-04-09,Audi,Q6 e-tron HATCHBACK,A1,4D,,2392.0,台灣福斯,小客車電動車能效標示114年4月核發資料.csv
a48349741dd9115a,TW,import,passenger,bev,2025,2025-04-09,Audi,Q6 e-tron quattro HATCHBACK,A1,4D,,2584.0,台灣福斯,小客車電動車能效標示114年4月核發資料.csv
4171ffbedc1bd541,TW,import,passenger,ice,2025,2025-01-08,Audi,Q7 55 TFSI quattro HATCHBACK,A8,4D,2995.0,2336.0,台灣福斯,進口小客車車型耗能證明114年1月核發資料.csv
dc1213a3040bb337,TW,import,passenger,ice,2025,2025-01-08,Audi,Q8 55 TFSI quattro HATCHBACK,A8,4D,2995.0,2271.0,台灣福斯,進口小客車車型耗能證明114年1月核發資料.csv
5e1fedbc425b087a,TW,import,passenger,ice,2025,2025-06-27,Audi,RS3 SPORTBACK quattro HATCHBACK,A7,4D,2480.0,1720.0,台灣福斯,進口小客車車型耗能證明114年6月核發資料.csv
10cc708d5c5d83b6,TW,import,passenger,ice,2025,2025-06-27,Audi,RS3 quattro HATCHBACK,A7,4D,2480.0,1731.0,台灣福斯,進口小客車車型耗能證明114年6月核發資料.csv
23c586a5b959cc91,TW,import,passenger,ice,2025,2025-06-12,Audi,S5 AVANT quattro HATCHBACK,A7,4D,2995.0,2122.0,台灣福斯,進口小客車車型耗能證明114年6月核發資料.csv
6dd997bfd3b65976,TW,import,passenger,ice,2025,2025-06-12,Audi,S5 quattro,A7,4D,2995.0,2106.0,台灣福斯,進口小客車車型耗能證明114年6月核發資料.csv
62e967b80d309dbe,TW,import,passenger,bev,2025,2025-11-07,Audi,S6 AVANT e-tron quattro HATCHBACK,A1,4D,,2552.0,台灣福斯,小客車電動車能效標示114年11月核發資料.csv
9a35b7a0ddc4dc76,TW,import,passenger,bev,2025,2025-11-10,Audi,S6 SPORTBACK e-tron quattro,A1,4D,,2535.0,台灣福斯,小客車電動車能效標示114年11月核發資料.csv
d8cc4dab3239ce8a,TW,import,passenger,ice,2025,2025-12-26,Audi,SQ5 SPORTBACK quattro HATCHBACK,A7,4D,2995.0,2198.0,台灣福斯,進口小客車車型耗能證明114年12月核發資料.csv
acfc24adc4646619,TW,import,passenger,ice,2025,2025-12-26,Audi,SQ5 quattro HATCHBACK,A7,4D,2995.0,2219.0,台灣福斯,進口小客車車型耗能證明114年12月核發資料.csv
e7d82fd61e496a5c,TW,import,passenger,bev,2025,2025-09-24,Audi,SQ6 SPORTBACK e-tron quattro HATCHBACK,A1,4D,,2630.0,台灣福斯,小客車電動車能效標示114年9月核發資料.csv
d8be0ea468512af6,TW,import,passenger,bev,2025,2025-04-09,Audi,SQ6 e-tron quattro HATCHBACK,A1,4D,,2618.0,台灣福斯,小客車電動車能效標示114年4月核發資料.csv
1ff0a1f3d2f1e83a,TW,import,passenger,ice,2025,2025-04-01,BMW,220 GRAN COUPE,A7,4D,1499.0,1643.0,汎德公司,進口小客車車型耗能證明114年4月核發資料.csv
1398972f7589748c,TW,import,passenger,ice,2025,2025-12-08,BMW,430I XDRIVE CONVERTIBLE,A8,2D,1998.0,1959.0,汎德公司,進口小客車車型耗能證明114年12月核發資料.csv
9e73f04d0341075a,TW,import,passenger,ice,2025,2025-02-10,BMW,520I TOURING,A8,5D,1998.0,1982.0,汎德公司,進口小客車車型耗能證明114年2月核發資料.csv
c8d8c1d097cdfa02,TW,import,passenger,bev,2025,2025-09-26,BMW,BMW I4 EDRIVE40 GRAN COUPE,A1,5D,,2208.0,汎德公司,小客車電動車能效標示114年9月核發資料.csv
59bd3fd5d76e3981,TW,import,passenger,bev,2025,2025-11-18,BMW,BMW I4 M60 XDRIVE GRAN COUPE,A1,5D,,2363.0,汎德公司,小客車電動車能效標示114年11月核發資料.csv
0c6040d63ab86ccd,TW,import,passenger,bev,2025,2025-06-11,BMW,BMW I5 EDRIVE40 SEDAN,A1,4D,,2293.0,汎德公司,小客車電動車能效標示114年6月核發資料.csv
040b133888c055c2,TW,import,passenger,bev,2025,2025-06-11,BMW,BMW I5 EDRIVE40 TOURING,A1,5D,,2350.0,汎德公司,小客車電動車能效標示114年6月核發資料.csv
1c50608f1ee4e405,TW,import,passenger,bev,2025,2025-07-16,BMW,BMW I5 M60 XDRIVE SEDAN,A1,4D,,2449.0,汎德公司,小客車電動車能效標示114年7月核發資料.csv
b8ee1062d8841464,TW,import,passenger,bev,2025,2025-07-16,BMW,BMW I5 M60 XDRIVE TOURING,A1,5D,,2447.0,汎德公司,小客車電動車能效標示114年7月核發資料.csv
45458dafac657605,TW,import,passenger,bev,2025,2025-01-14,BMW,BMW IX1 EDRIVE20,A1,5D,,2038.0,汎德公司,小客車電動車能效標示114年1月核發資料.csv
bd027dbe22761bd6,TW,import,passenger,bev,2025,2025-09-24,BMW,IX1 XDRIVE30,A1,5D,,2162.0,汎德公司,小客車電動車能效標示114年9月核發資料.csv
898d710f0e5b9490,TW,import,passenger,ice,2025,2025-12-18,BMW,M2 CS COUPE MX,A8,2D,2993.0,1850.0,汎德公司,進口小客車車型耗能證明114年12月核發資料.csv
4b173aa2901fcfdf,TW,import,passenger,ice,2025,2025-06-19,BMW,M235 XDRIVE GRAN COUPE,A7,4D,1998.0,1760.0,汎德公司,進口小客車車型耗能證明114年6月核發資料.csv
ae820a168a6bd77a,TW,import,passenger,ice,2025,2025-01-13,BMW,M240I XDRIVE COUPE MX,A8,2D,2998.0,1797.0,汎德公司,進口小客車車型耗能證明114年1月核發資料.csv
36003e6a5036ee3a,TW,import,passenger,ice,2025,2025-07-16,BMW,M3 CS TOURING,A8,5D,2993.0,1995.0,汎德公司,進口小客車車型耗能證明114年7月核發資料.csv
553a238767662457,TW,import,passenger,bev,2025,2025-06-18,CITROEN,eC4 (115kW),A1,5D,,1690.0,寶嘉聯合,小客車電動車能效標示114年6月核發資料.csv
5b85f028f114768c,TW,import,passenger,ice,2025,2025-08-21,DALLARA,STRADALE,M6,2D,2261.0,1119.0,嘉鎷興業,進口小客車車型耗能證明114年8月核發資料.csv
da40c1ab47234f1f,TW,import,passenger,ice,2025,2025-02-05,FERRARI,12CILINDRI,A8,2D,6496.0,1913.0,臺灣蒙地拿,進口小客車車型耗能證明114年2月核發資料.csv
a0fe531f5ee9148e,TW,import,passenger,ice,2025,2025-10-30,FERRARI,12CILINDRI SPIDER,A8,2D,6496.0,1983.0,臺灣蒙地拿,進口小客車車型耗能證明114年10月核發資料.csv
043909b6722f42cf,TW,import,passenger,bev,2025,2025-11-07,HYUNDAI,INSTER-A,A1,5D,,1368.0,三陽工業,小客車電動車能效標示114年11月核發資料.csv
e79d440d5768f8ef,TW,import,passenger,bev,2025,2025-11-07,HYUNDAI,INSTER-B,A1,5D,,1407.0,三陽工業,小客車電動車能效標示114年11月核發資料.csv
2f8006290742baa4,TW,import,passenger,bev,2025,2025-11-07,HYUNDAI,INSTER-C,A1,5D,,1437.0,三陽工業,小客車電動車能效標示114年11月核發資料.csv
ee9ef9fcdf7655e2,TW,import,passenger,bev,2025,2025-04-16,HYUNDAI,IONIQ5-K,A1,5D,,2105.0,三陽工業,小客車電動車能效標示114年4月核發資料.csv
37610261fc8fbc01,TW,import,passenger,bev,2025,2025-04-21,HYUNDAI,IONIQ6-E,A1,4D,,2048.0,三陽工業,小客車電動車能效標示114年4月核發資料.csv
495538224a5b59e7,TW,import,passenger,ice,2025,2025-01-17,HYUNDAI,Santa Fe-F,A6,5D,1598.0,2101.0,三陽工業,進口小客車車型耗能證明114年1月核發資料.csv
47610828119604a0,TW,import,passenger,ice,2025,2025-05-13,HYUNDAI,Santa Fe-G,A6,5D,1598.0,2152.0,三陽工業,進口小客車車型耗能證明114年5月核發資料.csv
75940cc6f4347c68,TW,import,passenger,ice,2025,2025-02-05,KIA,CEED SW PE M1.5B,A7,5D,1482.0,1514.0,台灣森那美,進口小客車車型耗能證明114年2月核發資料.csv
28dba3b55debe75e,TW,import,passenger,bev,2025,2025-06-11,KIA,EV6 PE AIR LR,A1,5D,,2081.0,台灣森那美,小客車電動車能效標示114年6月核發資料.csv
ea50f04e1b91a974,TW,import,passenger,bev,2025,2025-06-11,KIA,EV6 PE GT LINE LA,A1,5D,,2231.0,台灣森那美,小客車電動車能效標示114年6月核發資料.csv
8559299213fee026,TW,import,passenger,bev,2025,2025-06-18,KIA,EV6 PE GT LINE LR,A1,5D,,2098.0,台灣森那美,小客車電動車能效標示114年6月核發資料.csv
088982e851722c26,TW,import,passenger,bev,2025,2025-06-11,KIA,EV6 PE LIGHT SR,A1,5D,,1958.0,台灣森那美,小客車電動車能效標示114年6月核發資料.csv
a59972359ddb12cb,TW,import,passenger,ice,2025,2025-03-04,KIA,PICANTO PE2 A,A5,5D,1197.0,1084.0,台灣森那美,進口小客車車型耗能證明114年3月核發資料.csv
75263daf0ef32bb9,TW,import,passenger,ice,2025,2025-03-13,KIA,PICANTO PE2 B,A5,5D,1197.0,1100.0,台灣森那美,進口小客車車型耗能證明114年3月核發資料.csv
3bb7ec70fa5eb68b,TW,import,passenger,bev,2025,2025-11-28,LEXUS,RZ500e,A1,5D,,2301.0,和泰汽車,小客車電動車能效標示114年11月核發資料.csv
9de989d1febc43a2,TW,import,passenger,bev,2025,2025-11-28,LEXUS,RZ550e,A1,5D,,2323.0,和泰汽車,小客車電動車能效標示114年11月核發資料.csv
d0818d03e59e705a,TW,import,passenger,ice,2025,2025-02-10,LOTUS,EMIRA TURBO SE,A8,2D,1991.0,1596.0,嘉鎷公司,進口小客車車型耗能證明114年2月核發資料.csv
faf557334cf0eb8b,TW,import,passenger,bev,2025,2025-02-12,MASERATI,GRANCABRIO FOLGORE,A1,2D,,2587.0,臺灣蒙地拿,小客車電動車能效標示114年2月核發資料.csv
9cd2850f156d4be8,TW,import,passenger,ice,2025,2025-12-26,MASERATI,GRECALE,A8,5D,1995,2126,臺灣蒙地拿,進口小客車車型耗能證明114年12月核發資料.csv
5f8f18ddce0c589a,TW,import,passenger,ice,2025,2025-05-05,MASERATI,GT2STRADALE,A8,2D,2992.0,1790.0,臺灣蒙地拿,進口小客車車型耗能證明114年5月核發資料.csv
30625f412ae96d79,TW,import,passenger,ice,2025,2025-05-28,MAZDA,CX-5 2WD-P,A6,5D,1998.0,1662.0,台灣馬自達,進口小客車車型耗能證明114年5月核發資料.csv
d4a90f3db9ad9fb3,TW,import,passenger,ice,2025,2025-05-28,MAZDA,CX-5 AWD-P,A6,5D,2488.0,1798.0,台灣馬自達,進口小客車車型耗能證明114年5月核發資料.csv
ae9abf8cf8117d25,TW,import,passenger,ice,2025,2025-05-28,MAZDA,CX-60 2WD-P,A8,5D,2488.0,1817.0,台灣馬自達,進口小客車車型耗能證明114年5月核發資料.csv
7325a6ee32a42c4b,TW,import,passenger,ice,2025,2025-05-28,MAZDA,CX-60 AWD,A8,5D,2488.0,1898.0,台灣馬自達,進口小客車車型耗能證明114年5月核發資料.csv
0a9c0eaecbc61ad5,TW,import,passenger,ice,2025,2025-05-28,MAZDA,CX-60 AWD,A8,5D,3283.0,2040.0,台灣馬自達,進口小客車車型耗能證明114年5月核發資料.csv
ace15051a656c56c,TW,import,passenger,ice,2025,2025-05-29,MAZDA,CX-90 AWD-P,A8,5D,3283.0,2316.0,台灣馬自達,進口小客車車型耗能證明114年5月核發資料.csv
e848d2b1df297be1,TW,import,passenger,ice,2025,2025-05-28,MAZDA,CX-90 AWD-R,A8,5D,3283.0,2228.0,台灣馬自達,進口小客車車型耗能證明114年5月核發資料.csv
f8a1beaec5d2f1f2,TW,import,passenger,ice,2025,2025-05-09,MERCEDES-BENZ,AMG A 45 S 4MATIC+,A8,5D,1991.0,1753.0,台灣賓士,進口小客車車型耗能證明114年5月核發資料.csv
b98ce0f95b1db6cf,TW,import,passenger,bev,2025,2025-12-24,MERCEDES-BENZ,AMG EQE 53 4MATIC+,A1,5D,,2764.0,台灣賓士,小客車電動車能效標示114年12月核發資料.csv
a9c81888b146781b,TW,import,passenger,ice,2025,2025-08-12,MERCEDES-BENZ,AMG GLC 43 4MATIC,A9,5D,1991.0,2101.0,台灣賓士,進口小客車車型耗能證明114年8月核發資料.csv
9231dc44c762b93e,TW,import,passenger,ice,2025,2025-08-12,MERCEDES-BENZ,AMG GLC 43 4MATIC Coupe,A9,5D,1991.0,2101.0,台灣賓士,進口小客車車型耗能證明114年8月核發資料.csv
83d589ccbefc1d96,TW,import,passenger,ice,2025,2025-12-29,MERCEDES-BENZ,C 180,A9,4D,1496.0,1760.0,台灣賓士,進口小客車車型耗能證明114年12月核發資料.csv
d46e3689553e2e40,TW,import,passenger,ice,2025,2025-12-23,MERCEDES-BENZ,C 200,A9,4D,1496.0,1793.0,台灣賓士,進口小客車車型耗能證明114年12月核發資料.csv
04979080d2b77c09,TW,import,passenger,ice,2025,2025-12-23,MERCEDES-BENZ,C 300,A9,4D,1999.0,1851.0,台灣賓士,進口小客車車型耗能證明114年12月核發資料.csv
7fcbae9640a4fd42,TW,import,passenger,ice,2025,2025-07-15,MERCEDES-BENZ,CLE 200,A9,2D,1999.0,1840.0,台灣賓士,進口小客車車型耗能證明114年7月核發資料.csv
ce09e84e7041c13b,TW,import,passenger,ice,2025,2025-07-15,MERCEDES-BENZ,CLE 200 Cabriolet,A9,2D,1999.0,1983.0,台灣賓士,進口小客車車型耗能證明114年7月核發資料.csv
18d2c051d4890d85,TW,import,passenger,ice,2025,2025-07-15,MERCEDES-BENZ,CLE 300 4MATIC,A9,2D,1999.0,1943.0,台灣賓士,進口小客車車型耗能證明114年7月核發資料.csv
80968dcfe8553c19,TW,import,passenger,bev,2025,2025-03-28,MERCEDES-BENZ,EQA 250+,A1,5D,,2104.0,台灣賓士,小客車電動車能效標示114年3月核發資料.csv
66824b0302c1c173,TW,import,passenger,bev,2025,2025-04-09,MERCEDES-BENZ,EQB 300 4MATIC,A1,5D,,2284.0,台灣賓士,小客車電動車能效標示114年4月核發資料.csv
987d42556d237136,TW,import,passenger,bev,2025,2025-09-24,MERCEDES-BENZ,EQE 300,A1,5D,,2474.0,台灣賓士,小客車電動車能效標示114年9月核發資料.csv
648ab02fea542205,TW,import,passenger,bev,2025,2025-09-24,MERCEDES-BENZ,EQE 350 4MATIC,A1,5D,,2627.0,台灣賓士,小客車電動車能效標示114年9月核發資料.csv
eb00f3916af0321d,TW,import,passenger,bev,2025,2025-09-24,MERCEDES-BENZ,EQE 350+,A1,4D,,2487.0,台灣賓士,小客車電動車能效標示114年9月核發資料.csv
16b7f198fc840dcb,TW,import,passenger,bev,2025,2025-04-21,MERCEDES-BENZ,EQS 450 4MATIC,A1,4D,,2781.0,台北市公會,小客車電動車能效標示114年4月核發資料.csv
e812a38f2a9653ca,TW,import,passenger,bev,2025,2025-04-21,MERCEDES-BENZ,EQS 450 4MATIC,A1,5D,,2933.0,台北市公會,小客車電動車能效標示114年4月核發資料.csv
a2d471d553570a44,TW,import,passenger,bev,2025,2025-02-04,MERCEDES-BENZ,EQS 450+,A1,4D,,2643.0,台中市公會,小客車電動車能效標示114年2月核發資料.csv
3e8fb4c2437d73d6,TW,import,passenger,bev,2025,2025-04-21,MERCEDES-BENZ,EQS 450+,A1,5D,,2824.0,台北市公會,小客車電動車能效標示114年4月核發資料.csv
1b99cb9727209c84,TW,import,passenger,ice,2025,2025-01-21,MERCEDES-BENZ,GLC 200 4MATIC,A9,5D,1999.0,1977.0,台灣賓士,進口小客車車型耗能證明114年1月核發資料.csv
2a1e23dc26bee046,TW,import,passenger,ice,2025,2025-01-24,MERCEDES-BENZ,GLC 200 4MATIC Coupe,A9,5D,1999.0,1994.0,台灣賓士,進口小客車車型耗能證明114年1月核發資料.csv
ead17fc20771b669,TW,import,passenger,ice,2025,2025-02-05,MERCEDES-BENZ,GLC 200 4MATIC Coupe,A9,5D,1999.0,1967.0,台灣賓士,進口小客車車型耗能證明114年2月核發資料.csv
a794b5f6b954f5ff,TW,import,passenger,ice,2025,2025-01-21,MERCEDES-BENZ,GLC 300 4MATIC,A9,5D,1999.0,1981.0,台灣賓士,進口小客車車型耗能證明114年1月核發資料.csv
ed31e2a0b61d4b8e,TW,import,passenger,ice,2025,2025-01-24,MERCEDES-BENZ,GLC 300 4MATIC Coupe,A9,5D,1999.0,2024.0,台灣賓士,進口小客車車型耗能證明114年1月核發資料.csv
f93a132baeaf5943,TW,import,passenger,ice,2025,2025-02-26,MINI,MINI COOPER CONVERTIBLE S,A7,2D,1998.0,1541.0,汎德公司,進口小客車車型耗能證明114年2月核發資料.csv
5b7007953e1c9b8f,TW,import,passenger,bev,2025,2025-02-25,MINI,MINI COUNTRYMAN E,A1,5D,,2019.0,汎德公司,小客車電動車能效標示114年2月核發資料.csv
77376571e65babeb,TW,import,passenger,ice,2025,2025-02-07,MINI,MINI JCW,A7,3D,1998.0,1495.0,汎德公司,進口小客車車型耗能證明114年2月核發資料.csv
227c5115d9f1ae8a,TW,import,passenger,ice,2025,2025-12-08,MINI,MINI JCW CONVERTIBLE,A7,2D,1998.0,1571.0,汎德公司,進口小客車車型耗能證明114年12月核發資料.csv
2c744a33305012a7,TW,import,passenger,ice,2025,,Mercedes-AMG,Maybach SL 680,A9,2D,3982.0,2094.0,台灣賓士,進口小客車車型耗能證明114年11月核發資料.csv
358993a535fb3132,TW,import,passenger,ice,2025,2025-10-08,OPEL,COMBO LIFE,A8,5D,1499.0,1747.0,歐吉汽車,進口小客車車型耗能證明114年10月核發資料.csv
2a359c7a343f841c,TW,import,passenger,ice,2025,2025-01-08,PEUGEOT,2008 HYBRID,A6,5D,1199.0,1432.0,寶嘉聯合,進口小客車車型耗能證明114年1月核發資料.csv
0364e5fab3c8dfe1,TW,import,passenger,ice,2025,2025-05-09,PEUGEOT,3008 HYBRID,A6,5D,1199.0,1755.0,寶嘉聯合,進口小客車車型耗能證明114年5月核發資料.csv
82fcfa645b7bc907,TW,import,passenger,ice,2025,2025-01-08,PEUGEOT,408 HYBRID,A6,5D,1199.0,1607.0,寶嘉聯合,進口小客車車型耗能證明114年1月核發資料.csv
817f963960a8505a,TW,import,passenger,ice,2025,2025-05-09,PEUGEOT,5008 HYBRID,A6,5D,1199.0,1855.0,寶嘉聯合,進口小客車車型耗能證明114年5月核發資料.csv
7b4352af87ca4773,TW,import,passenger,bev,2025,2025-10-20,PEUGEOT,E3008 (157kW),A1,5D,,2276.0,寶嘉聯合,小客車電動車能效標示114年10月核發資料.csv
f1fa8ad9ddf0281f,TW,import,passenger,bev,2025,2025-12-24,PEUGEOT,E5008 (157kW),A1,5D,,2379.0,寶嘉聯合,小客車電動車能效標示114年12月核發資料.csv
1f77394be253f0b4,TW,import,passenger,ice,2025,2025-01-24,PORSCHE,911 CARRERA 4 GTS,A8,2D,3591.0,1778.0,台灣保時捷,進口小客車車型耗能證明114年1月核發資料.csv
35680fb409b7fc52,TW,import,passenger,ice,2025,2025-01-24,PORSCHE,911 CARRERA 4 GTS CABRIOLET,A8,2D,3591.0,1855.0,台灣保時捷,進口小客車車型耗能證明114年1月核發資料.csv
0bf48f9b658f7695,TW,import,passenger,ice,2025,2025-02-04,PORSCHE,911 CARRERA GTS,A8,2D,3591.0,1757.0,台灣保時捷,進口小客車車型耗能證明114年2月核發資料.csv
50bd82f6050db34a,TW,import,passenger,ice,2025,2025-02-04,PORSCHE,911 CARRERA GTS,A8,2D,3591.0,1763.0,台灣保時捷,進口小客車車型耗能證明114年2月核發資料.csv
796fa6f585119038,TW,import,passenger,ice,2025,2025-01-24,PORSCHE,911 CARRERA GTS CABRIOLET,A8,2D,3591.0,1809.0,台灣保時捷,進口小客車車型耗能證明114年1月核發資料.csv
2ea0c1f29e4d4305,TW,import,passenger,ice,2025,2025-06-19,PORSCHE,911 CARRERA S,A8,2D,2981.0,1680.0,台灣保時捷,進口小客車車型耗能證明114年6月核發資料.csv
29bd5af7dfa10c5c,TW,import,passenger,ice,2025,2025-03-28,PORSCHE,911 CARRERA T,M6,2D,2981.0,1620.0,台灣保時捷,進口小客車車型耗能證明114年3月核發資料.csv
560c49571d434bcc,TW,import,passenger,ice,2025,2025-03-28,PORSCHE,911 CARRERA T,M6,2D,2981.0,1648.0,台灣保時捷,進口小客車車型耗能證明114年3月核發資料.csv
9c8808a0e7aa87da,TW,import,passenger,ice,2025,2025-10-21,PORSCHE,911 GT3,A7,2D,3996.0,1652.0,台灣保時捷,進口小客車車型耗能證明114年10月核發資料.csv
06fc03f65b5a2dde,TW,import,passenger,ice,2025,2025-06-20,PORSCHE,911 GT3,A7,2D,3996.0,1612.0,台灣保時捷,進口小客車車型耗能證明114年6月核發資料.csv
95d5f865b30ef7b0,TW,import,passenger,ice,2025,2025-06-26,PORSCHE,911 GT3,M6,2D,3996.0,1602.0,台灣保時捷,進口小客車車型耗能證明114年6月核發資料.csv
ed22b657dafbd3fa,TW,import,passenger,ice,2025,2025-06-20,PORSCHE,911 GT3 WITH TOURING PACKAGE,A7,2D,3996.0,1620.0,台灣保時捷,進口小客車車型耗能證明114年6月核發資料.csv
4024d48b70858b7d,TW,import,passenger,ice,2025,2025-06-26,PORSCHE,911 GT3 WITH TOURING PACKAGE,A7,2D,3996.0,1641.0,台灣保時捷,進口小客車車型耗能證明114年6月核發資料.csv
7135f95190de37cc,TW,import,passenger,ice,2025,2025-06-27,PORSCHE,911 GT3 WITH TOURING PACKAGE,M6,2D,3996.0,1606.0,台灣保時捷,進口小客車車型耗能證明114年6月核發資料.csv
ce419ef8d7374781,TW,import,passenger,ice,2025,2025-01-24,PORSCHE,911 TARGA 4 GTS,A8,2D,3591.0,1878.0,台灣保時捷,進口小客車車型耗能證明114年1月核發資料.csv
9e6f97846e6e5505,TW,import,passenger,ice,2025,2025-04-08,PORSCHE,911 TARGA 4 GTS,A8,2D,3591.0,1853.0,台灣保時捷,進口小客車車型耗能證明114年4月核發資料.csv
cd401a9fe95eb368,TW,import,passenger,ice,2025,2025-02-05,PORSCHE,911 TURBO 50 YEARS,A8,2D,3745.0,1768.0,台灣保時捷,進口小客車車型耗能證明114年2月核發資料.csv
368944669d576ea4,TW,import,passenger,bev,2025,2025-04-08,PORSCHE,MACAN,A1,5D,,2329.0,台灣保時捷,小客車電動車能效標示114年4月核發資料.csv
3b35fdae103db1d4,TW,import,passenger,bev,2025,2025-04-18,PORSCHE,MACAN,A1,5D,,2406.0,台灣保時捷,小客車電動車能效標示114年4月核發資料.csv
c6a73675311dd342,TW,import,passenger,bev,2025,2025-04-08,PORSCHE,MACAN 4S,A1,5D,,2501.0,台灣保時捷,小客車電動車能效標示114年4月核發資料.csv
f7c716d39213a156,TW,import,passenger,ice,2025,2025-01-24,PORSCHE,PANAMERA GTS,A8,4D,3996.0,2228.0,台灣保時捷,進口小客車車型耗能證明114年1月核發資料.csv
f86424310e370a79,TW,import,passenger,bev,2025,2025-05-28,PORSCHE,TAYCAN 4,A2,4D,,2295.0,台灣保時捷,小客車電動車能效標示114年5月核發資料.csv
e16c17b534cfcc1c,TW,import,passenger,bev,2025,2025-05-28,PORSCHE,TAYCAN 4 (320kW),A2,4D,,2395.0,台灣保時捷,小客車電動車能效標示114年5月核發資料.csv
04e9ba064528eae5,TW,import,passenger,bev,2025,2025-04-08,PORSCHE,TAYCAN GTS,A2,4D,,2429.0,台灣保時捷,小客車電動車能效標示114年4月核發資料.csv
9ce8a9ff831574e0,TW,import,passenger,bev,2025,2025-04-08,PORSCHE,TAYCAN TURBO GT WITH WEISSACH PACKAGE,A2,4D,,2328.0,台灣保時捷,小客車電動車能效標示114年4月核發資料.csv
75e07ead610c0c70,TW,import,passenger,ice,2025,2025-09-01,ROLLS-ROYCE,BLACK BADGE CULLINAN,A8,5D,6749.0,2942.0,盛惟公司,進口小客車車型耗能證明114年9月核發資料.csv
912e709bfbad724b,TW,import,passenger,ice,2025,2025-01-09,ROLLS-ROYCE,CULLINAN,A8,5D,6749.0,2953.0,盛惟公司,進口小客車車型耗能證明114年1月核發資料.csv
7f46996895536cdd,TW,import,passenger,ice,2025,2025-07-16,ROLLS-ROYCE,GHOST,A8,4D,6749.0,2752.0,盛惟公司,進口小客車車型耗能證明114年7月核發資料.csv
0b4d83060bda9bc9,TW,import,passenger,ice,2025,2025-04-02,ROLLS-ROYCE,GHOST EXTENDED,A8,4D,6749.0,2810.0,盛惟公司,進口小客車車型耗能證明114年4月核發資料.csv
f08215aefe1b8962,TW,import,passenger,bev,2025,2025-01-14,SKODA,ENYAQ RS HATCHBACK,A1,4D,,2424.0,台灣福斯,小客車電動車能效標示114年1月核發資料.csv
7c57c7384787e8bf,TW,import,passenger,ice,2025,2025-01-24,SKODA,KAROQ 1.5 TSI HATCHBACK,A7,4D,1498.0,1475.0,台灣福斯,進口小客車車型耗能證明114年1月核發資料.csv
26de13241a501034,TW,import,passenger,ice,2025,2025-03-05,SKODA,KODIAQ 2.0 TSI HATCHBACK,A7,4D,1984.0,1957.0,台灣福斯,進口小客車車型耗能證明114年3月核發資料.csv
f36f3c9aaa09ca8b,TW,import,passenger,ice,2025,2025-06-19,SKODA,KODIAQ RS 2.0 TSI HATCHBACK,A7,4D,1984.0,1982.0,台灣福斯,進口小客車車型耗能證明114年6月核發資料.csv
e80fa7201273e41a,TW,import,passenger,ice,2025,2025-07-15,SKODA,OCTAVIA COMBI 2.0 TSI HATCHBACK,A7,4D,1984.0,1650.0,台灣福斯,進口小客車車型耗能證明114年7月核發資料.csv
f8a73f6aaa40f910,TW,import,passenger,ice,2025,2025-04-02,SKODA,SUPERB 1.5 TSI eTEC,A7,4D,1498.0,1652.0,台灣福斯,進口小客車車型耗能證明114年4月核發資料.csv
1c48d5d5ff373f19,TW,import,passenger,ice,2025,2025-07-16,SKODA,SUPERB 2.0 TSI,A7,4D,1984.0,1725.0,台灣福斯,進口小客車車型耗能證明114年7月核發資料.csv
969834329b6a4b99,TW,import,passenger,ice,2025,2025-04-02,SKODA,SUPERB 2.0 TSI 4WD,A7,4D,1984.0,1840.0,台灣福斯,進口小客車車型耗能證明114年4月核發資料.csv
633a81c54a65dcb1,TW,import,passenger,ice,2025,2025-04-02,SKODA,SUPERB COMBI 1.5 TSI eTEC HATCHBACK,A7,4D,1498.0,1678.0,台灣福斯,進口小客車車型耗能證明114年4月核發資料.csv
b4c454aab401413a,TW,import,passenger,ice,2025,2025-07-16,SKODA,SUPERB COMBI 2.0 TSI HATCHBACK,A7,4D,1984.0,1773.0,台灣福斯,進口小客車車型耗能證明114年7月核發資料.csv
b8c54f31b0c115bd,TW,import,passenger,ice,2025,2025-04-02,SKODA,SUPERB COMBI 2.0 TSI HATCHBACK 4WD,A7,4D,1984.0,1883.0,台灣福斯,進口小客車車型耗能證明114年4月核發資料.csv
c73c8437aad1237c,TW,import,passenger,ice,2025,2025-12-01,SUBARU,CROSSTREK 2.0i-S EyeSight AWD CVT,CVT,5D,1995.0,1613.0,台灣速霸陸,進口小客車車型耗能證明114年12月核發資料.csv
0a64b753e6f6cefa,TW,import,passenger,ice,2025,2025-04-11,SUBARU,WRX HIGH 4D 2.4 EyeSight AWD CVT,CVT,4D,2387.0,1686.0,台灣速霸陸,進口小客車車型耗能證明114年4月核發資料.csv
749cd5728c05e77b,TW,import,passenger,ice,2025,2025-07-24,SUZUKI,S-CROSS 2WD,A6,5D,1373.0,1338.0,金鈴汽車,進口小客車車型耗能證明114年7月核發資料.csv
6e2ac1aee46c51d1,TW,import,passenger,ice,2025,2025-12-11,SUZUKI,SWIFT GLX 59.6kW,CVT,5D,1197.0,1041.0,金鈴汽車,進口小客車車型耗能證明114年12月核發資料.csv
f58794b17b9e689f,TW,import,passenger,ice,2025,2025-07-30,SUZUKI,VITARA S,A6,5D,1373.0,1315.0,金鈴汽車,進口小客車車型耗能證明114年7月核發資料.csv
1bfd468dd6b4933a,TW,import,passenger,ice,2025,2025-09-12,TOYOTA,GR YARIS,A8,3D,1618.0,1439.0,和泰汽車,進口小客車車型耗能證明114年9月核發資料.csv
038f9f74ebe99fdf,TW,import,passenger,ice,2025,2025-01-13,TOYOTA,GR YARIS,M6,3D,1618.0,1425.0,和泰汽車,進口小客車車型耗能證明114年1月核發資料.csv
d469453a6470ace4,TW,import,passenger,ice,2025,2025-12-17,TOYOTA,RAV4 2WD HYBRID,CVT,5D,2487.0,1731.0,和泰汽車,進口小客車車型耗能證明114年12月核發資料.csv
ea1da4cfcd9f3d9d,TW,import,passenger,ice,2025,2025-12-23,TOYOTA,RAV4 4WD HYBRID,CVT,5D,2487.0,1801.0,和泰汽車,進口小客車車型耗能證明114年12月核發資料.csv
486b4d45d7edaeda,TW,import,passenger,bev,2025,2025-10-27,TOYOTA,bZ4X,A1,5D,,1984.0,和泰汽車,小客車電動車能效標示114年10月核發資料.csv
8842f9a359cad805,TW,import,passenger,bev,2025,2025-11-07,Tesla,Model 3 H6MRB,A1,5D,,1932.0,台灣特斯拉,小客車電動車能效標示114年11月核發資料.csv
c4dc897ad6b57a8e,TW,import,passenger,bev,2025,2025-07-16,Tesla,Model S LR3,A1,5D,,2254.0,台灣特斯拉,小客車電動車能效標示114年7月核發資料.csv
1494051137bea938,TW,import,passenger,bev,2025,2025-08-04,Tesla,Model S Plaid3,A1,5D,,2350.0,台灣特斯拉,小客車電動車能效標示114年8月核發資料.csv
764b1e277b4728b6,TW,import,passenger,bev,2025,2025-05-05,Tesla,Model Y S5MDB,A1,5D,,2177.0,台灣特斯拉,小客車電動車能效標示114年5月核發資料.csv
c4e5d343d5f98ce4,TW,import,passenger,bev,2025,2025-11-10,Tesla,Model Y S5MDB3,A1,5D,,2237.0,台灣特斯拉,小客車電動車能效標示114年11月核發資料.csv
14c58dd66de44686,TW,import,passenger,bev,2025,2025-05-05,Tesla,Model Y S6MRB,A1,5D,,2108.0,台灣特斯拉,小客車電動車能效標示114年5月核發資料.csv
0567f108cdc55c59,TW,import,passenger,ice,2025,2025-05-05,VOLKSWAGEN,GOLF 230 eTSI HATCHBACK,A7,4D,1498.0,1402.0,台灣福斯,進口小客車車型耗能證明114年5月核發資料.csv
93b31969d643e1ba,TW,import,passenger,ice,2025,2025-05-02,VOLKSWAGEN,GOLF 280 eTSI HATCHBACK,A7,4D,1498.0,1444.0,台灣福斯,進口小客車車型耗能證明114年5月核發資料.csv
aa47125fc073d2d2,TW,import,passenger,ice,2025,2025-05-05,VOLKSWAGEN,GOLF GTI HATCHBACK,A7,4D,1984.0,1554.0,台灣福斯,進口小客車車型耗能證明114年5月核發資料.csv
dc598fa8e3c6ff3f,TW,import,passenger,ice,2025,2025-05-05,VOLKSWAGEN,GOLF R HATCHBACK,A7,4D,1984.0,1635.0,台灣福斯,進口小客車車型耗能證明114年5月核發資料.csv
ca55f1e94ce5ce93,TW,import,passenger,ice,2025,2025-05-02,VOLKSWAGEN,GOLF VARIANT 280 eTSI HATCHBACK,A7,4D,1498.0,1514.0,台灣福斯,進口小客車車型耗能證明114年5月核發資料.csv
9b8ff73bc9f6255d,TW,import,passenger,ice,2025,2025-05-14,VOLKSWAGEN,GOLF VARIANT R HATCHBACK,A7,4D,1984.0,1729.0,台灣福斯,進口小客車車型耗能證明114年5月核發資料.csv
7283a0a9e15d3919,TW,import,passenger,ice,2025,2025-05-05,VOLKSWAGEN,PASSAT VARIANT 330 TSI HATCHBACK,A7,4D,1984.0,1736.0,台灣福斯,進口小客車車型耗能證明114年5月核發資料.csv
194e98da7b31e83b,TW,import,passenger,ice,2025,2025-05-02,VOLKSWAGEN,PASSAT VARIANT 430 TSI HATCHBACK,A7,4D,1984.0,1869.0,台灣福斯,進口小客車車型耗能證明114年5月核發資料.csv
43fb82b8d3eaefcb,TW,import,passenger,ice,2025,2025-09-19,VOLKSWAGEN,POLO GTI HATCHBACK,A7,4D,1984.0,1437.0,台灣福斯,進口小客車車型耗能證明114年9月核發資料.csv
38cfd7c6ca142761,TW,import,passenger,ice,2025,2025-12-18,VOLKSWAGEN,T-CROSS 230 TSI HATCHBACK,A7,4D,999.0,1339.0,台灣福斯,進口小客車車型耗能證明114年12月核發資料.csv
fa154e02f811ad40,TW,import,passenger,ice,2025,2025-04-16,VOLKSWAGEN,T-ROC 280 TSI HATCHBACK,A7,4D,1498.0,1431.0,台灣福斯,進口小客車車型耗能證明114年4月核發資料.csv
d37eadfa8d3db59e,TW,import,passenger,ice,2025,2025-04-16,VOLKSWAGEN,T-ROC 330 TSI HATCHBACK,A7,4D,1984.0,1628.0,台灣福斯,進口小客車車型耗能證明114年4月核發資料.csv
55d9c46a855e5b1e,TW,import,passenger,ice,2025,2025-04-16,VOLKSWAGEN,T-ROC R HATCHBACK,A7,4D,1984.0,1672.0,台灣福斯,進口小客車車型耗能證明114年4月核發資料.csv
1407fb8b8afe578c,TW,import,passenger,ice,2025,2025-05-07,VOLKSWAGEN,TIGUAN 280 eTSI HATCHBACK,A7,4D,1498.0,1687.0,台灣福斯,進口小客車車型耗能證明114年5月核發資料.csv
0514c616eb6975eb,TW,import,passenger,ice,2025,2025-05-07,VOLKSWAGEN,TIGUAN 330 TSI HATCHBACK,A7,4D,1984.0,1811.0,台灣福斯,進口小客車車型耗能證明114年5月核發資料.csv
460941557bc34bd1,TW,import,passenger,ice,2025,2025-05-07,VOLKSWAGEN,TIGUAN 430 TSI HATCHBACK,A7,4D,1984.0,1857.0,台灣福斯,進口小客車車型耗能證明114年5月核發資料.csv
7f01ecfae5e937e2,TW,import,passenger,ice,2025,2025-01-10,VOLKSWAGEN,TOURAN 280 TSI HATCHBACK,A7,4D,1498.0,1700.0,台灣福斯,進口小客車車型耗能證明114年1月核發資料.csv
cb0c02f10f7c2e3b,TW,import,passenger,bev,2025,2025-07-11,VOLVO,EC40 Single,A1,5D,,2086.0,國際富豪,小客車電動車能效標示114年7月核發資料.csv
2e3ec6db15de295e,TW,import,passenger,bev,2025,2025-07-28,VOLVO,EX30 Single,A1,5D,,1877.0,國際富豪,小客車電動車能效標示114年7月核發資料.csv
a708bda9f1883402,TW,import,passenger,bev,2025,2025-04-23,VOLVO,EX30 Twin,A1,5D,,1993.0,國際富豪,小客車電動車能效標示114年4月核發資料.csv
d272b108345a4e1c,TW,import,passenger,bev,2025,2025-07-28,VOLVO,EX40 Single,A1,5D,,2090.0,國際富豪,小客車電動車能效標示114年7月核發資料.csv
35d7e7b22304a6f5,TW,domestic,passenger,ice,2025,2025-09-25,三陽,CUSTIN KUG-E,A8,5D,1975.0,1890.0,三陽工業,國產小客車車型耗能證明114年9月核發資料.csv
51000f529e3deb57,TW,domestic,passenger,ice,2025,2025-03-06,三陽,MUFASA NU2G-A,A6,5D,1999.0,1532.0,三陽工業,國產小客車車型耗能證明114年3月核發資料.csv
71ea3edbc9910d4c,TW,domestic,passenger,ice,2025,2025-02-25,三陽,MUFASA NU2G-B,A6,5D,1999.0,1564.0,三陽,國產小客車車型耗能證明114年2月核發資料.csv
ef71f1d39b797764,TW,domestic,passenger,ice,2025,2025-09-26,三陽,MUFASA NU2G-C,A6,5D,1999.0,1533.0,三陽工業,國產小客車車型耗能證明114年9月核發資料.csv
5ae16de0f59ac35c,TW,domestic,passenger,ice,2025,2025-10-14,三陽,TUCSON NX4G-J,A7,5D,1598.0,1629.0,三陽工業,國產小客車車型耗能證明114年10月核發資料.csv
be8865609ebf76b5,TW,domestic,passenger,ice,2025,2025-10-14,三陽,TUCSON NX4G-K,A7,5D,1598.0,1666.0,三陽工業,國產小客車車型耗能證明114年10月核發資料.csv
3950a7751c2ed6ea,TW,domestic,passenger,ice,2025,2025-09-01,三陽,TUCSON NX4H-G,A6,5D,1598.0,1738.0,三陽工業,國產小客車車型耗能證明114年9月核發資料.csv
7fbb37d8d5331cf1,TW,domestic,passenger,ice,2025,2025-10-14,三陽,TUCSON NX4H-H,A6,5D,1598.0,1740.0,三陽工業,國產小客車車型耗能證明114年10月核發資料.csv
04ec6465ead32786,TW,domestic,passenger,ice,2025,2025-10-14,三陽,TUCSON NX4H-J,A6,5D,1598.0,1774.0,三陽工業,國產小客車車型耗能證明114年10月核發資料.csv
65db7c2a21f271ae,TW,domestic,passenger,ice,2025,2025-11-14,中華,XFORCE RV15BA,CVT,5D,1499.0,1342.0,中華汽車,國產小客車車型耗能證明114年11月核發資料.csv
35f7a64fea366958,TW,domestic,passenger,ice,2025,2025-09-05,國瑞,COROLLA HYBRID ZWE211L-GEXXBR,CVT,4D,1798.0,1490.0,國瑞汽車,國產小客車車型耗能證明114年9月核發資料.csv
ee5c98be01c62e99,TW,domestic,passenger,ice,2025,2025-04-14,本田,HR-V B526H1501,A1,5D,1498.0,1468.0,台灣本田,國產小客車車型耗能證明114年4月核發資料.csv
238848b8071cb0bd,TW,domestic,passenger,ice,2025,2025-04-08,本田,HR-V B526H1502,A1,5D,1498.0,1474.0,台灣本田,國產小客車車型耗能證明114年4月核發資料.csv
3670caf3aa1f349f,TW,domestic,passenger,ice,2025,2025-04-08,本田,HR-V B526N1501,CVT,5D,1498.0,1361.0,台灣本田,國產小客車車型耗能證明114年4月核發資料.csv
d4332abdd8bf8c2a,TW,domestic,passenger,ice,2025,2025-08-08,福特六和,TERRITORY CX743-3U,A2,5D,1498.0,1797.0,福特六和,國產小客車車型耗能證明114年8月核發資料.csv
a1823471e66d26c3,TW,domestic,passenger,ice,2025,2025-11-07,福特六和,TERRITORY CX743-6U,A7,5D,1490.0,1704.0,福特六和,國產小客車車型耗能證明114年11月核發資料.csv
70a7b2bf168c5e9f,TW,domestic,passenger,ice,2025,2025-11-05,福特六和,TERRITORY CX743-7U,A7,5D,1490.0,1716.0,福特六和,國產小客車車型耗能證明114年11月核發資料.csv
3f7d8958bc3bf8ac,TW,domestic,passenger,ice,2025,2025-11-12,福特六和,TERRITORY CX743-8U,A2,5D,1498.0,1815.0,福特六和,國產小客車車型耗能證明114年11月核發資料.csv
7c5ae3ee643ab735,TW,domestic,passenger,ice,2025,2025-11-07,福特六和,TERRITORY CX743-9U,A2,5D,1498.0,1825.0,福特六和,國產小客車車型耗能證明114年11月核發資料.csv
90d17354e9e2d0a8,TW,domestic,passenger,ice,2025,2025-07-28,裕隆名爵,MG G50 PLUS G50PLUS15BA,A7,5D,1490.0,1730.0,裕隆汽車,國產小客車車型耗能證明114年7月核發資料.csv
6b0a4a2804a6c6a4,TW,domestic,passenger,bev,2025,2025-09-05,鴻華先進(裕隆),FOXTRON B D21B5S,A1,5D,,2126.0,裕隆汽車,小客車電動車能效標示114年9月核發資料.csv
9f14093e0872385c,TW,domestic,passenger,bev,2025,2025-06-04,鴻華先進(裕隆),FOXTRON B D21C5S,A1,5D,,1970.0,裕隆汽車,小客車電動車能效標示114年6月核發資料.csv
fe6eb29016265b2c,TW,domestic,passenger,bev,2025,2025-11-28,鴻華先進(裕隆),FOXTRON BRIA D21B5S,A1,5D,,2135.0,裕隆汽車,小客車電動車能效標示114年11月核發資料.csv
8bdb952be637dc48,TW,domestic,passenger,bev,2025,2025-11-28,鴻華先進(裕隆),FOXTRON BRIA D21C5S,A1,5D,,1980.0,裕隆汽車,小客車電動車能效標示114年11月核發資料.csv
e41699e1976867bb,TW,import,passenger,bev,2026,2026-04-08,ALFA ROMEO,JUNIOR ELETTRICA 280 Q2,A1,5D,,1739.0,寶嘉聯合,小客車電動車能效標示115年4月核發資料.csv
0c1370430e06ed27,TW,import,passenger,ice,2026,2026-07-08,ASTON MARTIN,DB12 S,A8,2D,3982.0,1963.0,永三汽車,進口小客車車型耗能證明115年7月核發資料.csv
7283a67e4aab3f8f,TW,import,passenger,ice,2026,2026-04-15,ASTON MARTIN,DBX S,A9,5D,3982.0,2389.0,永三汽車,進口小客車車型耗能證明115年4月核發資料.csv
7c798219158f7c05,TW,import,passenger,ice,2026,2026-01-07,ASTON MARTIN,VANQUISH VOLANTE,A8,2D,5204.0,2164.0,永三汽車,進口小客車車型耗能證明115年1月核發資料.csv
36363d1ef64863fa,TW,import,passenger,ice,2026,2026-07-02,Audi,A6 AVANT TFSI quattro 200kW HATCHBACK,A7,4D,1984.0,2114.0,台灣福斯,進口小客車車型耗能證明115年7月核發資料.csv
c503773312257bde,TW,import,passenger,ice,2026,2026-06-01,Audi,A6 TFSI quattro 200kW,A7,4D,1984.0,2103.0,台灣福斯,進口小客車車型耗能證明115年6月核發資料.csv
557e7c2341043525,TW,import,passenger,ice,2026,2026-04-02,Audi,Q3 SPORTBACK TFSI 110kW HATCHBACK HEV,A7,4D,1498.0,1716.0,台灣福斯,進口小客車車型耗能證明115年4月核發資料.csv
bc6ceebedd797075,TW,import,passenger,ice,2026,2026-05-11,Audi,Q3 SPORTBACK TFSI quattro 150kW HATCHBACK,A7,4D,1984.0,1816.0,台灣福斯,進口小客車車型耗能證明115年5月核發資料.csv
747865f3b97ae55c,TW,import,passenger,ice,2026,2026-04-02,Audi,Q3 TFSI 110kW HATCHBACK HEV,A7,4D,1498.0,1722.0,台灣福斯,進口小客車車型耗能證明115年4月核發資料.csv
255154a6b3155ea4,TW,import,passenger,ice,2026,2026-05-12,Audi,Q3 TFSI quattro 150kW HATCHBACK,A7,4D,1984.0,1843.0,台灣福斯,進口小客車車型耗能證明115年5月核發資料.csv
a4b79b689cf413ba,TW,import,passenger,bev,2026,2026-06-29,Audi,Q6 SPORTBACK e-tron quattro HATCHBACK 315kW,A1,4D,,2585.0,台灣福斯,小客車電動車能效標示115年6月核發資料.csv
774e6958dafe25f8,TW,import,passenger,bev,2026,2026-06-29,Audi,Q6 e-tron quattro HATCHBACK 315kW,A1,4D,,2595.0,台灣福斯,小客車電動車能效標示115年6月核發資料.csv
4efaae877faa2c13,TW,import,passenger,ice,2026,2026-04-29,BENTLEY,BENTAYGA SPEED,A8,5D,3996.0,2824.0,永三汽車,進口小客車車型耗能證明115年4月核發資料.csv
96ce472afef533f8,TW,import,passenger,ice,2026,2026-05-29,BMW,318I TOURING,A8,5D,1998.0,1793.0,汎德公司,進口小客車車型耗能證明115年5月核發資料.csv
b6a3bd298a4a3acf,TW,import,passenger,bev,2026,2026-06-16,BMW,BMW IX1 EDRIVE20,A1,5D,,2042.0,汎德公司,小客車電動車能效標示115年6月核發資料.csv
8dc5d9ec466cf79f,TW,import,passenger,bev,2026,2026-06-23,BMW,BMW IX1 XDRIVE30,A1,5D,,2179.0,汎德公司,小客車電動車能效標示115年6月核發資料.csv
a9ce7a6fbfe855b1,TW,import,passenger,bev,2026,2026-06-23,BMW,BMW IX2 XDRIVE30,A1,5D,,2182.0,汎德公司,小客車電動車能效標示115年6月核發資料.csv
6beef4aa6ea90f68,TW,import,passenger,ice,2026,2026-07-07,BMW,M240I XDRIVE COUPE MX,A8,2D,2998.0,1917.0,汎德公司,進口小客車車型耗能證明115年7月核發資料.csv
87b7954648542fea,TW,import,passenger,ice,2026,2026-06-01,BMW,M340I XDRIVE TOURING,A8,5D,2998.0,2048.0,汎德公司,進口小客車車型耗能證明115年6月核發資料.csv
b0309f0ca1bb76fa,TW,import,passenger,ice,2026,2026-05-29,BMW,M440I XDRIVE COUPE,A8,2D,2998.0,1950.0,汎德公司,進口小客車車型耗能證明115年5月核發資料.csv
212165074fc6d6c6,TW,import,passenger,ice,2026,2026-04-17,CITROEN,C5 AIRCROSS HYBRID,A6,5D,1199.0,1743.0,寶嘉聯合,進口小客車車型耗能證明115年4月核發資料.csv
f1786cd69db20181,TW,import,passenger,ice,2026,2026-04-10,FERRARI,AMALFI,A8,2D,3855.0,1824.0,臺灣蒙地拿,進口小客車車型耗能證明115年4月核發資料.csv
db59e35154d20ace,TW,import,passenger,ice,2026,2026-06-23,FERRARI,FERRARI F80,A8,2D,2992.0,1851.0,臺灣蒙地拿,進口小客車車型耗能證明115年6月核發資料.csv
834d4d203f94fe50,TW,import,passenger,ice,2026,2026-02-24,HONDA,PRELUDE,A1,3D,1993.0,1562.0,本田公司,進口小客車車型耗能證明115年2月核發資料.csv
72aa1ceb1546db99,TW,import,passenger,ice,2026,2026-04-29,HONDA,ZR-V EX HEV,A1,5D,1993.0,1659.0,本田公司,進口小客車車型耗能證明115年4月核發資料.csv
9aad3eaa732b6e48,TW,import,passenger,ice,2026,2026-02-06,HYUNDAI,Santa Fe-H HEV,A6,5D,1598.0,2008.0,三陽工業,進口小客車車型耗能證明115年2月核發資料.csv
d54c926bc938ffbb,TW,import,passenger,ice,2026,2026-03-02,HYUNDAI,Santa Fe-I HEV,A6,5D,1598.0,2045.0,三陽工業,進口小客車車型耗能證明115年3月核發資料.csv
5cc9934b9545c6d6,TW,import,passenger,ice,2026,2026-02-06,HYUNDAI,Santa Fe-J HEV,A6,5D,1598.0,2100.0,三陽工業,進口小客車車型耗能證明115年2月核發資料.csv
ef2ca1b7e7cc24b8,TW,import,passenger,ice,2026,2026-02-04,HYUNDAI,Santa Fe-K HEV,A6,5D,1598.0,2074.0,三陽工業,進口小客車車型耗能證明115年2月核發資料.csv
793e6f08af8a2e4f,TW,import,passenger,ice,2026,2026-03-02,HYUNDAI,Santa Fe-L HEV,A6,5D,1598.0,2149.0,三陽工業,進口小客車車型耗能證明115年3月核發資料.csv
d53b955e3f48016d,TW,import,passenger,ice,2026,2026-02-04,HYUNDAI,Santa Fe-M HEV,A6,5D,1598.0,2166.0,三陽工業,進口小客車車型耗能證明115年2月核發資料.csv
0f3ddc0845df6340,TW,import,passenger,ice,2026,2026-03-02,HYUNDAI,Santa Fe-N HEV,A6,5D,1598.0,2138.0,三陽工業,進口小客車車型耗能證明115年3月核發資料.csv
ec2f80d44de1ff9d,TW,import,passenger,ice,2026,2026-03-02,HYUNDAI,Santa Fe-O HEV,A6,5D,1598.0,2163.0,三陽工業,進口小客車車型耗能證明115年3月核發資料.csv
3eed34296c2599a9,TW,import,passenger,ice,2026,2026-04-29,KIA,SPORTAGE PE C1 2WD HEV,A6,5D,1598.0,1806.0,台灣森那美,進口小客車車型耗能證明115年4月核發資料.csv
677befec91a881bf,TW,import,passenger,ice,2026,2026-04-23,KIA,SPORTAGE PE C2 2WD HEV,A6,5D,1598.0,1764.0,台灣森那美,進口小客車車型耗能證明115年4月核發資料.csv
530e99a6479a78c2,TW,import,passenger,ice,2026,2026-04-29,KIA,SPORTAGE PE X1 4WD,A8,5D,1598.0,1751.0,台灣森那美,進口小客車車型耗能證明115年4月核發資料.csv
fdcad7cfe214ff00,TW,import,passenger,ice,2026,2026-05-20,KIA,STONIC PE2 M1.0A,A7,5D,998.0,1328.0,台灣森那美,進口小客車車型耗能證明115年5月核發資料.csv
ba93ac35af8559a3,TW,import,passenger,ice,2026,2026-03-20,KIA,STONIC PE2 M1.0B,A7,5D,998.0,1336.0,台灣森那美,進口小客車車型耗能證明115年3月核發資料.csv
5bac5e9ecd0756fe,TW,import,passenger,ice,2026,2026-03-27,LEXUS,ES300h HYBRID,CVT,4D,1987.0,1887.0,和泰汽車,進口小客車車型耗能證明115年3月核發資料.csv
487e5a1c0bedcaab,TW,import,passenger,ice,2026,2026-03-27,LEXUS,ES300h HYBRID,CVT,4D,1987.0,1858.0,和泰汽車,進口小客車車型耗能證明115年3月核發資料.csv
4b1be205da8c8230,TW,import,passenger,bev,2026,2026-04-22,LEXUS,ES500e,A1,4D,,2366.0,和泰汽車,小客車電動車能效標示115年4月核發資料.csv
fad0885e6e73d55d,TW,import,passenger,ice,2026,2026-01-07,LEXUS,IS300h HYBRID,CVT,4D,2494.0,1861.0,和泰汽車,進口小客車車型耗能證明115年1月核發資料.csv
073ae49ca727e382,TW,import,passenger,bev,2026,2026-06-29,LEXUS,RZ500e,A1,5D,,2275.0,和泰汽車,小客車電動車能效標示115年6月核發資料.csv
45bde1e28be8ebb7,TW,import,passenger,ice,2026,2026-02-11,LEXUS,UX300h HYBRID,CVT,5D,1987.0,1613.0,和泰汽車,進口小客車車型耗能證明115年2月核發資料.csv
ff78cd0fe1b56063,TW,import,passenger,ice,2026,2026-06-23,MERCEDES-BENZ,A 180,A7,5D,1332.0,1524.0,台灣賓士,進口小客車車型耗能證明115年6月核發資料.csv
5f1b1605e3fe079a,TW,import,passenger,ice,2026,2026-01-07,MERCEDES-BENZ,AMG C 43 4MATIC,A9,4D,1991.0,1937.0,台灣賓士,進口小客車車型耗能證明115年1月核發資料.csv
76aa4527f9c00924,TW,import,passenger,ice,2026,2026-07-17,MERCEDES-BENZ,AMG GLC 53 4MATIC+,A9,5D,2998.0,2231.0,台灣賓士,進口小客車車型耗能證明115年7月核發資料.csv
7d74931188000c3b,TW,import,passenger,ice,2026,2026-07-17,MERCEDES-BENZ,AMG GLC 53 4MATIC+ Coupe,A9,5D,2998.0,2238.0,台灣賓士,進口小客車車型耗能證明115年7月核發資料.csv
01e68b11277b15c6,TW,import,passenger,ice,2026,2026-03-11,MERCEDES-BENZ,CLA 180,A8,4D,1499.0,1812.0,台灣賓士,進口小客車車型耗能證明115年3月核發資料.csv
85287e510bb7a00e,TW,import,passenger,ice,2026,2026-07-21,MERCEDES-BENZ,CLA 180,A8,5D,1499.0,1814.0,台灣賓士,進口小客車車型耗能證明115年7月核發資料.csv
d409e99628cd1591,TW,import,passenger,ice,2026,2026-02-04,MERCEDES-BENZ,CLA 180 (HEV),A8,4D,1499.0,1809.0,台灣賓士,進口小客車車型耗能證明115年2月核發資料.csv
e282deaf94a279cd,TW,import,passenger,bev,2026,2026-03-12,MERCEDES-BENZ,CLA 200,A2,4D,,2163.0,台灣賓士,小客車電動車能效標示115年3月核發資料.csv
daa15720ae68d2cb,TW,import,passenger,bev,2026,2026-07-12,MERCEDES-BENZ,CLA 200,A2,5D,,2206.0,台灣賓士,小客車電動車能效標示115年7月核發資料.csv
ce13da15bdef7b41,TW,import,passenger,ice,2026,2026-03-09,MERCEDES-BENZ,CLA 220,A8,4D,1499.0,1812.0,台灣賓士,進口小客車車型耗能證明115年3月核發資料.csv
74ad1df3883881be,TW,import,passenger,ice,2026,2026-02-04,MERCEDES-BENZ,CLA 220 (HEV),A8,4D,1499.0,1828.0,台灣賓士,進口小客車車型耗能證明115年2月核發資料.csv
8e03be3c44cd21c2,TW,import,passenger,bev,2026,2026-03-12,MERCEDES-BENZ,CLA 250+,A2,4D,,2167.0,台灣賓士,小客車電動車能效標示115年3月核發資料.csv
62924f168cdc8a5c,TW,import,passenger,bev,2026,2026-07-09,MERCEDES-BENZ,CLA 250+,A2,5D,,2211.0,台灣賓士,小客車電動車能效標示115年7月核發資料.csv
e24b8e9a549c2f43,TW,import,passenger,ice,2026,2026-05-27,MERCEDES-BENZ,Mercedes-Maybach S 580,A9,4D,3982.0,2604.0,台灣賓士,進口小客車車型耗能證明115年5月核發資料.csv
0bfcd7824b90a497,TW,import,passenger,ice,2026,2026-05-27,MERCEDES-BENZ,S 350 d 4MATIC,A9,4D,2989.0,2419.0,台灣賓士,進口小客車車型耗能證明115年5月核發資料.csv
f52cbc436e1de974,TW,import,passenger,ice,2026,2026-05-27,MERCEDES-BENZ,S 450 4MATIC,A9,4D,2998.0,2400.0,台灣賓士,進口小客車車型耗能證明115年5月核發資料.csv
b8ef3780521d6834,TW,import,passenger,ice,2026,2026-06-02,MERCEDES-BENZ,S 580 4MATIC,A9,4D,3982.0,2489.0,台灣賓士,進口小客車車型耗能證明115年6月核發資料.csv
07b74df543a652bc,TW,import,passenger,bev,2026,2026-07-02,MINI,MINI COUNTRYMAN E,A1,5D,,2032.0,汎德公司,小客車電動車能效標示115年7月核發資料.csv
f1dbb611bd817786,TW,import,passenger,bev,2026,2026-07-02,MINI,MINI COUNTRYMAN SE ALL4,A1,5D,,2164.0,汎德公司,小客車電動車能效標示115年7月核發資料.csv
07629a6ecb073cb2,TW,import,passenger,ice,2026,2026-06-04,PEUGEOT,208 HYBRID (HATCHBACK),A6,4D,1199.0,1301.0,寶嘉聯合,進口小客車車型耗能證明115年6月核發資料.csv
77ca2f2c1701201d,TW,import,passenger,ice,2026,2026-01-15,PEUGEOT,408,A8,5D,1598.0,1615.0,寶嘉聯合,進口小客車車型耗能證明115年1月核發資料.csv
3679ffde1822d43e,TW,import,passenger,ice,2026,2026-07-23,PORSCHE,911 CARRERA 4S,A8,2D,2981.0,1732.0,台灣保時捷,進口小客車車型耗能證明115年7月核發資料.csv
6c937c2ec64b88e9,TW,import,passenger,ice,2026,2026-04-27,PORSCHE,911 TURBO S,A8,2D,3591.0,1856.0,台灣保時捷,進口小客車車型耗能證明115年4月核發資料.csv
9d8581806269480c,TW,import,passenger,ice,2026,2026-04-27,PORSCHE,911 TURBO S CABRIOLET,A8,2D,3591.0,1922.0,台灣保時捷,進口小客車車型耗能證明115年4月核發資料.csv
4167de12eacf28e2,TW,import,passenger,bev,2026,2026-05-15,PORSCHE(註一),MACAN GTS,A1,5D,,2550.0,台灣保時捷,小客車電動車能效標示115年5月核發資料.csv
5f8efc89b3266975,TW,import,passenger,ice,2026,2026-06-29,ROLLS-ROYCE,PHANTOM,A8,4D,6749.0,2960.0,盛惟公司,進口小客車車型耗能證明115年6月核發資料.csv
df63e56fb28e3517,TW,import,passenger,ice,2026,2026-01-30,ROLLS-ROYCE,PHANTOM EXTENDED,A8,4D,6749.0,3011.0,盛惟公司,進口小客車車型耗能證明115年1月核發資料.csv
00aaab211a9cb32b,TW,import,passenger,ice,2026,2026-04-15,SKODA,OCTAVIA 1.5 TSI eTEC 85,A7,4D,1498.0,1531.0,台灣福斯,進口小客車車型耗能證明115年4月核發資料.csv
02c31c6371381479,TW,import,passenger,ice,2026,2026-01-23,SUBARU,FORESTER 2.5i-L AWD CVT,CVT,5D,2498.0,1706.0,台灣速霸陸,進口小客車車型耗能證明115年1月核發資料.csv
40fc8e6934fe7325,TW,import,passenger,ice,2026,2026-01-21,SUBARU,FORESTER 2.5i-S AWD CVT,CVT,5D,2498.0,1708.0,台灣速霸陸,進口小客車車型耗能證明115年1月核發資料.csv
ff0517a0e65610dc,TW,import,passenger,ice,2026,2026-04-20,SUBARU,FORESTER 2.5i-S Hybrid AWD CVT,CVT,5D,2498.0,1854.0,台灣速霸陸,進口小客車車型耗能證明115年4月核發資料.csv
0665aace0e7eccde,TW,import,passenger,bev,2026,2026-04-02,SUBARU,SOLTERRA XT,A1,5D,,2117.0,台灣速霸陸,小客車電動車能效標示115年4月核發資料.csv
befcba3d00e076fc,TW,import,passenger,ice,2026,2026-04-14,SUZUKI,JIMNY GLX,A4,3D,1462.0,1227.0,金鈴汽車,進口小客車車型耗能證明115年4月核發資料.csv
94595d4db0178358,TW,import,passenger,ice,2026,2026-04-08,SUZUKI,S-CROSS 2WD,A6,5D,1373.0,1344.0,金鈴汽車,進口小客車車型耗能證明115年4月核發資料.csv
3e35324722456a7e,TW,import,passenger,ice,2026,2026-04-27,SUZUKI,VITARA S ALLGRIP,A6,5D,1373.0,1380.0,金鈴汽車,進口小客車車型耗能證明115年4月核發資料.csv
57fc058cd9811ef1,TW,import,passenger,bev,2026,2026-01-02,SUZUKI,e VITARA 2WD,A1,5D,,1897.0,金鈴汽車,小客車電動車能效標示115年1月核發資料.csv
0444783f43b55a38,TW,import,passenger,bev,2026,2026-01-02,SUZUKI,e VITARA ALLGRIP-e,A1,5D,,2000.0,金鈴汽車,小客車電動車能效標示115年1月核發資料.csv
02868b1bd83d9219,TW,import,passenger,bev,2026,2026-02-06,TOYOTA,Urban Cruiser,A1,5D,,1894.0,和泰汽車,小客車電動車能效標示115年2月核發資料.csv
270766d1ff9bf01c,TW,import,passenger,bev,2026,2026-04-16,Tesla,Model 3 HBMRB,A1,5D,,1848.0,台灣特斯拉,小客車電動車能效標示115年4月核發資料.csv
e31c631265d67ff7,TW,import,passenger,bev,2026,2026-01-19,Tesla,Model 3 HE3RB,A1,5D,,1890.0,台灣特斯拉,小客車電動車能效標示115年1月核發資料.csv
cc2c33bafe38576d,TW,import,passenger,bev,2026,2026-06-16,Tesla,Model 3 HE5DP,A1,5D,,2003.0,台灣特斯拉,小客車電動車能效標示115年6月核發資料.csv
62c9f01b03e57777,TW,import,passenger,bev,2026,2026-02-03,Tesla,Model Y S5MDP,A1,5D,,2203.0,台灣特斯拉,小客車電動車能效標示115年2月核發資料.csv
2da573d724c38ee3,TW,import,passenger,ice,2026,2026-07-24,VOLKSWAGEN,GOLF 280 eTSI HATCHBACK,A7,4D,1498.0,1449.0,台灣福斯,進口小客車車型耗能證明115年7月核發資料.csv
ada3f2b14269b786,TW,import,passenger,ice,2026,2026-05-07,VOLKSWAGEN,GOLF GTI EDITION 50 HATCHBACK,A7,4D,1984.0,1541.0,台灣福斯,進口小客車車型耗能證明115年5月核發資料.csv
d7effd1380c95cf3,TW,import,passenger,ice,2026,2026-07-24,VOLKSWAGEN,GOLF VARIANT 280 eTSI HATCHBACK,A7,4D,1498.0,1512.0,台灣福斯,進口小客車車型耗能證明115年7月核發資料.csv
f60636a9b3ab10ba,TW,import,passenger,ice,2026,2026-07-24,VOLKSWAGEN,GOLF VARIANT R HATCHBACK,A7,4D,1984.0,1710.0,台灣福斯,進口小客車車型耗能證明115年7月核發資料.csv
68af4d1606e8c368,TW,import,passenger,ice,2026,2026-06-22,VOLKSWAGEN,T-ROC 280 eTSI HATCHBACK,A7,4D,1498.0,1536.0,台灣福斯,進口小客車車型耗能證明115年6月核發資料.csv
e0f50720252bf4cd,TW,domestic,passenger,ice,2026,2026-03-13,三陽,CUSTIN KUG-D,A8,5D,1975.0,1862.0,三陽工業,國產小客車車型耗能證明115年3月核發資料.csv
1ce6195108a366a3,TW,domestic,passenger,ice,2026,2026-03-13,三陽,CUSTIN KUG-E,A8,5D,1975.0,1889.0,三陽工業,國產小客車車型耗能證明115年3月核發資料.csv
49dc7b58718b8c07,TW,domestic,passenger,ice,2026,2026-04-09,國瑞,COROLLA CROSS HYBRID ZVG10L-EHXGBR,CVT,5D,1798.0,1490.0,國瑞汽車,國產小客車車型耗能證明115年4月核發資料.csv
fcf7a8d389d84172,TW,domestic,passenger,ice,2026,2026-04-08,國瑞,COROLLA CROSS ZSG10L-EHXGKR,CVT,5D,1798.0,1435.0,國瑞汽車,國產小客車車型耗能證明115年4月核發資料.csv
f589b57675dcdbbd,TW,domestic,passenger,ice,2026,2026-04-02,國瑞,COROLLA HYBRID ZWE211L-GEXVBR,CVT,4D,1798.0,1481.0,國瑞汽車,國產小客車車型耗能證明115年4月核發資料.csv
ca2ee477547a9427,TW,domestic,passenger,ice,2026,2026-04-02,國瑞,COROLLA ZRE218L-GEXEKR,CVT,4D,1798.0,1392.0,國瑞汽車,國產小客車車型耗能證明115年4月核發資料.csv
b78b98e25760611a,TW,domestic,passenger,bev,2026,2026-01-14,鴻華先進(裕隆),FOXTRON BRIA D21C5SA,A1,5D,,2011.0,裕隆汽車,小客車電動車能效標示115年1月核發資料.csv
d2af6c4ce862d003,TW,domestic,passenger,bev,2026,2026-01-30,鴻華先進(裕隆),FOXTRON CAVIRA D31B5LX,A1,5D,,2440.0,裕隆汽車,小客車電動車能效標示115年1月核發資料.csv
483242e3b95037b8,TW,domestic,passenger,bev,2026,2026-05-06,鴻華先進(裕隆),FOXTRON CAVIRA D31C5LHA,A1,5D,,2326.0,裕隆汽車,小客車電動車能效標示115年5月核發資料.csv
ecc4a9eb73defed6,TW,domestic,passenger,bev,2026,2026-05-06,鴻華先進(裕隆),FOXTRON CAVIRA D31C5LHB,A1,5D,,2323.0,裕隆汽車,小客車電動車能效標示115年5月核發資料.csv
